hole_id,release_id,dataset_revision_id,axis_id,first_sample_no,last_sample_no,depth_from_m,depth_to_m,n_samples,coverage,robust_distance,mahalanobis,reconstruction_error,anomaly_score,isolation_score,lof_score,max_z,flag,score_reliability,why
05KCD001,fd02659c-dc3d-52ea-a8eb-c032b91e7624,1a5e0eac-2004-5efa-a434-9335b297c7c3,6b1e2af2-3e03-522b-8d23-11615999ad18,0,77,59.0,60.0,78,0.942,3.8343,8.8424,30.2427,61.53,0.4773,1.4463,25.0,normal,high,"Grp2 = oxide (low, >=25.0 sd); Grp1 = oxide (low, >=25.0 sd); Grp2 = misc-silicate (high, >=25.0 sd)"
05KCD001,fd02659c-dc3d-52ea-a8eb-c032b91e7624,1a5e0eac-2004-5efa-a434-9335b297c7c3,6b1e2af2-3e03-522b-8d23-11615999ad18,78,218,60.0,61.0,141,0.948,5.5544,16.5417,29.356,90.6,0.4929,1.5419,25.0,normal,high,"Grp2 = smectite (high, >=25.0 sd); Grp2 = oxide (low, >=25.0 sd); Min1 = montmorillonite (high, >=25.0 sd)"
05KCD001,fd02659c-dc3d-52ea-a8eb-c032b91e7624,1a5e0eac-2004-5efa-a434-9335b297c7c3,6b1e2af2-3e03-522b-8d23-11615999ad18,219,360,61.0,62.0,142,0.946,5.403,14.9872,26.3123,86.34,0.4595,1.6379,25.0,normal,high,"Min1 = montmorillonite (high, >=25.0 sd); Grp2 = oxide (low, >=25.0 sd); Grp1 = smectite (high, >=25.0 sd)"
05KCD001,fd02659c-dc3d-52ea-a8eb-c032b91e7624,1a5e0eac-2004-5efa-a434-9335b297c7c3,6b1e2af2-3e03-522b-8d23-11615999ad18,361,494,62.0,63.0,134,0.952,4.3433,8.2742,20.739,62.2,0.4636,1.5817,25.0,normal,high,"Grp1 = oxide (low, >=25.0 sd); Grp2 = oxide (low, >=25.0 sd); Min1 = aspectral (low, 24.5 sd)"
05KCD001,fd02659c-dc3d-52ea-a8eb-c032b91e7624,1a5e0eac-2004-5efa-a434-9335b297c7c3,6b1e2af2-3e03-522b-8d23-11615999ad18,495,649,63.0,64.0,155,0.946,4.7022,8.8847,39.0074,74.1,0.4665,1.7829,25.0,normal,high,"Grp1 = oxide (low, >=25.0 sd); Grp2 = oxide (low, >=25.0 sd); NIL_Stat sjCLST [sd] (high, >=25.0 sd)"
05KCD001,fd02659c-dc3d-52ea-a8eb-c032b91e7624,1a5e0eac-2004-5efa-a434-9335b297c7c3,6b1e2af2-3e03-522b-8d23-11615999ad18,650,813,64.0,65.0,164,0.935,4.2136,7.422,19.7532,55.44,0.4336,1.0396,25.0,normal,high,"Grp1 = oxide (low, >=25.0 sd); Grp2 = oxide (low, >=25.0 sd); Min1 = aspectral (low, >=25.0 sd)"
05KCD001,fd02659c-dc3d-52ea-a8eb-c032b91e7624,1a5e0eac-2004-5efa-a434-9335b297c7c3,6b1e2af2-3e03-522b-8d23-11615999ad18,814,960,65.0,66.0,147,0.94,4.7699,9.6509,19.6057,66.93,0.4372,1.0842,25.0,normal,high,"Grp2 = oxide (low, >=25.0 sd); Min1 = microcline (high, >=25.0 sd); Grp1 = oxide (low, >=25.0 sd)"
05KCD001,fd02659c-dc3d-52ea-a8eb-c032b91e7624,1a5e0eac-2004-5efa-a434-9335b297c7c3,6b1e2af2-3e03-522b-8d23-11615999ad18,961,1134,66.0,67.0,174,0.935,4.7876,9.1122,11.9228,53.57,0.4063,1.0603,25.0,normal,high,"Grp1 = oxide (low, >=25.0 sd); Grp2 = oxide (low, >=25.0 sd); Min1 = aspectral (low, >=25.0 sd)"
05KCD001,fd02659c-dc3d-52ea-a8eb-c032b91e7624,1a5e0eac-2004-5efa-a434-9335b297c7c3,6b1e2af2-3e03-522b-8d23-11615999ad18,1135,1354,67.0,68.0,220,0.935,4.5102,7.5816,20.6843,60.99,0.4299,1.1026,25.0,normal,high,"Grp2 = oxide (low, >=25.0 sd); Grp1 = oxide (low, >=25.0 sd); Min1 = aspectral (low, >=25.0 sd)"
05KCD001,fd02659c-dc3d-52ea-a8eb-c032b91e7624,1a5e0eac-2004-5efa-a434-9335b297c7c3,6b1e2af2-3e03-522b-8d23-11615999ad18,1355,1517,68.0,69.0,163,0.935,4.0939,7.8456,16.9168,49.08,0.4161,1.0604,25.0,normal,high,"Grp1 = oxide (low, >=25.0 sd); Grp2 = oxide (low, >=25.0 sd); Min1 = aspectral (low, >=25.0 sd)"
05KCD001,fd02659c-dc3d-52ea-a8eb-c032b91e7624,1a5e0eac-2004-5efa-a434-9335b297c7c3,6b1e2af2-3e03-522b-8d23-11615999ad18,1518,1673,69.0,70.0,156,0.942,4.9751,16.0339,22.7044,80.86,0.4719,1.2362,25.0,normal,high,"Grp2 = oxide (low, >=25.0 sd); Grp1 = other-aloh (high, >=25.0 sd); Grp2 = other-aloh (high, >=25.0 sd)"
05KCD001,fd02659c-dc3d-52ea-a8eb-c032b91e7624,1a5e0eac-2004-5efa-a434-9335b297c7c3,6b1e2af2-3e03-522b-8d23-11615999ad18,1674,1836,70.0,71.0,163,0.956,4.7723,10.8621,20.1795,71.93,0.4791,1.1056,25.0,normal,high,"Grp1 = oxide (low, >=25.0 sd); Grp2 = oxide (low, >=25.0 sd); Min1 = aspectral (low, >=25.0 sd)"
05KCD001,fd02659c-dc3d-52ea-a8eb-c032b91e7624,1a5e0eac-2004-5efa-a434-9335b297c7c3,6b1e2af2-3e03-522b-8d23-11615999ad18,1837,1998,71.0,72.0,162,0.948,4.7285,9.7858,26.8309,73.58,0.4691,1.1077,25.0,normal,high,"Grp1 = other-aloh (high, >=25.0 sd); Grp2 = oxide (low, >=25.0 sd); Grp1 = oxide (low, >=25.0 sd)"
05KCD001,fd02659c-dc3d-52ea-a8eb-c032b91e7624,1a5e0eac-2004-5efa-a434-9335b297c7c3,6b1e2af2-3e03-522b-8d23-11615999ad18,1999,2148,72.0,73.0,150,0.956,6.0131,14.1845,45.2337,96.77,0.5263,1.265,25.0,high,high,"Grp1 = smectite (high, >=25.0 sd); Grp2 = oxide (low, >=25.0 sd); Min1 = montmorillonite (high, >=25.0 sd)"
05KCD001,fd02659c-dc3d-52ea-a8eb-c032b91e7624,1a5e0eac-2004-5efa-a434-9335b297c7c3,6b1e2af2-3e03-522b-8d23-11615999ad18,2149,2298,73.0,74.0,150,0.948,5.9305,13.7164,37.2425,95.1,0.5152,1.2132,25.0,high,high,"Grp1 = smectite (high, >=25.0 sd); Grp1 = other-aloh (high, >=25.0 sd); Grp3 = other-aloh (high, >=25.0 sd)"
05KCD001,fd02659c-dc3d-52ea-a8eb-c032b91e7624,1a5e0eac-2004-5efa-a434-9335b297c7c3,6b1e2af2-3e03-522b-8d23-11615999ad18,2299,2451,74.0,75.0,153,0.935,4.5333,8.304,13.6969,53.65,0.4224,1.0323,25.0,normal,high,"Grp2 = oxide (low, >=25.0 sd); Min1 = microcline (high, >=25.0 sd); Min1 = aspectral (low, >=25.0 sd)"
05KCD001,fd02659c-dc3d-52ea-a8eb-c032b91e7624,1a5e0eac-2004-5efa-a434-9335b297c7c3,6b1e2af2-3e03-522b-8d23-11615999ad18,2452,2619,75.0,76.0,168,0.948,4.8618,10.8682,25.3538,76.21,0.4705,1.1437,25.0,normal,high,"Grp1 = oxide (low, >=25.0 sd); Grp1 = other-aloh (high, >=25.0 sd); Grp2 = oxide (low, >=25.0 sd)"
05KCD001,fd02659c-dc3d-52ea-a8eb-c032b91e7624,1a5e0eac-2004-5efa-a434-9335b297c7c3,6b1e2af2-3e03-522b-8d23-11615999ad18,2620,2817,76.0,77.0,198,0.948,4.9083,10.2989,21.9516,72.77,0.4654,1.0886,25.0,normal,high,"Grp2 = oxide (low, >=25.0 sd); Min1 = aspectral (low, >=25.0 sd); Grp1 = oxide (low, >=25.0 sd)"
05KCD001,fd02659c-dc3d-52ea-a8eb-c032b91e7624,1a5e0eac-2004-5efa-a434-9335b297c7c3,6b1e2af2-3e03-522b-8d23-11615999ad18,2818,3028,77.0,78.0,211,0.935,4.5691,7.283,18.7766,55.09,0.4073,1.3541,25.0,normal,high,"Grp1 = oxide (low, >=25.0 sd); Grp2 = oxide (low, >=25.0 sd); Min1 = aspectral (low, >=25.0 sd)"
05KCD001,fd02659c-dc3d-52ea-a8eb-c032b91e7624,1a5e0eac-2004-5efa-a434-9335b297c7c3,6b1e2af2-3e03-522b-8d23-11615999ad18,3029,3231,78.0,79.0,203,0.935,4.3324,7.5736,23.3743,61.32,0.4297,1.0137,25.0,normal,high,"Grp2 = oxide (low, >=25.0 sd); Grp1 = oxide (low, >=25.0 sd); Min1 = aspectral (low, >=25.0 sd)"
05KCD001,fd02659c-dc3d-52ea-a8eb-c032b91e7624,1a5e0eac-2004-5efa-a434-9335b297c7c3,6b1e2af2-3e03-522b-8d23-11615999ad18,3232,3376,79.0,80.0,145,0.944,4.409,8.5113,17.9897,57.99,0.4204,1.0216,25.0,normal,high,"Grp1 = oxide (low, >=25.0 sd); Grp1 = sulphate (high, >=25.0 sd); Grp2 = oxide (low, >=25.0 sd)"
05KCD001,fd02659c-dc3d-52ea-a8eb-c032b91e7624,1a5e0eac-2004-5efa-a434-9335b297c7c3,6b1e2af2-3e03-522b-8d23-11615999ad18,3377,3518,80.0,81.0,142,0.952,4.2879,9.7708,30.029,70.43,0.4771,1.1421,25.0,normal,high,"Grp1 = other-aloh (high, >=25.0 sd); Grp1 = oxide (low, >=25.0 sd); Min1 = aspectral (low, >=25.0 sd)"
05KCD001,fd02659c-dc3d-52ea-a8eb-c032b91e7624,1a5e0eac-2004-5efa-a434-9335b297c7c3,6b1e2af2-3e03-522b-8d23-11615999ad18,3519,3682,81.0,82.0,164,0.935,4.3293,8.0122,32.2055,66.93,0.4468,1.399,25.0,normal,high,"Grp2 = oxide (low, >=25.0 sd); Grp1 = oxide (low, >=25.0 sd); Min1 = aspectral (low, >=25.0 sd)"
05KCD001,fd02659c-dc3d-52ea-a8eb-c032b91e7624,1a5e0eac-2004-5efa-a434-9335b297c7c3,6b1e2af2-3e03-522b-8d23-11615999ad18,3683,3855,82.0,83.0,173,0.935,4.6184,8.1624,15.6351,53.92,0.409,1.0324,25.0,normal,high,"Min1 = microcline (high, >=25.0 sd); Grp1 = oxide (low, >=25.0 sd); Grp2 = oxide (low, >=25.0 sd)"
05KCD001,fd02659c-dc3d-52ea-a8eb-c032b91e7624,1a5e0eac-2004-5efa-a434-9335b297c7c3,6b1e2af2-3e03-522b-8d23-11615999ad18,3856,3995,83.0,84.0,140,0.929,4.1561,7.2871,15.136,43.54,0.4035,1.0168,25.0,normal,high,"Grp1 = oxide (low, >=25.0 sd); Grp2 = oxide (low, >=25.0 sd); Min1 = aspectral (low, >=25.0 sd)"
05KCD001,fd02659c-dc3d-52ea-a8eb-c032b91e7624,1a5e0eac-2004-5efa-a434-9335b297c7c3,6b1e2af2-3e03-522b-8d23-11615999ad18,3996,4171,84.0,85.0,176,0.938,4.5069,7.4572,14.4946,52.13,0.4187,1.0191,25.0,normal,high,"Grp1 = oxide (low, >=25.0 sd); Grp2 = oxide (low, >=25.0 sd); Min1 = aspectral (low, >=25.0 sd)"
05KCD001,fd02659c-dc3d-52ea-a8eb-c032b91e7624,1a5e0eac-2004-5efa-a434-9335b297c7c3,6b1e2af2-3e03-522b-8d23-11615999ad18,4172,4314,85.0,86.0,143,0.954,4.03,6.4683,18.9637,50.29,0.4452,1.0384,25.0,normal,high,"Grp1 = oxide (low, >=25.0 sd); Grp2 = oxide (low, >=25.0 sd); Min1 = aspectral (low, >=25.0 sd)"
05KCD001,fd02659c-dc3d-52ea-a8eb-c032b91e7624,1a5e0eac-2004-5efa-a434-9335b297c7c3,6b1e2af2-3e03-522b-8d23-11615999ad18,4315,4446,86.0,87.0,132,0.935,3.7407,6.6861,23.5225,51.79,0.4266,1.0458,25.0,normal,high,"Grp2 = oxide (low, >=25.0 sd); Grp1 = oxide (low, >=25.0 sd); Min1 = aspectral (low, 24.3 sd)"
05KCD001,fd02659c-dc3d-52ea-a8eb-c032b91e7624,1a5e0eac-2004-5efa-a434-9335b297c7c3,6b1e2af2-3e03-522b-8d23-11615999ad18,4447,4583,87.0,88.0,137,0.935,4.1465,7.9673,21.7761,57.05,0.4254,1.053,25.0,normal,high,"Grp1 = oxide (low, >=25.0 sd); Grp2 = oxide (low, >=25.0 sd); Min1 = aspectral (low, 24.7 sd)"
05KCD001,fd02659c-dc3d-52ea-a8eb-c032b91e7624,1a5e0eac-2004-5efa-a434-9335b297c7c3,6b1e2af2-3e03-522b-8d23-11615999ad18,4584,4732,88.0,89.0,149,0.935,4.4101,8.5931,15.9937,56.28,0.4249,1.0613,25.0,normal,high,"Min1 = aspectral (low, >=25.0 sd); Grp2 = oxide (low, >=25.0 sd); Grp1 = oxide (low, >=25.0 sd)"
05KCD001,fd02659c-dc3d-52ea-a8eb-c032b91e7624,1a5e0eac-2004-5efa-a434-9335b297c7c3,6b1e2af2-3e03-522b-8d23-11615999ad18,4733,4901,89.0,90.0,169,0.935,4.6202,8.633,15.7089,56.61,0.4167,1.0448,25.0,normal,high,"Grp2 = oxide (low, >=25.0 sd); Grp1 = oxide (low, >=25.0 sd); Min1 = aspectral (low, >=25.0 sd)"
05KCD001,fd02659c-dc3d-52ea-a8eb-c032b91e7624,1a5e0eac-2004-5efa-a434-9335b297c7c3,6b1e2af2-3e03-522b-8d23-11615999ad18,4902,5058,90.0,91.0,157,0.935,4.4439,9.1382,32.5312,71.37,0.4469,1.1822,25.0,normal,high,"Grp2 = oxide (low, >=25.0 sd); Grp1 = oxide (low, >=25.0 sd); Min1 = aspectral (low, >=25.0 sd)"
05KCD001,fd02659c-dc3d-52ea-a8eb-c032b91e7624,1a5e0eac-2004-5efa-a434-9335b297c7c3,6b1e2af2-3e03-522b-8d23-11615999ad18,5059,5226,91.0,92.0,168,0.942,4.3393,8.1411,21.6932,60.36,0.4213,1.1342,25.0,normal,high,"Grp2 = oxide (low, >=25.0 sd); Min1 = aspectral (low, >=25.0 sd); Grp1 = oxide (low, >=25.0 sd)"
05KCD001,fd02659c-dc3d-52ea-a8eb-c032b91e7624,1a5e0eac-2004-5efa-a434-9335b297c7c3,6b1e2af2-3e03-522b-8d23-11615999ad18,5227,5386,92.0,93.0,160,0.935,4.7077,9.6945,19.7607,64.68,0.4145,1.099,25.0,normal,high,"Grp2 = oxide (low, >=25.0 sd); Grp1 = oxide (low, >=25.0 sd); Min1 = aspectral (low, >=25.0 sd)"
05KCD001,fd02659c-dc3d-52ea-a8eb-c032b91e7624,1a5e0eac-2004-5efa-a434-9335b297c7c3,6b1e2af2-3e03-522b-8d23-11615999ad18,5387,5524,93.0,94.0,138,0.935,3.851,6.6264,23.367,52.11,0.4289,1.0073,25.0,normal,high,"Grp2 = oxide (low, >=25.0 sd); Grp1 = oxide (low, >=25.0 sd); Grp2 = misc-silicate (high, >=25.0 sd)"
05KCD001,fd02659c-dc3d-52ea-a8eb-c032b91e7624,1a5e0eac-2004-5efa-a434-9335b297c7c3,6b1e2af2-3e03-522b-8d23-11615999ad18,5525,5671,94.0,95.0,147,0.935,4.4072,8.7484,15.4888,55.92,0.4262,1.0324,25.0,normal,high,"Grp1 = oxide (low, >=25.0 sd); Grp2 = oxide (low, >=25.0 sd); Min1 = microcline (high, >=25.0 sd)"
05KCD001,fd02659c-dc3d-52ea-a8eb-c032b91e7624,1a5e0eac-2004-5efa-a434-9335b297c7c3,6b1e2af2-3e03-522b-8d23-11615999ad18,5672,5775,95.0,96.0,104,0.944,4.5855,10.2227,27.0432,73.52,0.4546,1.0581,25.0,normal,high,"Grp1 = sulphate (high, >=25.0 sd); Grp1 = oxide (low, >=25.0 sd); Grp2 = oxide (low, >=25.0 sd)"
05KCD001,fd02659c-dc3d-52ea-a8eb-c032b91e7624,1a5e0eac-2004-5efa-a434-9335b297c7c3,6b1e2af2-3e03-522b-8d23-11615999ad18,5776,5849,96.0,97.0,74,0.94,4.6681,10.3283,31.6663,76.36,0.4801,1.0816,25.0,normal,high,"Grp1 = sulphate (high, >=25.0 sd); Grp2 = oxide (low, >=25.0 sd); Grp1 = oxide (low, >=25.0 sd)"
05KCD001,fd02659c-dc3d-52ea-a8eb-c032b91e7624,1a5e0eac-2004-5efa-a434-9335b297c7c3,6b1e2af2-3e03-522b-8d23-11615999ad18,5850,5934,97.0,98.0,85,0.931,4.566,13.7337,27.5423,79.63,0.5154,1.2042,25.0,normal,high,"Grp1 = sulphate (high, >=25.0 sd); Grp1 = oxide (low, >=25.0 sd); Grp2 = oxide (low, >=25.0 sd)"
05KCD001,fd02659c-dc3d-52ea-a8eb-c032b91e7624,1a5e0eac-2004-5efa-a434-9335b297c7c3,6b1e2af2-3e03-522b-8d23-11615999ad18,5935,6027,98.0,99.0,93,0.931,4.7203,13.1959,30.4145,81.21,0.5141,1.1473,25.0,normal,high,"Grp1 = oxide (low, >=25.0 sd); Grp2 = oxide (low, >=25.0 sd); Grp1 = sulphate (high, >=25.0 sd)"
05KCD001,fd02659c-dc3d-52ea-a8eb-c032b91e7624,1a5e0eac-2004-5efa-a434-9335b297c7c3,6b1e2af2-3e03-522b-8d23-11615999ad18,6028,6135,99.0,100.0,108,0.935,4.9615,12.3596,32.6987,82.36,0.4846,1.2183,25.0,normal,high,"Grp1 = sulphate (high, >=25.0 sd); Grp2 = oxide (low, >=25.0 sd); Grp1 = oxide (low, >=25.0 sd)"
05KCD001,fd02659c-dc3d-52ea-a8eb-c032b91e7624,1a5e0eac-2004-5efa-a434-9335b297c7c3,6b1e2af2-3e03-522b-8d23-11615999ad18,6136,6299,100.0,101.0,164,0.935,4.1261,7.9214,21.7464,57.44,0.4361,1.0782,25.0,normal,high,"Grp2 = oxide (low, >=25.0 sd); Grp1 = oxide (low, >=25.0 sd); Min1 = aspectral (low, >=25.0 sd)"
05KCD001,fd02659c-dc3d-52ea-a8eb-c032b91e7624,1a5e0eac-2004-5efa-a434-9335b297c7c3,6b1e2af2-3e03-522b-8d23-11615999ad18,6300,6422,101.0,102.0,123,0.935,3.9137,8.235,16.6214,48.06,0.4243,1.5372,25.0,normal,high,"Grp2 = oxide (low, >=25.0 sd); Grp1 = oxide (low, >=25.0 sd); Min1 = aspectral (low, 23.4 sd)"
05KCD001,fd02659c-dc3d-52ea-a8eb-c032b91e7624,1a5e0eac-2004-5efa-a434-9335b297c7c3,6b1e2af2-3e03-522b-8d23-11615999ad18,6423,6590,102.0,103.0,168,0.935,3.9821,6.2225,19.9684,45.93,0.4078,1.0046,25.0,normal,high,"Grp1 = oxide (low, >=25.0 sd); Min1 = aspectral (low, >=25.0 sd); Grp2 = oxide (low, >=25.0 sd)"
05KCD001,fd02659c-dc3d-52ea-a8eb-c032b91e7624,1a5e0eac-2004-5efa-a434-9335b297c7c3,6b1e2af2-3e03-522b-8d23-11615999ad18,6591,6729,103.0,104.0,139,0.952,3.897,6.3876,16.9497,43.47,0.4145,1.0011,25.0,normal,high,"Grp2 = oxide (low, >=25.0 sd); Grp1 = oxide (low, >=25.0 sd); Min1 = aspectral (low, 24.9 sd)"
05KCD001,fd02659c-dc3d-52ea-a8eb-c032b91e7624,1a5e0eac-2004-5efa-a434-9335b297c7c3,6b1e2af2-3e03-522b-8d23-11615999ad18,6730,6875,104.0,105.0,146,0.935,4.2527,7.3403,23.9808,60.01,0.4355,0.9951,25.0,normal,high,"Grp1 = oxide (low, >=25.0 sd); Grp2 = oxide (low, >=25.0 sd); Min1 = aspectral (low, >=25.0 sd)"
05KCD001,fd02659c-dc3d-52ea-a8eb-c032b91e7624,1a5e0eac-2004-5efa-a434-9335b297c7c3,6b1e2af2-3e03-522b-8d23-11615999ad18,6876,7052,105.0,106.0,177,0.944,4.1152,7.8534,18.9417,53.29,0.4284,1.0402,25.0,normal,high,"Grp1 = oxide (low, >=25.0 sd); Grp2 = oxide (low, >=25.0 sd); Min1 = aspectral (low, >=25.0 sd)"
05KCD001,fd02659c-dc3d-52ea-a8eb-c032b91e7624,1a5e0eac-2004-5efa-a434-9335b297c7c3,6b1e2af2-3e03-522b-8d23-11615999ad18,7053,7204,106.0,107.0,152,0.935,3.93,6.8573,16.9825,42.7,0.4063,1.0654,25.0,normal,high,"Grp1 = oxide (low, >=25.0 sd); Grp2 = oxide (low, >=25.0 sd); Min1 = aspectral (low, >=25.0 sd)"
05KCD001,fd02659c-dc3d-52ea-a8eb-c032b91e7624,1a5e0eac-2004-5efa-a434-9335b297c7c3,6b1e2af2-3e03-522b-8d23-11615999ad18,7205,7462,107.0,108.0,258,0.935,4.4319,7.3924,16.5733,49.96,0.402,1.7144,25.0,normal,high,"Grp1 = oxide (low, >=25.0 sd); Grp2 = oxide (low, >=25.0 sd); Min1 = aspectral (low, >=25.0 sd)"
05KCD001,fd02659c-dc3d-52ea-a8eb-c032b91e7624,1a5e0eac-2004-5efa-a434-9335b297c7c3,6b1e2af2-3e03-522b-8d23-11615999ad18,7463,7620,108.0,109.0,158,0.935,3.899,5.9537,14.616,36.36,0.401,1.0334,25.0,normal,high,"Grp1 = oxide (low, >=25.0 sd); Grp2 = oxide (low, >=25.0 sd); Min1 = aspectral (low, >=25.0 sd)"
05KCD001,fd02659c-dc3d-52ea-a8eb-c032b91e7624,1a5e0eac-2004-5efa-a434-9335b297c7c3,6b1e2af2-3e03-522b-8d23-11615999ad18,7621,7778,109.0,110.0,158,0.935,4.028,5.8267,14.0552,36.57,0.4004,0.9895,25.0,normal,high,"Grp1 = oxide (low, >=25.0 sd); Min1 = aspectral (low, >=25.0 sd); Grp2 = oxide (low, >=25.0 sd)"
05KCD001,fd02659c-dc3d-52ea-a8eb-c032b91e7624,1a5e0eac-2004-5efa-a434-9335b297c7c3,6b1e2af2-3e03-522b-8d23-11615999ad18,7779,7974,110.0,111.0,196,0.935,4.6352,7.4043,19.7375,55.75,0.4035,0.9965,25.0,normal,high,"Grp1 = oxide (low, >=25.0 sd); Grp2 = oxide (low, >=25.0 sd); Min1 = aspectral (low, >=25.0 sd)"
05KCD001,fd02659c-dc3d-52ea-a8eb-c032b91e7624,1a5e0eac-2004-5efa-a434-9335b297c7c3,6b1e2af2-3e03-522b-8d23-11615999ad18,7975,8136,111.0,112.0,162,0.935,3.8792,5.1492,12.3043,32.21,0.3985,0.9916,25.0,normal,high,"Min1 = aspectral (low, >=25.0 sd); Grp2 = oxide (low, >=25.0 sd); Grp1 = oxide (low, >=25.0 sd)"
05KCD001,fd02659c-dc3d-52ea-a8eb-c032b91e7624,1a5e0eac-2004-5efa-a434-9335b297c7c3,6b1e2af2-3e03-522b-8d23-11615999ad18,8137,8300,112.0,113.0,164,0.935,4.6886,10.7108,22.886,64.01,0.3945,1.1117,25.0,normal,high,"Min1 = aspectral (low, >=25.0 sd); Grp1 = oxide (low, >=25.0 sd); Grp1 = sulphate (high, >=25.0 sd)"
05KCD001,fd02659c-dc3d-52ea-a8eb-c032b91e7624,1a5e0eac-2004-5efa-a434-9335b297c7c3,6b1e2af2-3e03-522b-8d23-11615999ad18,8301,8455,113.0,114.0,155,0.935,4.348,9.3022,19.4839,62.82,0.4404,1.0273,25.0,normal,high,"Grp2 = oxide (low, >=25.0 sd); Grp1 = oxide (low, >=25.0 sd); Min1 = aspectral (low, >=25.0 sd)"
05KCD001,fd02659c-dc3d-52ea-a8eb-c032b91e7624,1a5e0eac-2004-5efa-a434-9335b297c7c3,6b1e2af2-3e03-522b-8d23-11615999ad18,8456,8656,114.0,115.0,201,0.94,5.2809,10.5582,22.9445,76.61,0.4393,1.0776,25.0,normal,high,"Min1 = chlorite-mg (high, >=25.0 sd); Grp2 = oxide (low, >=25.0 sd); Min1 = aspectral (low, >=25.0 sd)"
05KCD001,fd02659c-dc3d-52ea-a8eb-c032b91e7624,1a5e0eac-2004-5efa-a434-9335b297c7c3,6b1e2af2-3e03-522b-8d23-11615999ad18,8657,8869,115.0,116.0,213,0.935,5.2606,8.9845,16.9317,64.01,0.4163,1.0552,25.0,normal,high,"Grp1 = chlorite (high, >=25.0 sd); Min1 = aspectral (low, >=25.0 sd); Min1 = chlorite-femg (high, >=25.0 sd)"
05KCD001,fd02659c-dc3d-52ea-a8eb-c032b91e7624,1a5e0eac-2004-5efa-a434-9335b297c7c3,6b1e2af2-3e03-522b-8d23-11615999ad18,8870,9038,116.0,117.0,169,0.931,5.068,9.2459,16.1769,59.99,0.4066,1.0612,25.0,normal,high,"Grp1 = oxide (low, >=25.0 sd); Min1 = chlorite-mg (high, >=25.0 sd); Min1 = chlorite-femg (high, >=25.0 sd)"
05KCD001,fd02659c-dc3d-52ea-a8eb-c032b91e7624,1a5e0eac-2004-5efa-a434-9335b297c7c3,6b1e2af2-3e03-522b-8d23-11615999ad18,9039,9197,117.0,118.0,159,0.944,5.3322,11.6769,17.3292,74.44,0.4662,1.0553,25.0,normal,high,"Grp1 = sulphate (high, >=25.0 sd); Grp2 = oxide (low, >=25.0 sd); Grp1 = oxide (low, >=25.0 sd)"
05KCD001,fd02659c-dc3d-52ea-a8eb-c032b91e7624,1a5e0eac-2004-5efa-a434-9335b297c7c3,6b1e2af2-3e03-522b-8d23-11615999ad18,9198,9369,118.0,119.0,172,0.94,5.6423,11.3689,25.9993,85.09,0.4577,1.1015,25.0,normal,high,"Grp1 = sulphate (high, >=25.0 sd); Grp1 = oxide (low, >=25.0 sd); Grp2 = oxide (low, >=25.0 sd)"
05KCD001,fd02659c-dc3d-52ea-a8eb-c032b91e7624,1a5e0eac-2004-5efa-a434-9335b297c7c3,6b1e2af2-3e03-522b-8d23-11615999ad18,9370,9528,119.0,120.0,159,0.946,5.5583,12.2925,20.0845,80.98,0.4504,1.0818,25.0,normal,high,"Grp2 = oxide (low, >=25.0 sd); Grp1 = sulphate (high, >=25.0 sd); Grp1 = oxide (low, >=25.0 sd)"
05KCD001,fd02659c-dc3d-52ea-a8eb-c032b91e7624,1a5e0eac-2004-5efa-a434-9335b297c7c3,6b1e2af2-3e03-522b-8d23-11615999ad18,9529,9713,120.0,121.0,185,0.944,4.6441,6.2469,16.1608,52.77,0.4185,1.0215,25.0,normal,high,"Grp1 = oxide (low, >=25.0 sd); Min1 = aspectral (low, >=25.0 sd); Grp2 = oxide (low, >=25.0 sd)"
05KCD001,fd02659c-dc3d-52ea-a8eb-c032b91e7624,1a5e0eac-2004-5efa-a434-9335b297c7c3,6b1e2af2-3e03-522b-8d23-11615999ad18,9714,9868,121.0,122.0,155,0.95,4.9073,8.7057,13.2484,58.34,0.4438,1.0282,25.0,normal,high,"Grp1 = oxide (low, >=25.0 sd); Min1 = aspectral (low, >=25.0 sd); Grp2 = oxide (low, >=25.0 sd)"
05KCD001,fd02659c-dc3d-52ea-a8eb-c032b91e7624,1a5e0eac-2004-5efa-a434-9335b297c7c3,6b1e2af2-3e03-522b-8d23-11615999ad18,9869,10021,122.0,123.0,153,0.948,4.7499,10.7914,20.1079,70.91,0.4528,1.0616,25.0,normal,high,"Grp1 = carbonate (high, >=25.0 sd); Grp2 = oxide (low, >=25.0 sd); Grp1 = oxide (low, >=25.0 sd)"
05KCD001,fd02659c-dc3d-52ea-a8eb-c032b91e7624,1a5e0eac-2004-5efa-a434-9335b297c7c3,6b1e2af2-3e03-522b-8d23-11615999ad18,10022,10193,123.0,124.0,172,0.946,5.1667,9.1669,18.4583,68.08,0.4487,1.0285,25.0,normal,high,"Grp2 = oxide (low, >=25.0 sd); Grp1 = oxide (low, >=25.0 sd); Grp1 = sulphate (high, >=25.0 sd)"
05KCD001,fd02659c-dc3d-52ea-a8eb-c032b91e7624,1a5e0eac-2004-5efa-a434-9335b297c7c3,6b1e2af2-3e03-522b-8d23-11615999ad18,10194,10351,124.0,125.0,158,0.948,5.1081,9.4677,23.1239,72.73,0.4432,1.0748,25.0,normal,high,"Grp1 = oxide (low, >=25.0 sd); Grp2 = oxide (low, >=25.0 sd); Min1 = aspectral (low, >=25.0 sd)"
05KCD001,fd02659c-dc3d-52ea-a8eb-c032b91e7624,1a5e0eac-2004-5efa-a434-9335b297c7c3,6b1e2af2-3e03-522b-8d23-11615999ad18,10352,10518,125.0,126.0,167,0.935,4.819,8.3749,21.6138,65.03,0.4248,1.0233,25.0,normal,high,"Grp1 = oxide (low, >=25.0 sd); Grp2 = oxide (low, >=25.0 sd); Min1 = aspectral (low, >=25.0 sd)"
05KCD001,fd02659c-dc3d-52ea-a8eb-c032b91e7624,1a5e0eac-2004-5efa-a434-9335b297c7c3,6b1e2af2-3e03-522b-8d23-11615999ad18,10519,10678,126.0,127.0,160,0.94,5.2035,10.7168,19.2981,72.0,0.4326,1.0547,25.0,normal,high,"Min1 = aspectral (low, >=25.0 sd); Grp1 = sulphate (high, >=25.0 sd); Grp1 = oxide (low, >=25.0 sd)"
05KCD001,fd02659c-dc3d-52ea-a8eb-c032b91e7624,1a5e0eac-2004-5efa-a434-9335b297c7c3,6b1e2af2-3e03-522b-8d23-11615999ad18,10679,10848,127.0,128.0,170,0.948,5.1466,10.5097,21.9729,74.65,0.4446,1.0476,25.0,normal,high,"Grp2 = oxide (low, >=25.0 sd); Min1 = aspectral (low, >=25.0 sd); Min1 = chlorite-mg (high, >=25.0 sd)"
05KCD001,fd02659c-dc3d-52ea-a8eb-c032b91e7624,1a5e0eac-2004-5efa-a434-9335b297c7c3,6b1e2af2-3e03-522b-8d23-11615999ad18,10849,11013,128.0,129.0,165,0.948,5.2842,8.6068,19.4945,68.58,0.439,1.0397,25.0,normal,high,"Grp2 = oxide (low, >=25.0 sd); Min1 = chlorite-mg (high, >=25.0 sd); Grp1 = oxide (low, >=25.0 sd)"
05KCD001,fd02659c-dc3d-52ea-a8eb-c032b91e7624,1a5e0eac-2004-5efa-a434-9335b297c7c3,6b1e2af2-3e03-522b-8d23-11615999ad18,11014,11184,129.0,130.0,171,0.944,5.7202,12.3131,29.1633,89.22,0.4759,1.1574,25.0,normal,high,"Grp1 = sulphate (high, >=25.0 sd); Grp1 = oxide (low, >=25.0 sd); Grp2 = oxide (low, >=25.0 sd)"
05KCD001,fd02659c-dc3d-52ea-a8eb-c032b91e7624,1a5e0eac-2004-5efa-a434-9335b297c7c3,6b1e2af2-3e03-522b-8d23-11615999ad18,11185,11368,130.0,131.0,184,0.944,5.4227,15.3009,26.7113,87.16,0.471,1.2324,25.0,normal,high,"Min1 = aspectral (low, >=25.0 sd); Grp1 = carbonate (high, >=25.0 sd); Grp2 = sulphate (high, >=25.0 sd)"
05KCD001,fd02659c-dc3d-52ea-a8eb-c032b91e7624,1a5e0eac-2004-5efa-a434-9335b297c7c3,6b1e2af2-3e03-522b-8d23-11615999ad18,11369,11528,131.0,132.0,160,0.952,4.5476,9.9127,24.9954,70.23,0.4319,1.0091,25.0,normal,high,"Grp1 = sulphate (high, >=25.0 sd); Grp1 = oxide (low, >=25.0 sd); Grp2 = oxide (low, >=25.0 sd)"
05KCD001,fd02659c-dc3d-52ea-a8eb-c032b91e7624,1a5e0eac-2004-5efa-a434-9335b297c7c3,6b1e2af2-3e03-522b-8d23-11615999ad18,11529,11685,132.0,133.0,157,0.952,4.4743,8.1081,23.201,65.49,0.4516,0.9957,25.0,normal,high,"Grp1 = oxide (low, >=25.0 sd); Grp2 = oxide (low, >=25.0 sd); Grp1 = sulphate (high, >=25.0 sd)"
05KCD001,fd02659c-dc3d-52ea-a8eb-c032b91e7624,1a5e0eac-2004-5efa-a434-9335b297c7c3,6b1e2af2-3e03-522b-8d23-11615999ad18,11686,11839,133.0,134.0,154,0.952,4.3385,8.4049,21.8622,61.93,0.4291,0.9998,25.0,normal,high,"Grp2 = oxide (low, >=25.0 sd); Min1 = aspectral (low, >=25.0 sd); Grp1 = oxide (low, >=25.0 sd)"
05KCD001,fd02659c-dc3d-52ea-a8eb-c032b91e7624,1a5e0eac-2004-5efa-a434-9335b297c7c3,6b1e2af2-3e03-522b-8d23-11615999ad18,11840,11994,134.0,135.0,155,0.952,4.3601,9.509,14.6302,56.34,0.4268,1.0524,25.0,normal,high,"Grp2 = oxide (low, >=25.0 sd); Min1 = chlorite-mg (high, >=25.0 sd); Grp1 = oxide (low, >=25.0 sd)"
05KCD001,fd02659c-dc3d-52ea-a8eb-c032b91e7624,1a5e0eac-2004-5efa-a434-9335b297c7c3,6b1e2af2-3e03-522b-8d23-11615999ad18,11995,12164,135.0,136.0,170,0.952,4.386,8.2497,20.9578,59.22,0.4137,1.0808,25.0,normal,high,"Min1 = chlorite-mg (high, >=25.0 sd); Grp2 = oxide (low, >=25.0 sd); Grp1 = oxide (low, >=25.0 sd)"
05KCD001,fd02659c-dc3d-52ea-a8eb-c032b91e7624,1a5e0eac-2004-5efa-a434-9335b297c7c3,6b1e2af2-3e03-522b-8d23-11615999ad18,12165,12353,136.0,137.0,189,0.952,3.8995,5.8914,14.6915,41.24,0.4264,0.9833,25.0,normal,high,"Grp2 = oxide (low, >=25.0 sd); Grp1 = oxide (low, >=25.0 sd); Min1 = aspectral (low, >=25.0 sd)"
05KCD001,fd02659c-dc3d-52ea-a8eb-c032b91e7624,1a5e0eac-2004-5efa-a434-9335b297c7c3,6b1e2af2-3e03-522b-8d23-11615999ad18,12354,12546,137.0,138.0,193,0.954,4.3007,8.912,17.7858,59.51,0.4638,1.0203,25.0,normal,high,"Grp2 = oxide (low, >=25.0 sd); Grp1 = oxide (low, >=25.0 sd); Min1 = aspectral (low, >=25.0 sd)"
05KCD001,fd02659c-dc3d-52ea-a8eb-c032b91e7624,1a5e0eac-2004-5efa-a434-9335b297c7c3,6b1e2af2-3e03-522b-8d23-11615999ad18,12547,12727,138.0,139.0,181,0.944,4.1848,8.9155,18.8972,57.8,0.438,1.0083,25.0,normal,high,"Grp2 = oxide (low, >=25.0 sd); Grp1 = oxide (low, >=25.0 sd); Min1 = aspectral (low, >=25.0 sd)"
05KCD001,fd02659c-dc3d-52ea-a8eb-c032b91e7624,1a5e0eac-2004-5efa-a434-9335b297c7c3,6b1e2af2-3e03-522b-8d23-11615999ad18,12728,12923,139.0,140.0,196,0.952,4.7091,12.5828,25.8431,78.15,0.4573,1.1759,25.0,normal,high,"Grp1 = oxide (low, >=25.0 sd); Min1 = microcline (high, >=25.0 sd); Grp2 = oxide (low, >=25.0 sd)"
05KCD001,fd02659c-dc3d-52ea-a8eb-c032b91e7624,1a5e0eac-2004-5efa-a434-9335b297c7c3,6b1e2af2-3e03-522b-8d23-11615999ad18,12924,13091,140.0,141.0,168,0.94,4.2428,7.779,17.7206,54.86,0.4428,0.9903,25.0,normal,high,"Min1 = aspectral (low, >=25.0 sd); Grp2 = oxide (low, >=25.0 sd); Grp1 = oxide (low, >=25.0 sd)"
05KCD001,fd02659c-dc3d-52ea-a8eb-c032b91e7624,1a5e0eac-2004-5efa-a434-9335b297c7c3,6b1e2af2-3e03-522b-8d23-11615999ad18,13092,13263,141.0,142.0,172,0.931,4.3893,8.9198,20.8179,62.97,0.4306,1.0398,25.0,normal,high,"Grp2 = oxide (low, >=25.0 sd); Grp1 = oxide (low, >=25.0 sd); Min1 = aspectral (low, >=25.0 sd)"
05KCD001,fd02659c-dc3d-52ea-a8eb-c032b91e7624,1a5e0eac-2004-5efa-a434-9335b297c7c3,6b1e2af2-3e03-522b-8d23-11615999ad18,13264,13427,142.0,143.0,164,0.948,4.8248,11.7434,24.0876,76.19,0.442,1.1333,25.0,normal,high,"Grp1 = sulphate (high, >=25.0 sd); Grp1 = oxide (low, >=25.0 sd); Min1 = aspectral (low, >=25.0 sd)"
05KCD001,fd02659c-dc3d-52ea-a8eb-c032b91e7624,1a5e0eac-2004-5efa-a434-9335b297c7c3,6b1e2af2-3e03-522b-8d23-11615999ad18,13428,13608,143.0,144.0,181,0.948,4.4736,7.5161,14.7514,50.79,0.4106,1.0302,25.0,normal,high,"Grp2 = oxide (low, >=25.0 sd); Grp1 = oxide (low, >=25.0 sd); Min1 = chlorite-mg (high, >=25.0 sd)"
05KCD001,fd02659c-dc3d-52ea-a8eb-c032b91e7624,1a5e0eac-2004-5efa-a434-9335b297c7c3,6b1e2af2-3e03-522b-8d23-11615999ad18,13609,13772,144.0,145.0,164,0.935,4.1319,7.3633,15.5722,46.23,0.4121,0.9937,25.0,normal,high,"Grp2 = oxide (low, >=25.0 sd); Grp1 = oxide (low, >=25.0 sd); Min1 = aspectral (low, >=25.0 sd)"
05KCD001,fd02659c-dc3d-52ea-a8eb-c032b91e7624,1a5e0eac-2004-5efa-a434-9335b297c7c3,6b1e2af2-3e03-522b-8d23-11615999ad18,13773,13929,145.0,146.0,157,0.94,4.621,7.9625,14.2308,52.88,0.4135,1.0152,25.0,normal,high,"Grp1 = oxide (low, >=25.0 sd); Min1 = chlorite-mg (high, >=25.0 sd); Grp2 = oxide (low, >=25.0 sd)"
05KCD001,fd02659c-dc3d-52ea-a8eb-c032b91e7624,1a5e0eac-2004-5efa-a434-9335b297c7c3,6b1e2af2-3e03-522b-8d23-11615999ad18,13930,14098,146.0,147.0,169,0.935,4.0847,5.8463,15.5379,43.85,0.4203,0.9826,25.0,normal,high,"Grp2 = oxide (low, >=25.0 sd); Grp1 = oxide (low, >=25.0 sd); Min1 = aspectral (low, >=25.0 sd)"
05KCD001,fd02659c-dc3d-52ea-a8eb-c032b91e7624,1a5e0eac-2004-5efa-a434-9335b297c7c3,6b1e2af2-3e03-522b-8d23-11615999ad18,14099,14261,147.0,148.0,163,0.944,4.1129,8.9683,18.6269,56.78,0.4471,1.0188,25.0,normal,high,"Grp1 = oxide (low, >=25.0 sd); Grp2 = oxide (low, >=25.0 sd); Min1 = aspectral (low, >=25.0 sd)"
05KCD001,fd02659c-dc3d-52ea-a8eb-c032b91e7624,1a5e0eac-2004-5efa-a434-9335b297c7c3,6b1e2af2-3e03-522b-8d23-11615999ad18,14262,14421,148.0,149.0,160,0.948,3.9304,7.8818,22.9458,54.65,0.4251,1.1132,25.0,normal,high,"Grp2 = oxide (low, >=25.0 sd); Min1 = aspectral (low, >=25.0 sd); Grp1 = oxide (low, >=25.0 sd)"
05KCD001,fd02659c-dc3d-52ea-a8eb-c032b91e7624,1a5e0eac-2004-5efa-a434-9335b297c7c3,6b1e2af2-3e03-522b-8d23-11615999ad18,14422,14574,149.0,150.0,153,0.944,3.837,6.4262,19.6368,48.75,0.4384,0.9998,25.0,normal,high,"Min1 = aspectral (low, >=25.0 sd); Grp2 = oxide (low, >=25.0 sd); Grp1 = oxide (low, >=25.0 sd)"
05KCD001,fd02659c-dc3d-52ea-a8eb-c032b91e7624,1a5e0eac-2004-5efa-a434-9335b297c7c3,6b1e2af2-3e03-522b-8d23-11615999ad18,14575,14717,150.0,151.0,143,0.95,3.8018,6.5324,16.13,44.79,0.4421,1.0246,25.0,normal,high,"Grp2 = oxide (low, >=25.0 sd); Grp1 = oxide (low, >=25.0 sd); Min1 = aspectral (low, >=25.0 sd)"
05KCD001,fd02659c-dc3d-52ea-a8eb-c032b91e7624,1a5e0eac-2004-5efa-a434-9335b297c7c3,6b1e2af2-3e03-522b-8d23-11615999ad18,14718,14873,151.0,152.0,156,0.948,4.0376,5.5178,17.9399,44.14,0.4118,1.0021,25.0,normal,high,"Grp2 = oxide (low, >=25.0 sd); Grp1 = oxide (low, >=25.0 sd); Min1 = aspectral (low, >=25.0 sd)"
05KCD001,fd02659c-dc3d-52ea-a8eb-c032b91e7624,1a5e0eac-2004-5efa-a434-9335b297c7c3,6b1e2af2-3e03-522b-8d23-11615999ad18,14874,15073,152.0,153.0,200,0.935,4.7539,11.0486,29.8971,77.38,0.4518,1.098,25.0,normal,high,"Min1 = aspectral (low, >=25.0 sd); Grp1 = oxide (low, >=25.0 sd); Grp2 = other-aloh (high, >=25.0 sd)"
05KCD001,fd02659c-dc3d-52ea-a8eb-c032b91e7624,1a5e0eac-2004-5efa-a434-9335b297c7c3,6b1e2af2-3e03-522b-8d23-11615999ad18,15074,15266,153.0,154.0,193,0.94,4.9242,11.149,25.6625,75.65,0.4298,1.2682,25.0,normal,high,"Grp2 = oxide (low, >=25.0 sd); Grp1 = oxide (low, >=25.0 sd); Min1 = aspectral (low, >=25.0 sd)"
05KCD001,fd02659c-dc3d-52ea-a8eb-c032b91e7624,1a5e0eac-2004-5efa-a434-9335b297c7c3,6b1e2af2-3e03-522b-8d23-11615999ad18,15267,15426,154.0,155.0,160,0.952,4.7557,10.6632,25.9164,73.33,0.4248,1.2878,25.0,normal,high,"Grp2 = other-aloh (high, >=25.0 sd); Grp1 = other-aloh (high, >=25.0 sd); Min1 = aspectral (low, >=25.0 sd)"
05KCD001,fd02659c-dc3d-52ea-a8eb-c032b91e7624,1a5e0eac-2004-5efa-a434-9335b297c7c3,6b1e2af2-3e03-522b-8d23-11615999ad18,15427,15575,155.0,156.0,149,0.952,5.0263,11.6021,20.168,74.29,0.463,1.166,25.0,normal,high,"Grp2 = other-aloh (high, >=25.0 sd); Grp1 = other-aloh (high, >=25.0 sd); Grp1 = oxide (low, >=25.0 sd)"
05KCD001,fd02659c-dc3d-52ea-a8eb-c032b91e7624,1a5e0eac-2004-5efa-a434-9335b297c7c3,6b1e2af2-3e03-522b-8d23-11615999ad18,15576,15736,156.0,157.0,161,0.952,4.6279,9.1805,22.4081,68.54,0.4483,1.0852,25.0,normal,high,"Grp2 = oxide (low, >=25.0 sd); Grp1 = oxide (low, >=25.0 sd); Min1 = aspectral (low, >=25.0 sd)"
05KCD001,fd02659c-dc3d-52ea-a8eb-c032b91e7624,1a5e0eac-2004-5efa-a434-9335b297c7c3,6b1e2af2-3e03-522b-8d23-11615999ad18,15737,15894,157.0,158.0,158,0.952,5.0474,13.9035,29.062,83.32,0.4969,1.2089,25.0,normal,high,"Grp2 = oxide (low, >=25.0 sd); Grp1 = oxide (low, >=25.0 sd); Min1 = aspectral (low, >=25.0 sd)"
05KCD001,fd02659c-dc3d-52ea-a8eb-c032b91e7624,1a5e0eac-2004-5efa-a434-9335b297c7c3,6b1e2af2-3e03-522b-8d23-11615999ad18,15895,16046,158.0,159.0,152,0.952,4.459,9.6382,21.7487,67.79,0.4537,1.1242,25.0,normal,high,"Grp2 = oxide (low, >=25.0 sd); Grp1 = oxide (low, >=25.0 sd); Min1 = aspectral (low, >=25.0 sd)"
05KCD001,fd02659c-dc3d-52ea-a8eb-c032b91e7624,1a5e0eac-2004-5efa-a434-9335b297c7c3,6b1e2af2-3e03-522b-8d23-11615999ad18,16047,16242,159.0,160.0,196,0.948,4.4145,7.2161,17.707,56.73,0.4484,1.0128,25.0,normal,high,"Grp1 = oxide (low, >=25.0 sd); Grp2 = oxide (low, >=25.0 sd); Min1 = aspectral (low, >=25.0 sd)"
05KCD001,fd02659c-dc3d-52ea-a8eb-c032b91e7624,1a5e0eac-2004-5efa-a434-9335b297c7c3,6b1e2af2-3e03-522b-8d23-11615999ad18,16243,16397,160.0,161.0,155,0.935,3.9852,5.5004,15.8494,41.03,0.4137,0.989,25.0,normal,high,"Grp1 = oxide (low, >=25.0 sd); Grp2 = oxide (low, >=25.0 sd); Min1 = aspectral (low, >=25.0 sd)"
05KCD001,fd02659c-dc3d-52ea-a8eb-c032b91e7624,1a5e0eac-2004-5efa-a434-9335b297c7c3,6b1e2af2-3e03-522b-8d23-11615999ad18,16398,16549,161.0,162.0,152,0.944,4.0063,6.2484,15.2301,43.1,0.4245,0.9882,25.0,normal,high,"Min1 = aspectral (low, >=25.0 sd); Grp1 = oxide (low, >=25.0 sd); Grp2 = oxide (low, >=25.0 sd)"
05KCD001,fd02659c-dc3d-52ea-a8eb-c032b91e7624,1a5e0eac-2004-5efa-a434-9335b297c7c3,6b1e2af2-3e03-522b-8d23-11615999ad18,16550,16696,162.0,163.0,147,0.935,4.0883,6.7734,11.6514,36.34,0.3961,0.9925,25.0,normal,high,"Min1 = chlorite-fe (high, >=25.0 sd); Grp1 = oxide (low, >=25.0 sd); Grp2 = oxide (low, >=25.0 sd)"
05KCD001,fd02659c-dc3d-52ea-a8eb-c032b91e7624,1a5e0eac-2004-5efa-a434-9335b297c7c3,6b1e2af2-3e03-522b-8d23-11615999ad18,16697,16853,163.0,164.0,157,0.935,4.0908,6.2307,14.4132,41.33,0.4086,0.9918,25.0,normal,high,"Grp2 = oxide (low, >=25.0 sd); Grp1 = oxide (low, >=25.0 sd); Min1 = aspectral (low, >=25.0 sd)"
05KCD001,fd02659c-dc3d-52ea-a8eb-c032b91e7624,1a5e0eac-2004-5efa-a434-9335b297c7c3,6b1e2af2-3e03-522b-8d23-11615999ad18,16854,17020,164.0,165.0,167,0.935,4.015,5.4586,16.5828,39.2,0.4017,1.0013,25.0,normal,high,"Min1 = aspectral (low, >=25.0 sd); Grp2 = oxide (low, >=25.0 sd); Grp1 = oxide (low, >=25.0 sd)"
05KCD001,fd02659c-dc3d-52ea-a8eb-c032b91e7624,1a5e0eac-2004-5efa-a434-9335b297c7c3,6b1e2af2-3e03-522b-8d23-11615999ad18,17021,17184,165.0,166.0,164,0.952,3.9687,5.7898,16.391,39.99,0.4052,1.0263,25.0,normal,high,"Grp2 = oxide (low, >=25.0 sd); Grp1 = oxide (low, >=25.0 sd); Min1 = aspectral (low, >=25.0 sd)"
05KCD001,fd02659c-dc3d-52ea-a8eb-c032b91e7624,1a5e0eac-2004-5efa-a434-9335b297c7c3,6b1e2af2-3e03-522b-8d23-11615999ad18,17185,17346,166.0,167.0,162,0.935,3.9825,4.3851,13.4405,31.19,0.3934,0.9915,25.0,normal,high,"Grp1 = oxide (low, >=25.0 sd); Grp2 = oxide (low, >=25.0 sd); Min1 = aspectral (low, >=25.0 sd)"
05KCD001,fd02659c-dc3d-52ea-a8eb-c032b91e7624,1a5e0eac-2004-5efa-a434-9335b297c7c3,6b1e2af2-3e03-522b-8d23-11615999ad18,17347,17514,167.0,168.0,168,0.935,4.1073,5.7853,14.5139,38.74,0.401,1.0083,25.0,normal,high,"Grp2 = oxide (low, >=25.0 sd); Grp1 = oxide (low, >=25.0 sd); Min1 = aspectral (low, >=25.0 sd)"
05KCD001,fd02659c-dc3d-52ea-a8eb-c032b91e7624,1a5e0eac-2004-5efa-a434-9335b297c7c3,6b1e2af2-3e03-522b-8d23-11615999ad18,17515,17660,168.0,169.0,146,0.935,3.9489,6.0765,15.8946,39.93,0.4058,0.9913,25.0,normal,high,"Grp1 = oxide (low, >=25.0 sd); Min1 = aspectral (low, >=25.0 sd); Grp2 = oxide (low, >=25.0 sd)"
05KCD001,fd02659c-dc3d-52ea-a8eb-c032b91e7624,1a5e0eac-2004-5efa-a434-9335b297c7c3,6b1e2af2-3e03-522b-8d23-11615999ad18,17661,17755,169.0,170.0,95,0.925,3.6604,7.0399,15.9071,43.72,0.4247,0.9943,25.0,normal,high,"Min1 = chlorite-fe (high, >=25.0 sd); Grp2 = oxide (low, >=25.0 sd); Grp1 = oxide (low, >=25.0 sd)"
05KCD001,fd02659c-dc3d-52ea-a8eb-c032b91e7624,1a5e0eac-2004-5efa-a434-9335b297c7c3,6b1e2af2-3e03-522b-8d23-11615999ad18,17756,17883,170.0,171.0,128,0.935,4.059,7.3411,18.1059,50.17,0.4289,1.0302,25.0,normal,high,"Grp1 = oxide (low, >=25.0 sd); Grp2 = oxide (low, >=25.0 sd); Min1 = aspectral (low, 23.9 sd)"
05KCD001,fd02659c-dc3d-52ea-a8eb-c032b91e7624,1a5e0eac-2004-5efa-a434-9335b297c7c3,6b1e2af2-3e03-522b-8d23-11615999ad18,17884,18009,171.0,172.0,126,0.952,4.1634,8.2825,15.747,51.69,0.4347,1.0526,25.0,normal,high,"Grp1 = oxide (low, >=25.0 sd); Grp2 = oxide (low, >=25.0 sd); Min1 = chlorite-fe (high, >=25.0 sd)"
05KCD001,fd02659c-dc3d-52ea-a8eb-c032b91e7624,1a5e0eac-2004-5efa-a434-9335b297c7c3,6b1e2af2-3e03-522b-8d23-11615999ad18,18010,18100,172.0,173.0,91,0.935,3.7441,7.0019,17.8279,47.27,0.4379,0.9972,25.0,normal,high,"Grp1 = oxide (low, >=25.0 sd); Min1 = chlorite-fe (high, >=25.0 sd); Grp2 = oxide (low, >=25.0 sd)"
05KCD001,fd02659c-dc3d-52ea-a8eb-c032b91e7624,1a5e0eac-2004-5efa-a434-9335b297c7c3,6b1e2af2-3e03-522b-8d23-11615999ad18,18101,18222,173.0,174.0,122,0.94,3.9209,5.8843,22.6296,51.15,0.4345,0.9861,25.0,normal,high,"Grp2 = oxide (low, >=25.0 sd); Grp1 = oxide (low, >=25.0 sd); Min1 = aspectral (low, 23.3 sd)"
05KCD001,fd02659c-dc3d-52ea-a8eb-c032b91e7624,1a5e0eac-2004-5efa-a434-9335b297c7c3,6b1e2af2-3e03-522b-8d23-11615999ad18,18223,18223,174.0,175.0,1,0.692,0.9389,11.1453,38.4097,68.66,0.4876,2.2119,10.7,normal,low,"Grp2 = oxide (low, 10.7 sd); Final Mask (2) [mean] (low, 8.3 sd); Final Mask (1) [mean] (low, 8.3 sd)"
05KCD001,fd02659c-dc3d-52ea-a8eb-c032b91e7624,1a5e0eac-2004-5efa-a434-9335b297c7c3,6b1e2af2-3e03-522b-8d23-11615999ad18,18224,18350,175.0,176.0,127,0.933,3.9211,6.1281,22.2601,49.58,0.4178,0.9957,25.0,normal,high,"Grp2 = oxide (low, >=25.0 sd); Grp1 = oxide (low, >=25.0 sd); Min1 = aspectral (low, 23.8 sd)"
05KCD001,fd02659c-dc3d-52ea-a8eb-c032b91e7624,1a5e0eac-2004-5efa-a434-9335b297c7c3,6b1e2af2-3e03-522b-8d23-11615999ad18,18351,18458,176.0,177.0,108,0.931,3.72,5.417,19.4172,46.91,0.4495,0.9882,25.0,normal,high,"Grp1 = oxide (low, >=25.0 sd); Grp2 = oxide (low, >=25.0 sd); Min1 = aspectral (low, 22.0 sd)"
05KCD001,fd02659c-dc3d-52ea-a8eb-c032b91e7624,1a5e0eac-2004-5efa-a434-9335b297c7c3,6b1e2af2-3e03-522b-8d23-11615999ad18,18459,18621,177.0,178.0,163,0.935,4.4004,7.2686,19.4364,55.19,0.4123,0.9988,25.0,normal,high,"Min1 = chlorite-fe (high, >=25.0 sd); Grp2 = oxide (low, >=25.0 sd); Grp1 = oxide (low, >=25.0 sd)"
05KCD001,fd02659c-dc3d-52ea-a8eb-c032b91e7624,1a5e0eac-2004-5efa-a434-9335b297c7c3,6b1e2af2-3e03-522b-8d23-11615999ad18,18622,18782,178.0,179.0,161,0.946,4.3064,6.9573,11.7442,45.37,0.4132,0.9945,25.0,normal,high,"Min1 = chlorite-fe (high, >=25.0 sd); Grp2 = oxide (low, >=25.0 sd); Grp1 = oxide (low, >=25.0 sd)"
05KCD001,fd02659c-dc3d-52ea-a8eb-c032b91e7624,1a5e0eac-2004-5efa-a434-9335b297c7c3,6b1e2af2-3e03-522b-8d23-11615999ad18,18783,18921,179.0,180.0,139,0.935,4.3357,8.1241,12.4283,49.52,0.4156,1.0368,25.0,normal,high,"Min1 = chlorite-fe (high, >=25.0 sd); Grp2 = oxide (low, >=25.0 sd); Grp1 = oxide (low, >=25.0 sd)"
05KCD001,fd02659c-dc3d-52ea-a8eb-c032b91e7624,1a5e0eac-2004-5efa-a434-9335b297c7c3,6b1e2af2-3e03-522b-8d23-11615999ad18,18922,19058,180.0,181.0,137,0.954,4.8561,10.7827,22.9422,74.58,0.4733,1.3207,25.0,normal,high,"Grp1 = oxide (low, >=25.0 sd); Min1 = chlorite-fe (high, >=25.0 sd); Grp2 = oxide (low, >=25.0 sd)"
05KCD001,fd02659c-dc3d-52ea-a8eb-c032b91e7624,1a5e0eac-2004-5efa-a434-9335b297c7c3,6b1e2af2-3e03-522b-8d23-11615999ad18,19059,19211,181.0,182.0,153,0.946,4.6937,10.3025,15.6357,62.22,0.4246,1.0654,25.0,normal,high,"Grp2 = oxide (low, >=25.0 sd); Grp1 = oxide (low, >=25.0 sd); Min1 = chlorite-fe (high, >=25.0 sd)"
05KCD001,fd02659c-dc3d-52ea-a8eb-c032b91e7624,1a5e0eac-2004-5efa-a434-9335b297c7c3,6b1e2af2-3e03-522b-8d23-11615999ad18,19212,19284,182.0,183.0,73,0.946,3.7093,7.9396,23.6379,56.34,0.4721,1.0135,25.0,normal,high,"Grp1 = oxide (low, >=25.0 sd); Grp2 = oxide (low, >=25.0 sd); Grp2 = misc-silicate (high, 21.6 sd)"
05KCD001,fd02659c-dc3d-52ea-a8eb-c032b91e7624,1a5e0eac-2004-5efa-a434-9335b297c7c3,6b1e2af2-3e03-522b-8d23-11615999ad18,19285,19409,183.0,184.0,125,0.931,4.0791,5.5683,15.9257,44.06,0.4232,1.0083,25.0,normal,high,"Grp2 = oxide (low, >=25.0 sd); Grp1 = oxide (low, >=25.0 sd); Min1 = aspectral (low, 23.6 sd)"
05KCD001,fd02659c-dc3d-52ea-a8eb-c032b91e7624,1a5e0eac-2004-5efa-a434-9335b297c7c3,6b1e2af2-3e03-522b-8d23-11615999ad18,19410,19466,184.0,185.0,57,0.946,3.3934,5.9365,21.4187,50.29,0.4754,1.011,25.0,normal,high,"Grp1 = oxide (low, >=25.0 sd); Grp2 = oxide (low, >=25.0 sd); Min1 = chlorite-fe (high, 16.9 sd)"
05KCD001,fd02659c-dc3d-52ea-a8eb-c032b91e7624,1a5e0eac-2004-5efa-a434-9335b297c7c3,6b1e2af2-3e03-522b-8d23-11615999ad18,19467,19510,185.0,186.0,44,0.935,3.5874,8.3699,20.7004,54.88,0.5053,1.0208,25.0,normal,high,"Grp2 = oxide (low, >=25.0 sd); Min1 = chlorite-fe (high, >=25.0 sd); Grp1 = oxide (low, >=25.0 sd)"
05KCD001,fd02659c-dc3d-52ea-a8eb-c032b91e7624,1a5e0eac-2004-5efa-a434-9335b297c7c3,6b1e2af2-3e03-522b-8d23-11615999ad18,19511,19687,186.0,187.0,177,0.952,4.4722,7.0372,15.4334,49.94,0.4081,0.9923,25.0,normal,high,"Grp2 = oxide (low, >=25.0 sd); Min1 = chlorite-fe (high, >=25.0 sd); Grp1 = oxide (low, >=25.0 sd)"
05KCD001,fd02659c-dc3d-52ea-a8eb-c032b91e7624,1a5e0eac-2004-5efa-a434-9335b297c7c3,6b1e2af2-3e03-522b-8d23-11615999ad18,19688,19884,187.0,188.0,197,0.933,5.0659,10.8102,17.0224,66.93,0.418,1.1404,25.0,normal,high,"Grp1 = sulphate (high, >=25.0 sd); Min1 = aspectral (low, >=25.0 sd); Grp1 = oxide (low, >=25.0 sd)"
05KCD001,fd02659c-dc3d-52ea-a8eb-c032b91e7624,1a5e0eac-2004-5efa-a434-9335b297c7c3,6b1e2af2-3e03-522b-8d23-11615999ad18,19885,20041,188.0,189.0,157,0.954,4.5108,7.8039,22.9706,62.99,0.4243,1.045,25.0,normal,high,"Min1 = chlorite-fe (high, >=25.0 sd); Grp2 = oxide (low, >=25.0 sd); Grp1 = oxide (low, >=25.0 sd)"
05KCD001,fd02659c-dc3d-52ea-a8eb-c032b91e7624,1a5e0eac-2004-5efa-a434-9335b297c7c3,6b1e2af2-3e03-522b-8d23-11615999ad18,20042,20188,189.0,190.0,147,0.935,4.4559,8.0482,19.5336,58.88,0.4171,1.0043,25.0,normal,high,"Grp2 = oxide (low, >=25.0 sd); Min1 = chlorite-fe (high, >=25.0 sd); Grp2 = misc-silicate (high, >=25.0 sd)"
05KCD001,fd02659c-dc3d-52ea-a8eb-c032b91e7624,1a5e0eac-2004-5efa-a434-9335b297c7c3,6b1e2af2-3e03-522b-8d23-11615999ad18,20189,20347,190.0,191.0,159,0.952,4.8075,8.6549,17.1281,60.49,0.423,1.0898,25.0,normal,high,"Grp2 = oxide (low, >=25.0 sd); Grp1 = sulphate (high, >=25.0 sd); Grp1 = oxide (low, >=25.0 sd)"
05KCD001,fd02659c-dc3d-52ea-a8eb-c032b91e7624,1a5e0eac-2004-5efa-a434-9335b297c7c3,6b1e2af2-3e03-522b-8d23-11615999ad18,20348,20501,191.0,192.0,154,0.935,4.9807,11.2077,18.8285,69.77,0.4231,1.153,25.0,normal,high,"Grp2 = oxide (low, >=25.0 sd); Min1 = chlorite-fe (high, >=25.0 sd); Grp1 = oxide (low, >=25.0 sd)"
05KCD001,fd02659c-dc3d-52ea-a8eb-c032b91e7624,1a5e0eac-2004-5efa-a434-9335b297c7c3,6b1e2af2-3e03-522b-8d23-11615999ad18,20502,20663,192.0,193.0,162,0.952,4.567,8.7929,17.4815,60.8,0.4341,1.0207,25.0,normal,high,"Min1 = chlorite-fe (high, >=25.0 sd); Grp1 = oxide (low, >=25.0 sd); Grp2 = oxide (low, >=25.0 sd)"
05KCD001,fd02659c-dc3d-52ea-a8eb-c032b91e7624,1a5e0eac-2004-5efa-a434-9335b297c7c3,6b1e2af2-3e03-522b-8d23-11615999ad18,20664,20814,193.0,194.0,151,0.944,5.3363,10.9827,21.0477,77.11,0.4496,1.1383,25.0,normal,high,"Grp1 = oxide (low, >=25.0 sd); Grp1 = sulphate (high, >=25.0 sd); Grp2 = oxide (low, >=25.0 sd)"
05KCD001,fd02659c-dc3d-52ea-a8eb-c032b91e7624,1a5e0eac-2004-5efa-a434-9335b297c7c3,6b1e2af2-3e03-522b-8d23-11615999ad18,20815,20988,194.0,195.0,174,0.952,4.3174,7.2925,16.7576,53.98,0.4393,1.0373,25.0,normal,high,"Grp2 = oxide (low, >=25.0 sd); Grp1 = oxide (low, >=25.0 sd); Min1 = aspectral (low, >=25.0 sd)"
05KCD001,fd02659c-dc3d-52ea-a8eb-c032b91e7624,1a5e0eac-2004-5efa-a434-9335b297c7c3,6b1e2af2-3e03-522b-8d23-11615999ad18,20989,21135,195.0,196.0,147,0.946,4.135,9.0264,19.8064,57.9,0.4327,1.0099,25.0,normal,high,"Grp2 = oxide (low, >=25.0 sd); Grp1 = oxide (low, >=25.0 sd); Min1 = aspectral (low, >=25.0 sd)"
05KCD001,fd02659c-dc3d-52ea-a8eb-c032b91e7624,1a5e0eac-2004-5efa-a434-9335b297c7c3,6b1e2af2-3e03-522b-8d23-11615999ad18,21136,21282,196.0,197.0,147,0.931,4.5702,11.9627,34.2339,78.17,0.4381,1.6322,25.0,normal,high,"Grp2 = oxide (low, >=25.0 sd); Grp1 = oxide (low, >=25.0 sd); Min1 = aspectral (low, >=25.0 sd)"
05KCD001,fd02659c-dc3d-52ea-a8eb-c032b91e7624,1a5e0eac-2004-5efa-a434-9335b297c7c3,6b1e2af2-3e03-522b-8d23-11615999ad18,21283,21482,197.0,198.0,200,0.952,4.685,8.4114,16.3083,59.55,0.4412,1.0185,25.0,normal,high,"Grp2 = oxide (low, >=25.0 sd); Grp1 = oxide (low, >=25.0 sd); Min1 = aspectral (low, >=25.0 sd)"
05KCD001,fd02659c-dc3d-52ea-a8eb-c032b91e7624,1a5e0eac-2004-5efa-a434-9335b297c7c3,6b1e2af2-3e03-522b-8d23-11615999ad18,21483,21642,198.0,199.0,160,0.954,4.8459,10.8962,22.1441,73.19,0.4377,1.2224,25.0,normal,high,"Grp1 = oxide (low, >=25.0 sd); Grp2 = oxide (low, >=25.0 sd); Min1 = aspectral (low, >=25.0 sd)"
05KCD001,fd02659c-dc3d-52ea-a8eb-c032b91e7624,1a5e0eac-2004-5efa-a434-9335b297c7c3,6b1e2af2-3e03-522b-8d23-11615999ad18,21643,21796,199.0,200.0,154,0.954,4.605,8.888,21.5181,64.37,0.4204,1.1233,25.0,normal,high,"Grp1 = oxide (low, >=25.0 sd); Min1 = chlorite-fe (high, >=25.0 sd); Min1 = aspectral (low, >=25.0 sd)"
05KCD001,fd02659c-dc3d-52ea-a8eb-c032b91e7624,1a5e0eac-2004-5efa-a434-9335b297c7c3,6b1e2af2-3e03-522b-8d23-11615999ad18,21797,21994,200.0,201.0,198,0.948,4.2756,6.1315,20.3177,53.36,0.4182,1.1928,25.0,normal,high,"Grp2 = oxide (low, >=25.0 sd); Grp1 = oxide (low, >=25.0 sd); Min1 = aspectral (low, >=25.0 sd)"
05KCD001,fd02659c-dc3d-52ea-a8eb-c032b91e7624,1a5e0eac-2004-5efa-a434-9335b297c7c3,6b1e2af2-3e03-522b-8d23-11615999ad18,21995,22355,201.0,202.0,361,0.925,5.6918,7.3116,36.0833,79.17,0.4551,1.7706,25.0,normal,high,"Grp1 = oxide (low, >=25.0 sd); Grp2 = oxide (low, >=25.0 sd); Min2 = goethite (low, >=25.0 sd)"
07THD002,fd02659c-dc3d-52ea-a8eb-c032b91e7624,ca3660de-f678-5256-89f5-40d17832e4eb,b9ba28cd-0216-5314-83df-f6247b0f56b6,0,135,62.0,63.0,136,0.865,4.5609,12.1017,20.4701,67.54,0.4069,1.3409,25.0,normal,high,"Grp1 = oxide (low, >=25.0 sd); Min1 = muscovite (high, >=25.0 sd); Grp2 = oxide (low, >=25.0 sd)"
07THD002,fd02659c-dc3d-52ea-a8eb-c032b91e7624,ca3660de-f678-5256-89f5-40d17832e4eb,b9ba28cd-0216-5314-83df-f6247b0f56b6,136,390,63.0,64.0,255,0.867,5.4938,11.7374,20.565,76.06,0.4119,1.1932,25.0,normal,high,"Grp2 = oxide (low, >=25.0 sd); Grp1 = oxide (low, >=25.0 sd); Min1 = siderite (high, >=25.0 sd)"
07THD002,fd02659c-dc3d-52ea-a8eb-c032b91e7624,ca3660de-f678-5256-89f5-40d17832e4eb,b9ba28cd-0216-5314-83df-f6247b0f56b6,391,672,64.0,65.0,282,0.867,5.2858,8.622,17.3591,61.86,0.4057,1.0373,25.0,normal,high,"Grp1 = oxide (low, >=25.0 sd); Min1 = andesine (high, >=25.0 sd); Grp2 = oxide (low, >=25.0 sd)"
07THD002,fd02659c-dc3d-52ea-a8eb-c032b91e7624,ca3660de-f678-5256-89f5-40d17832e4eb,b9ba28cd-0216-5314-83df-f6247b0f56b6,673,941,65.0,66.0,269,0.867,4.706,7.4107,14.609,44.29,0.3863,1.0098,25.0,normal,high,"Grp1 = oxide (low, >=25.0 sd); Grp2 = oxide (low, >=25.0 sd); Min1 = aspectral (low, >=25.0 sd)"
07THD002,fd02659c-dc3d-52ea-a8eb-c032b91e7624,ca3660de-f678-5256-89f5-40d17832e4eb,b9ba28cd-0216-5314-83df-f6247b0f56b6,942,1233,66.0,67.0,292,0.867,5.0487,6.579,12.9399,48.54,0.401,1.0105,25.0,normal,high,"Grp1 = oxide (low, >=25.0 sd); Grp2 = oxide (low, >=25.0 sd); Min2 = goethite (low, >=25.0 sd)"
07THD002,fd02659c-dc3d-52ea-a8eb-c032b91e7624,ca3660de-f678-5256-89f5-40d17832e4eb,b9ba28cd-0216-5314-83df-f6247b0f56b6,1234,1565,67.0,68.0,332,0.867,5.043,7.1504,15.2504,51.11,0.3998,1.0134,25.0,normal,high,"Min1 = aspectral (low, >=25.0 sd); Grp1 = oxide (low, >=25.0 sd); Grp2 = oxide (low, >=25.0 sd)"
07THD002,fd02659c-dc3d-52ea-a8eb-c032b91e7624,ca3660de-f678-5256-89f5-40d17832e4eb,b9ba28cd-0216-5314-83df-f6247b0f56b6,1566,1821,68.0,69.0,256,0.867,5.1563,9.8881,16.9253,62.11,0.4032,1.1315,25.0,normal,high,"Grp1 = oxide (low, >=25.0 sd); Grp2 = oxide (low, >=25.0 sd); Min1 = aspectral (low, >=25.0 sd)"
07THD002,fd02659c-dc3d-52ea-a8eb-c032b91e7624,ca3660de-f678-5256-89f5-40d17832e4eb,b9ba28cd-0216-5314-83df-f6247b0f56b6,1822,2098,69.0,70.0,277,0.867,4.5871,6.6678,16.622,43.68,0.384,0.9949,25.0,normal,high,"Grp1 = oxide (low, >=25.0 sd); Grp2 = oxide (low, >=25.0 sd); Min1 = aspectral (low, >=25.0 sd)"
07THD002,fd02659c-dc3d-52ea-a8eb-c032b91e7624,ca3660de-f678-5256-89f5-40d17832e4eb,b9ba28cd-0216-5314-83df-f6247b0f56b6,2099,2375,70.0,71.0,277,0.867,4.8734,9.0665,18.1198,53.19,0.3852,1.0782,25.0,normal,high,"Min1 = aspectral (low, >=25.0 sd); Grp2 = oxide (low, >=25.0 sd); Grp1 = oxide (low, >=25.0 sd)"
07THD002,fd02659c-dc3d-52ea-a8eb-c032b91e7624,ca3660de-f678-5256-89f5-40d17832e4eb,b9ba28cd-0216-5314-83df-f6247b0f56b6,2376,2661,71.0,72.0,286,0.867,5.0208,9.6798,16.2944,61.32,0.4097,1.1216,25.0,normal,high,"Grp2 = oxide (low, >=25.0 sd); Grp1 = oxide (low, >=25.0 sd); Min2 = goethite (low, >=25.0 sd)"
07THD002,fd02659c-dc3d-52ea-a8eb-c032b91e7624,ca3660de-f678-5256-89f5-40d17832e4eb,b9ba28cd-0216-5314-83df-f6247b0f56b6,2662,2946,72.0,73.0,285,0.867,4.7434,8.4488,20.6161,60.2,0.4048,0.979,25.0,normal,high,"Grp1 = oxide (low, >=25.0 sd); Min1 = andesine (high, >=25.0 sd); Grp2 = oxide (low, >=25.0 sd)"
07THD002,fd02659c-dc3d-52ea-a8eb-c032b91e7624,ca3660de-f678-5256-89f5-40d17832e4eb,b9ba28cd-0216-5314-83df-f6247b0f56b6,2947,3235,73.0,74.0,289,0.867,5.0617,10.2645,20.399,64.07,0.3965,1.1002,25.0,normal,high,"Min2 = goethite (low, >=25.0 sd); Grp2 = oxide (low, >=25.0 sd); Grp3 = pyroxene (high, >=25.0 sd)"
07THD002,fd02659c-dc3d-52ea-a8eb-c032b91e7624,ca3660de-f678-5256-89f5-40d17832e4eb,b9ba28cd-0216-5314-83df-f6247b0f56b6,3236,3511,74.0,75.0,276,0.867,5.3,9.8458,18.7202,60.01,0.387,1.0528,25.0,normal,high,"Grp2 = oxide (low, >=25.0 sd); Min1 = andesine (high, >=25.0 sd); Min1 = aspectral (low, >=25.0 sd)"
07THD002,fd02659c-dc3d-52ea-a8eb-c032b91e7624,ca3660de-f678-5256-89f5-40d17832e4eb,b9ba28cd-0216-5314-83df-f6247b0f56b6,3512,3828,75.0,76.0,317,0.867,5.1714,9.9809,18.9682,67.31,0.4123,1.0624,25.0,normal,high,"Min2 = goethite (low, >=25.0 sd); Grp1 = oxide (low, >=25.0 sd); Grp2 = oxide (low, >=25.0 sd)"
07THD002,fd02659c-dc3d-52ea-a8eb-c032b91e7624,ca3660de-f678-5256-89f5-40d17832e4eb,b9ba28cd-0216-5314-83df-f6247b0f56b6,3829,4124,76.0,77.0,296,0.867,5.1385,8.9681,15.427,55.98,0.3981,1.0511,25.0,normal,high,"Grp1 = oxide (low, >=25.0 sd); Min2 = goethite (low, >=25.0 sd); Min1 = andesine (high, >=25.0 sd)"
07THD002,fd02659c-dc3d-52ea-a8eb-c032b91e7624,ca3660de-f678-5256-89f5-40d17832e4eb,b9ba28cd-0216-5314-83df-f6247b0f56b6,4125,4408,77.0,78.0,284,0.869,4.9299,7.119,13.9563,50.85,0.4061,1.0245,25.0,normal,high,"Min1 = aspectral (low, >=25.0 sd); Grp2 = oxide (low, >=25.0 sd); Grp1 = oxide (low, >=25.0 sd)"
07THD002,fd02659c-dc3d-52ea-a8eb-c032b91e7624,ca3660de-f678-5256-89f5-40d17832e4eb,b9ba28cd-0216-5314-83df-f6247b0f56b6,4409,4716,78.0,79.0,308,0.867,4.7712,5.4092,12.1441,43.22,0.3981,0.9805,25.0,normal,high,"Grp2 = oxide (low, >=25.0 sd); Grp1 = oxide (low, >=25.0 sd); Min1 = aspectral (low, >=25.0 sd)"
07THD002,fd02659c-dc3d-52ea-a8eb-c032b91e7624,ca3660de-f678-5256-89f5-40d17832e4eb,b9ba28cd-0216-5314-83df-f6247b0f56b6,4717,5010,79.0,80.0,294,0.867,5.1206,7.8745,14.3932,52.79,0.3999,0.9893,25.0,normal,high,"Grp1 = oxide (low, >=25.0 sd); Min1 = aspectral (low, >=25.0 sd); Grp2 = oxide (low, >=25.0 sd)"
07THD002,fd02659c-dc3d-52ea-a8eb-c032b91e7624,ca3660de-f678-5256-89f5-40d17832e4eb,b9ba28cd-0216-5314-83df-f6247b0f56b6,5011,5297,80.0,81.0,287,0.867,5.3319,8.2487,18.1111,64.3,0.4162,1.0256,25.0,normal,high,"Grp1 = oxide (low, >=25.0 sd); Min1 = andesine (high, >=25.0 sd); Grp2 = oxide (low, >=25.0 sd)"
07THD002,fd02659c-dc3d-52ea-a8eb-c032b91e7624,ca3660de-f678-5256-89f5-40d17832e4eb,b9ba28cd-0216-5314-83df-f6247b0f56b6,5298,5576,81.0,82.0,279,0.867,5.011,8.0101,21.3358,63.07,0.4107,1.0428,25.0,normal,high,"Grp2 = oxide (low, >=25.0 sd); Grp1 = oxide (low, >=25.0 sd); Min1 = aspectral (low, >=25.0 sd)"
07THD002,fd02659c-dc3d-52ea-a8eb-c032b91e7624,ca3660de-f678-5256-89f5-40d17832e4eb,b9ba28cd-0216-5314-83df-f6247b0f56b6,5577,5850,82.0,83.0,274,0.867,4.8988,6.882,16.8446,47.87,0.3887,1.0141,25.0,normal,high,"Grp1 = oxide (low, >=25.0 sd); Min1 = aspectral (low, >=25.0 sd); Grp2 = oxide (low, >=25.0 sd)"
07THD002,fd02659c-dc3d-52ea-a8eb-c032b91e7624,ca3660de-f678-5256-89f5-40d17832e4eb,b9ba28cd-0216-5314-83df-f6247b0f56b6,5851,6123,83.0,84.0,273,0.867,4.6858,5.9506,12.0962,43.37,0.3978,0.9996,25.0,normal,high,"Grp1 = oxide (low, >=25.0 sd); Grp2 = oxide (low, >=25.0 sd); Min1 = aspectral (low, >=25.0 sd)"
07THD002,fd02659c-dc3d-52ea-a8eb-c032b91e7624,ca3660de-f678-5256-89f5-40d17832e4eb,b9ba28cd-0216-5314-83df-f6247b0f56b6,6124,6394,84.0,85.0,271,0.871,4.8321,8.5534,19.7289,58.22,0.3993,1.0657,25.0,normal,high,"Grp2 = oxide (low, >=25.0 sd); Grp1 = oxide (low, >=25.0 sd); Min1 = aspectral (low, >=25.0 sd)"
07THD002,fd02659c-dc3d-52ea-a8eb-c032b91e7624,ca3660de-f678-5256-89f5-40d17832e4eb,b9ba28cd-0216-5314-83df-f6247b0f56b6,6395,6674,85.0,86.0,280,0.867,5.0115,6.5488,14.4269,45.79,0.39,0.9662,25.0,normal,high,"Grp1 = oxide (low, >=25.0 sd); Grp2 = oxide (low, >=25.0 sd); Min1 = aspectral (low, >=25.0 sd)"
07THD002,fd02659c-dc3d-52ea-a8eb-c032b91e7624,ca3660de-f678-5256-89f5-40d17832e4eb,b9ba28cd-0216-5314-83df-f6247b0f56b6,6675,6935,86.0,87.0,261,0.867,5.247,8.2526,19.1339,58.55,0.3944,0.9911,25.0,normal,high,"Min1 = andesine (high, >=25.0 sd); Grp2 = oxide (low, >=25.0 sd); Min1 = aspectral (low, >=25.0 sd)"
07THD002,fd02659c-dc3d-52ea-a8eb-c032b91e7624,ca3660de-f678-5256-89f5-40d17832e4eb,b9ba28cd-0216-5314-83df-f6247b0f56b6,6936,7198,87.0,88.0,263,0.867,4.9441,7.3576,13.4854,52.56,0.4131,0.9677,25.0,normal,high,"Grp2 = oxide (low, >=25.0 sd); Grp1 = oxide (low, >=25.0 sd); Min1 = andesine (high, >=25.0 sd)"
07THD002,fd02659c-dc3d-52ea-a8eb-c032b91e7624,ca3660de-f678-5256-89f5-40d17832e4eb,b9ba28cd-0216-5314-83df-f6247b0f56b6,7199,7456,88.0,89.0,258,0.867,5.0435,8.4885,14.7389,54.69,0.403,0.9975,25.0,normal,high,"Grp1 = oxide (low, >=25.0 sd); Min1 = andesine (high, >=25.0 sd); Min1 = aspectral (low, >=25.0 sd)"
07THD002,fd02659c-dc3d-52ea-a8eb-c032b91e7624,ca3660de-f678-5256-89f5-40d17832e4eb,b9ba28cd-0216-5314-83df-f6247b0f56b6,7457,7719,89.0,90.0,263,0.867,5.034,6.3012,13.8103,50.4,0.4073,0.9962,25.0,normal,high,"Grp1 = oxide (low, >=25.0 sd); Min1 = aspectral (low, >=25.0 sd); Min1 = andesine (high, >=25.0 sd)"
07THD002,fd02659c-dc3d-52ea-a8eb-c032b91e7624,ca3660de-f678-5256-89f5-40d17832e4eb,b9ba28cd-0216-5314-83df-f6247b0f56b6,7720,8009,90.0,91.0,290,0.867,5.035,6.45,13.9941,49.04,0.4011,0.969,25.0,normal,high,"Min1 = aspectral (low, >=25.0 sd); Grp2 = oxide (low, >=25.0 sd); Grp1 = oxide (low, >=25.0 sd)"
07THD002,fd02659c-dc3d-52ea-a8eb-c032b91e7624,ca3660de-f678-5256-89f5-40d17832e4eb,b9ba28cd-0216-5314-83df-f6247b0f56b6,8010,8334,91.0,92.0,325,0.867,5.1357,8.134,16.6622,60.15,0.4148,0.9991,25.0,normal,high,"Grp1 = oxide (low, >=25.0 sd); Min1 = aspectral (low, >=25.0 sd); Min2 = goethite (low, >=25.0 sd)"
07THD002,fd02659c-dc3d-52ea-a8eb-c032b91e7624,ca3660de-f678-5256-89f5-40d17832e4eb,b9ba28cd-0216-5314-83df-f6247b0f56b6,8335,8606,92.0,93.0,272,0.867,5.7078,12.4559,25.272,82.05,0.4057,1.343,25.0,normal,high,"Grp2 = other-aloh (high, >=25.0 sd); Min1 = andesine (high, >=25.0 sd); Grp1 = other-aloh (high, >=25.0 sd)"
07THD002,fd02659c-dc3d-52ea-a8eb-c032b91e7624,ca3660de-f678-5256-89f5-40d17832e4eb,b9ba28cd-0216-5314-83df-f6247b0f56b6,8607,8879,93.0,94.0,273,0.867,5.6549,12.0029,28.8662,83.07,0.4096,1.309,25.0,normal,high,"Grp1 = other-aloh (high, >=25.0 sd); Min1 = andesine (high, >=25.0 sd); Grp2 = other-aloh (high, >=25.0 sd)"
07THD002,fd02659c-dc3d-52ea-a8eb-c032b91e7624,ca3660de-f678-5256-89f5-40d17832e4eb,b9ba28cd-0216-5314-83df-f6247b0f56b6,8880,9154,94.0,95.0,275,0.867,5.086,6.3566,15.8185,45.06,0.3831,0.9816,25.0,normal,high,"Grp1 = oxide (low, >=25.0 sd); Min1 = aspectral (low, >=25.0 sd); Grp2 = oxide (low, >=25.0 sd)"
07THD002,fd02659c-dc3d-52ea-a8eb-c032b91e7624,ca3660de-f678-5256-89f5-40d17832e4eb,b9ba28cd-0216-5314-83df-f6247b0f56b6,9155,9432,95.0,96.0,278,0.867,4.8864,7.0473,12.1818,45.16,0.394,0.9738,25.0,normal,high,"Grp2 = oxide (low, >=25.0 sd); Grp1 = oxide (low, >=25.0 sd); Min1 = aspectral (low, >=25.0 sd)"
07THD002,fd02659c-dc3d-52ea-a8eb-c032b91e7624,ca3660de-f678-5256-89f5-40d17832e4eb,b9ba28cd-0216-5314-83df-f6247b0f56b6,9433,9730,96.0,97.0,298,0.867,5.4731,8.7294,13.0354,58.88,0.4048,1.0077,25.0,normal,high,"Grp2 = oxide (low, >=25.0 sd); Grp1 = pyroxene (high, >=25.0 sd); Min1 = andesine (high, >=25.0 sd)"
07THD002,fd02659c-dc3d-52ea-a8eb-c032b91e7624,ca3660de-f678-5256-89f5-40d17832e4eb,b9ba28cd-0216-5314-83df-f6247b0f56b6,9731,10005,97.0,98.0,275,0.867,5.4357,8.5131,15.8923,61.55,0.4071,1.0263,25.0,normal,high,"Grp2 = pyroxene (high, >=25.0 sd); Min1 = augite (high, >=25.0 sd); Min1 = andesine (high, >=25.0 sd)"
07THD002,fd02659c-dc3d-52ea-a8eb-c032b91e7624,ca3660de-f678-5256-89f5-40d17832e4eb,b9ba28cd-0216-5314-83df-f6247b0f56b6,10006,10286,98.0,99.0,281,0.867,4.8738,7.8784,18.9244,59.42,0.4109,1.0016,25.0,normal,high,"Min1 = aspectral (low, >=25.0 sd); Grp1 = oxide (low, >=25.0 sd); Grp2 = oxide (low, >=25.0 sd)"
07THD002,fd02659c-dc3d-52ea-a8eb-c032b91e7624,ca3660de-f678-5256-89f5-40d17832e4eb,b9ba28cd-0216-5314-83df-f6247b0f56b6,10287,10554,99.0,100.0,268,0.869,5.4657,10.1852,22.0637,75.71,0.4209,1.1018,25.0,normal,high,"Grp2 = oxide (low, >=25.0 sd); Grp1 = oxide (low, >=25.0 sd); Min1 = aspectral (low, >=25.0 sd)"
07THD002,fd02659c-dc3d-52ea-a8eb-c032b91e7624,ca3660de-f678-5256-89f5-40d17832e4eb,b9ba28cd-0216-5314-83df-f6247b0f56b6,10555,10818,100.0,101.0,264,0.867,5.3147,9.1496,16.6524,64.99,0.4188,1.0235,25.0,normal,high,"Grp2 = oxide (low, >=25.0 sd); Grp1 = pyroxene (high, >=25.0 sd); Min1 = andesine (high, >=25.0 sd)"
07THD002,fd02659c-dc3d-52ea-a8eb-c032b91e7624,ca3660de-f678-5256-89f5-40d17832e4eb,b9ba28cd-0216-5314-83df-f6247b0f56b6,10819,11106,101.0,102.0,288,0.867,4.7717,8.0729,18.8813,58.17,0.4059,1.0677,25.0,normal,high,"Grp2 = oxide (low, >=25.0 sd); Grp1 = oxide (low, >=25.0 sd); Min2 = goethite (low, >=25.0 sd)"
07THD002,fd02659c-dc3d-52ea-a8eb-c032b91e7624,ca3660de-f678-5256-89f5-40d17832e4eb,b9ba28cd-0216-5314-83df-f6247b0f56b6,11107,11413,102.0,103.0,307,0.867,4.9599,7.9063,19.2031,55.73,0.3958,1.0828,25.0,normal,high,"Grp2 = oxide (low, >=25.0 sd); Min2 = goethite (low, >=25.0 sd); Min1 = aspectral (low, >=25.0 sd)"
07THD002,fd02659c-dc3d-52ea-a8eb-c032b91e7624,ca3660de-f678-5256-89f5-40d17832e4eb,b9ba28cd-0216-5314-83df-f6247b0f56b6,11414,11694,103.0,104.0,281,0.867,5.3665,12.4936,27.0984,81.78,0.4205,1.3541,25.0,normal,high,"Grp2 = other-aloh (high, >=25.0 sd); Grp1 = oxide (low, >=25.0 sd); Grp2 = oxide (low, >=25.0 sd)"
07THD002,fd02659c-dc3d-52ea-a8eb-c032b91e7624,ca3660de-f678-5256-89f5-40d17832e4eb,b9ba28cd-0216-5314-83df-f6247b0f56b6,11695,12004,104.0,105.0,310,0.867,5.2185,11.9778,20.6369,76.0,0.4318,1.3399,25.0,normal,high,"Grp1 = other-aloh (high, >=25.0 sd); Grp1 = oxide (low, >=25.0 sd); Min1 = aspectral (low, >=25.0 sd)"
07THD002,fd02659c-dc3d-52ea-a8eb-c032b91e7624,ca3660de-f678-5256-89f5-40d17832e4eb,b9ba28cd-0216-5314-83df-f6247b0f56b6,12005,12364,105.0,106.0,360,0.867,5.212,8.6703,16.3384,61.2,0.4129,1.1069,25.0,normal,high,"Min1 = aspectral (low, >=25.0 sd); Grp1 = oxide (low, >=25.0 sd); Grp2 = oxide (low, >=25.0 sd)"
07THD002,fd02659c-dc3d-52ea-a8eb-c032b91e7624,ca3660de-f678-5256-89f5-40d17832e4eb,b9ba28cd-0216-5314-83df-f6247b0f56b6,12365,12623,106.0,107.0,259,0.867,4.7726,7.2661,15.6054,48.44,0.3948,1.0168,25.0,normal,high,"Grp1 = oxide (low, >=25.0 sd); Grp2 = oxide (low, >=25.0 sd); Min1 = aspectral (low, >=25.0 sd)"
07THD002,fd02659c-dc3d-52ea-a8eb-c032b91e7624,ca3660de-f678-5256-89f5-40d17832e4eb,b9ba28cd-0216-5314-83df-f6247b0f56b6,12624,12896,107.0,108.0,273,0.867,4.7701,5.6737,12.841,42.93,0.3947,0.9694,25.0,normal,high,"Min1 = aspectral (low, >=25.0 sd); Grp2 = oxide (low, >=25.0 sd); Grp1 = oxide (low, >=25.0 sd)"
07THD002,fd02659c-dc3d-52ea-a8eb-c032b91e7624,ca3660de-f678-5256-89f5-40d17832e4eb,b9ba28cd-0216-5314-83df-f6247b0f56b6,12897,13189,108.0,109.0,293,0.867,4.8566,7.0925,17.8382,51.56,0.3952,0.9926,25.0,normal,high,"Grp1 = oxide (low, >=25.0 sd); Min2 = goethite (low, >=25.0 sd); Grp2 = oxide (low, >=25.0 sd)"
07THD002,fd02659c-dc3d-52ea-a8eb-c032b91e7624,ca3660de-f678-5256-89f5-40d17832e4eb,b9ba28cd-0216-5314-83df-f6247b0f56b6,13190,13461,109.0,110.0,272,0.867,5.0513,6.4623,14.8249,49.04,0.3978,0.9744,25.0,normal,high,"Grp2 = oxide (low, >=25.0 sd); Grp1 = oxide (low, >=25.0 sd); Min1 = aspectral (low, >=25.0 sd)"
07THD002,fd02659c-dc3d-52ea-a8eb-c032b91e7624,ca3660de-f678-5256-89f5-40d17832e4eb,b9ba28cd-0216-5314-83df-f6247b0f56b6,13462,13745,110.0,111.0,284,0.867,5.4628,8.4628,14.7795,51.11,0.3796,1.0214,25.0,normal,high,"Min2 = goethite (low, >=25.0 sd); Grp1 = oxide (low, >=25.0 sd); Grp2 = oxide (low, >=25.0 sd)"
07THD002,fd02659c-dc3d-52ea-a8eb-c032b91e7624,ca3660de-f678-5256-89f5-40d17832e4eb,b9ba28cd-0216-5314-83df-f6247b0f56b6,13746,14027,111.0,112.0,282,0.867,5.0079,6.9721,15.4382,46.43,0.3872,0.9877,25.0,normal,high,"Grp2 = oxide (low, >=25.0 sd); Grp1 = oxide (low, >=25.0 sd); Min1 = aspectral (low, >=25.0 sd)"
07THD002,fd02659c-dc3d-52ea-a8eb-c032b91e7624,ca3660de-f678-5256-89f5-40d17832e4eb,b9ba28cd-0216-5314-83df-f6247b0f56b6,14028,14291,112.0,113.0,264,0.867,5.2646,8.8763,15.0993,51.67,0.3843,1.0059,25.0,normal,high,"Min2 = augite (high, >=25.0 sd); Grp2 = oxide (low, >=25.0 sd); Min1 = andesine (high, >=25.0 sd)"
07THD002,fd02659c-dc3d-52ea-a8eb-c032b91e7624,ca3660de-f678-5256-89f5-40d17832e4eb,b9ba28cd-0216-5314-83df-f6247b0f56b6,14292,14551,113.0,114.0,260,0.867,5.2839,7.7673,15.3326,48.94,0.3823,1.0,25.0,normal,high,"Grp2 = oxide (low, >=25.0 sd); Grp1 = oxide (low, >=25.0 sd); Min1 = aspectral (low, >=25.0 sd)"
07THD002,fd02659c-dc3d-52ea-a8eb-c032b91e7624,ca3660de-f678-5256-89f5-40d17832e4eb,b9ba28cd-0216-5314-83df-f6247b0f56b6,14552,14880,114.0,115.0,329,0.867,5.1654,6.2552,15.9694,51.71,0.3997,0.9999,25.0,normal,high,"Min2 = goethite (low, >=25.0 sd); Min1 = aspectral (low, >=25.0 sd); Grp2 = oxide (low, >=25.0 sd)"
07THD002,fd02659c-dc3d-52ea-a8eb-c032b91e7624,ca3660de-f678-5256-89f5-40d17832e4eb,b9ba28cd-0216-5314-83df-f6247b0f56b6,14881,15147,115.0,116.0,267,0.867,4.4788,6.3624,15.2546,43.6,0.3923,0.9806,25.0,normal,high,"Grp2 = oxide (low, >=25.0 sd); Min1 = aspectral (low, >=25.0 sd); Grp1 = oxide (low, >=25.0 sd)"
07THD002,fd02659c-dc3d-52ea-a8eb-c032b91e7624,ca3660de-f678-5256-89f5-40d17832e4eb,b9ba28cd-0216-5314-83df-f6247b0f56b6,15148,15413,116.0,117.0,266,0.867,4.7144,6.5607,14.3552,39.78,0.3772,0.9849,25.0,normal,high,"Grp2 = oxide (low, >=25.0 sd); Grp1 = oxide (low, >=25.0 sd); Min1 = aspectral (low, >=25.0 sd)"
07THD002,fd02659c-dc3d-52ea-a8eb-c032b91e7624,ca3660de-f678-5256-89f5-40d17832e4eb,b9ba28cd-0216-5314-83df-f6247b0f56b6,15414,15707,117.0,118.0,294,0.867,5.4669,9.1827,17.8087,59.22,0.3864,1.0205,25.0,normal,high,"Min1 = andesine (high, >=25.0 sd); Grp2 = oxide (low, >=25.0 sd); Grp1 = oxide (low, >=25.0 sd)"
07THD002,fd02659c-dc3d-52ea-a8eb-c032b91e7624,ca3660de-f678-5256-89f5-40d17832e4eb,b9ba28cd-0216-5314-83df-f6247b0f56b6,15708,15972,118.0,119.0,265,0.867,5.3015,7.5014,14.1086,49.83,0.3893,1.0029,25.0,normal,high,"Grp1 = oxide (low, >=25.0 sd); Grp2 = oxide (low, >=25.0 sd); Min1 = andesine (high, >=25.0 sd)"
07THD002,fd02659c-dc3d-52ea-a8eb-c032b91e7624,ca3660de-f678-5256-89f5-40d17832e4eb,b9ba28cd-0216-5314-83df-f6247b0f56b6,15973,16261,119.0,120.0,289,0.867,5.2692,6.5542,11.5218,44.72,0.3864,1.005,25.0,normal,high,"Min2 = goethite (low, >=25.0 sd); Min1 = aspectral (low, >=25.0 sd); Grp2 = oxide (low, >=25.0 sd)"
07THD002,fd02659c-dc3d-52ea-a8eb-c032b91e7624,ca3660de-f678-5256-89f5-40d17832e4eb,b9ba28cd-0216-5314-83df-f6247b0f56b6,16262,16529,120.0,121.0,268,0.867,5.5472,8.4631,15.4964,59.63,0.3987,1.0033,25.0,normal,high,"Min1 = augite (high, >=25.0 sd); Grp1 = oxide (low, >=25.0 sd); Grp2 = oxide (low, >=25.0 sd)"
07THD002,fd02659c-dc3d-52ea-a8eb-c032b91e7624,ca3660de-f678-5256-89f5-40d17832e4eb,b9ba28cd-0216-5314-83df-f6247b0f56b6,16530,16813,121.0,122.0,284,0.867,5.795,9.8156,21.2166,76.94,0.4139,1.036,25.0,normal,high,"Grp1 = pyroxene (high, >=25.0 sd); Min1 = augite (high, >=25.0 sd); Min2 = goethite (low, >=25.0 sd)"
07THD002,fd02659c-dc3d-52ea-a8eb-c032b91e7624,ca3660de-f678-5256-89f5-40d17832e4eb,b9ba28cd-0216-5314-83df-f6247b0f56b6,16814,17089,122.0,123.0,276,0.867,5.8618,9.5084,16.8662,66.53,0.3959,1.0296,25.0,normal,high,"Grp1 = oxide (low, >=25.0 sd); Min1 = andesine (high, >=25.0 sd); Min1 = aspectral (low, >=25.0 sd)"
07THD002,fd02659c-dc3d-52ea-a8eb-c032b91e7624,ca3660de-f678-5256-89f5-40d17832e4eb,b9ba28cd-0216-5314-83df-f6247b0f56b6,17090,17352,123.0,124.0,263,0.869,5.7262,9.0443,14.6924,64.24,0.4046,1.0094,25.0,normal,high,"Grp1 = oxide (low, >=25.0 sd); Min1 = augite (high, >=25.0 sd); Grp1 = pyroxene (high, >=25.0 sd)"
07THD002,fd02659c-dc3d-52ea-a8eb-c032b91e7624,ca3660de-f678-5256-89f5-40d17832e4eb,b9ba28cd-0216-5314-83df-f6247b0f56b6,17353,17625,124.0,125.0,273,0.867,5.5913,7.8052,21.0815,64.07,0.3954,1.0024,25.0,normal,high,"Grp1 = oxide (low, >=25.0 sd); Grp2 = oxide (low, >=25.0 sd); Min1 = aspectral (low, >=25.0 sd)"
07THD002,fd02659c-dc3d-52ea-a8eb-c032b91e7624,ca3660de-f678-5256-89f5-40d17832e4eb,b9ba28cd-0216-5314-83df-f6247b0f56b6,17626,17908,125.0,126.0,283,0.867,5.7187,10.1296,21.1528,73.56,0.4015,1.0305,25.0,normal,high,"Grp1 = oxide (low, >=25.0 sd); Min1 = augite (high, >=25.0 sd); Min1 = aspectral (low, >=25.0 sd)"
07THD002,fd02659c-dc3d-52ea-a8eb-c032b91e7624,ca3660de-f678-5256-89f5-40d17832e4eb,b9ba28cd-0216-5314-83df-f6247b0f56b6,17909,18198,126.0,127.0,290,0.867,5.7167,9.353,15.375,65.43,0.4039,1.0072,25.0,normal,high,"Min2 = goethite (low, >=25.0 sd); Min1 = aspectral (low, >=25.0 sd); Grp1 = oxide (low, >=25.0 sd)"
07THD002,fd02659c-dc3d-52ea-a8eb-c032b91e7624,ca3660de-f678-5256-89f5-40d17832e4eb,b9ba28cd-0216-5314-83df-f6247b0f56b6,18199,18471,127.0,128.0,273,0.867,5.202,9.2743,15.1662,55.55,0.3936,1.0004,25.0,normal,high,"Grp1 = oxide (low, >=25.0 sd); Grp2 = oxide (low, >=25.0 sd); Min1 = aspectral (low, >=25.0 sd)"
07THD002,fd02659c-dc3d-52ea-a8eb-c032b91e7624,ca3660de-f678-5256-89f5-40d17832e4eb,b9ba28cd-0216-5314-83df-f6247b0f56b6,18472,18739,128.0,129.0,268,0.863,5.6869,11.1312,22.9406,73.64,0.3914,1.0568,25.0,normal,high,"Grp3 = pyroxene (high, >=25.0 sd); Min1 = labradorite (high, >=25.0 sd); Min3 = augite (high, >=25.0 sd)"
07THD002,fd02659c-dc3d-52ea-a8eb-c032b91e7624,ca3660de-f678-5256-89f5-40d17832e4eb,b9ba28cd-0216-5314-83df-f6247b0f56b6,18740,19026,129.0,130.0,287,0.863,5.741,10.8844,17.2484,71.21,0.401,1.0269,25.0,normal,high,"Grp1 = oxide (low, >=25.0 sd); Min2 = goethite (low, >=25.0 sd); Min1 = aspectral (low, >=25.0 sd)"
07THD002,fd02659c-dc3d-52ea-a8eb-c032b91e7624,ca3660de-f678-5256-89f5-40d17832e4eb,b9ba28cd-0216-5314-83df-f6247b0f56b6,19027,19294,130.0,131.0,268,0.859,5.6191,10.1245,13.9396,60.49,0.3913,1.0172,25.0,normal,high,"Grp1 = oxide (low, >=25.0 sd); Grp2 = oxide (low, >=25.0 sd); Min1 = aspectral (low, >=25.0 sd)"
07THD002,fd02659c-dc3d-52ea-a8eb-c032b91e7624,ca3660de-f678-5256-89f5-40d17832e4eb,b9ba28cd-0216-5314-83df-f6247b0f56b6,19295,19562,131.0,132.0,268,0.867,5.6077,9.8669,17.0382,63.18,0.3904,1.0114,25.0,normal,high,"Grp2 = oxide (low, >=25.0 sd); Grp1 = pyroxene (high, >=25.0 sd); Min1 = aspectral (low, >=25.0 sd)"
07THD002,fd02659c-dc3d-52ea-a8eb-c032b91e7624,ca3660de-f678-5256-89f5-40d17832e4eb,b9ba28cd-0216-5314-83df-f6247b0f56b6,19563,19843,132.0,133.0,281,0.869,5.1253,7.6175,13.8256,46.02,0.3842,0.992,25.0,normal,high,"Grp1 = oxide (low, >=25.0 sd); Min1 = aspectral (low, >=25.0 sd); Grp2 = oxide (low, >=25.0 sd)"
07THD002,fd02659c-dc3d-52ea-a8eb-c032b91e7624,ca3660de-f678-5256-89f5-40d17832e4eb,b9ba28cd-0216-5314-83df-f6247b0f56b6,19844,20187,133.0,134.0,344,0.867,5.3945,8.6009,20.6146,68.58,0.4155,1.0161,25.0,normal,high,"Grp2 = oxide (low, >=25.0 sd); Min1 = aspectral (low, >=25.0 sd); Grp1 = oxide (low, >=25.0 sd)"
07THD002,fd02659c-dc3d-52ea-a8eb-c032b91e7624,ca3660de-f678-5256-89f5-40d17832e4eb,b9ba28cd-0216-5314-83df-f6247b0f56b6,20188,20474,134.0,135.0,287,0.867,5.6774,11.4327,23.4321,77.48,0.401,1.0714,25.0,normal,high,"Min1 = augite (high, >=25.0 sd); Grp1 = pyroxene (high, >=25.0 sd); Grp1 = oxide (low, >=25.0 sd)"
07THD002,fd02659c-dc3d-52ea-a8eb-c032b91e7624,ca3660de-f678-5256-89f5-40d17832e4eb,b9ba28cd-0216-5314-83df-f6247b0f56b6,20475,20734,135.0,136.0,260,0.863,5.4685,10.6478,13.3193,58.47,0.389,1.0239,25.0,normal,high,"Grp1 = pyroxene (high, >=25.0 sd); Grp1 = oxide (low, >=25.0 sd); Grp2 = oxide (low, >=25.0 sd)"
07THD002,fd02659c-dc3d-52ea-a8eb-c032b91e7624,ca3660de-f678-5256-89f5-40d17832e4eb,b9ba28cd-0216-5314-83df-f6247b0f56b6,20735,20953,136.0,137.0,219,0.867,5.423,10.5603,11.7641,62.14,0.4056,1.0142,25.0,normal,high,"Grp1 = oxide (low, >=25.0 sd); Min1 = augite (high, >=25.0 sd); Grp1 = pyroxene (high, >=25.0 sd)"
07THD002,fd02659c-dc3d-52ea-a8eb-c032b91e7624,ca3660de-f678-5256-89f5-40d17832e4eb,b9ba28cd-0216-5314-83df-f6247b0f56b6,20954,21162,137.0,138.0,209,0.861,4.646,7.5448,18.6018,52.61,0.3961,0.9983,25.0,normal,high,"Grp2 = oxide (low, >=25.0 sd); Min1 = aspectral (low, >=25.0 sd); Grp1 = oxide (low, >=25.0 sd)"
07THD002,fd02659c-dc3d-52ea-a8eb-c032b91e7624,ca3660de-f678-5256-89f5-40d17832e4eb,b9ba28cd-0216-5314-83df-f6247b0f56b6,21163,21502,138.0,139.0,340,0.859,5.5147,9.1763,15.4142,63.97,0.409,1.0176,25.0,normal,high,"Grp2 = oxide (low, >=25.0 sd); Grp1 = oxide (low, >=25.0 sd); Min2 = goethite (low, >=25.0 sd)"
07THD002,fd02659c-dc3d-52ea-a8eb-c032b91e7624,ca3660de-f678-5256-89f5-40d17832e4eb,b9ba28cd-0216-5314-83df-f6247b0f56b6,21503,21757,139.0,140.0,255,0.867,5.6709,10.5147,19.3406,73.73,0.4092,1.0179,25.0,normal,high,"Grp2 = pyroxene (high, >=25.0 sd); Grp1 = oxide (low, >=25.0 sd); Grp2 = oxide (low, >=25.0 sd)"
07THD002,fd02659c-dc3d-52ea-a8eb-c032b91e7624,ca3660de-f678-5256-89f5-40d17832e4eb,b9ba28cd-0216-5314-83df-f6247b0f56b6,21758,22038,140.0,141.0,281,0.859,5.9405,11.4964,19.0264,75.56,0.3992,1.049,25.0,normal,high,"Grp1 = oxide (low, >=25.0 sd); Min1 = augite (high, >=25.0 sd); Grp2 = pyroxene (high, >=25.0 sd)"
07THD002,fd02659c-dc3d-52ea-a8eb-c032b91e7624,ca3660de-f678-5256-89f5-40d17832e4eb,b9ba28cd-0216-5314-83df-f6247b0f56b6,22039,22310,141.0,142.0,272,0.867,5.6071,9.8666,14.3632,63.72,0.402,1.0103,25.0,normal,high,"Grp2 = oxide (low, >=25.0 sd); Grp1 = oxide (low, >=25.0 sd); Min1 = augite (high, >=25.0 sd)"
07THD002,fd02659c-dc3d-52ea-a8eb-c032b91e7624,ca3660de-f678-5256-89f5-40d17832e4eb,b9ba28cd-0216-5314-83df-f6247b0f56b6,22311,22600,142.0,143.0,290,0.869,4.9878,7.8503,13.3065,45.83,0.3867,0.9873,25.0,normal,high,"Grp2 = oxide (low, >=25.0 sd); Grp1 = oxide (low, >=25.0 sd); Min1 = aspectral (low, >=25.0 sd)"
07THD002,fd02659c-dc3d-52ea-a8eb-c032b91e7624,ca3660de-f678-5256-89f5-40d17832e4eb,b9ba28cd-0216-5314-83df-f6247b0f56b6,22601,22856,143.0,144.0,256,0.867,5.2861,9.2043,14.9954,57.03,0.396,0.9843,25.0,normal,high,"Min1 = oligoclase (high, >=25.0 sd); Grp2 = oxide (low, >=25.0 sd); Grp1 = oxide (low, >=25.0 sd)"
07THD002,fd02659c-dc3d-52ea-a8eb-c032b91e7624,ca3660de-f678-5256-89f5-40d17832e4eb,b9ba28cd-0216-5314-83df-f6247b0f56b6,22857,23135,144.0,145.0,279,0.867,5.5156,10.8833,17.7761,60.95,0.3768,1.0605,25.0,normal,high,"Grp1 = oxide (low, >=25.0 sd); Grp2 = pyroxene (high, >=25.0 sd); Min2 = augite (high, >=25.0 sd)"
07THD002,fd02659c-dc3d-52ea-a8eb-c032b91e7624,ca3660de-f678-5256-89f5-40d17832e4eb,b9ba28cd-0216-5314-83df-f6247b0f56b6,23136,23465,145.0,146.0,330,0.867,5.5209,8.8921,13.7826,57.76,0.3966,0.9886,25.0,normal,high,"Min2 = goethite (low, >=25.0 sd); Grp2 = oxide (low, >=25.0 sd); Grp1 = oxide (low, >=25.0 sd)"
07THD002,fd02659c-dc3d-52ea-a8eb-c032b91e7624,ca3660de-f678-5256-89f5-40d17832e4eb,b9ba28cd-0216-5314-83df-f6247b0f56b6,23466,23735,146.0,147.0,270,0.869,5.6833,8.8369,13.4618,54.69,0.3843,0.9852,25.0,normal,high,"Grp1 = oxide (low, >=25.0 sd); Min1 = oligoclase (high, >=25.0 sd); Min1 = aspectral (low, >=25.0 sd)"
07THD002,fd02659c-dc3d-52ea-a8eb-c032b91e7624,ca3660de-f678-5256-89f5-40d17832e4eb,b9ba28cd-0216-5314-83df-f6247b0f56b6,23736,24048,147.0,148.0,313,0.867,5.7789,9.9997,15.3922,64.24,0.3929,1.0134,25.0,normal,high,"Grp2 = oxide (low, >=25.0 sd); Min2 = augite (high, >=25.0 sd); Grp1 = oxide (low, >=25.0 sd)"
07THD002,fd02659c-dc3d-52ea-a8eb-c032b91e7624,ca3660de-f678-5256-89f5-40d17832e4eb,b9ba28cd-0216-5314-83df-f6247b0f56b6,24049,24319,148.0,149.0,271,0.869,5.0557,7.4407,13.5034,45.91,0.3872,0.9865,25.0,normal,high,"Grp2 = oxide (low, >=25.0 sd); Min1 = aspectral (low, >=25.0 sd); Grp1 = oxide (low, >=25.0 sd)"
07THD002,fd02659c-dc3d-52ea-a8eb-c032b91e7624,ca3660de-f678-5256-89f5-40d17832e4eb,b9ba28cd-0216-5314-83df-f6247b0f56b6,24320,24601,149.0,150.0,282,0.867,5.0635,8.1463,16.3758,56.17,0.4027,0.9875,25.0,normal,high,"Grp2 = oxide (low, >=25.0 sd); Grp1 = oxide (low, >=25.0 sd); Min1 = aspectral (low, >=25.0 sd)"
07THD002,fd02659c-dc3d-52ea-a8eb-c032b91e7624,ca3660de-f678-5256-89f5-40d17832e4eb,b9ba28cd-0216-5314-83df-f6247b0f56b6,24602,24886,150.0,151.0,285,0.867,5.4202,8.8749,12.9696,50.9,0.3828,0.9937,25.0,normal,high,"Min1 = aspectral (low, >=25.0 sd); Min1 = oligoclase (high, >=25.0 sd); Grp2 = oxide (low, >=25.0 sd)"
07THD002,fd02659c-dc3d-52ea-a8eb-c032b91e7624,ca3660de-f678-5256-89f5-40d17832e4eb,b9ba28cd-0216-5314-83df-f6247b0f56b6,24887,25155,151.0,152.0,269,0.867,5.5678,10.0315,22.2703,70.45,0.3949,1.0185,25.0,normal,high,"Grp3 = pyroxene (high, >=25.0 sd); Grp1 = oxide (low, >=25.0 sd); Min1 = aspectral (low, >=25.0 sd)"
07THD002,fd02659c-dc3d-52ea-a8eb-c032b91e7624,ca3660de-f678-5256-89f5-40d17832e4eb,b9ba28cd-0216-5314-83df-f6247b0f56b6,25156,25422,152.0,153.0,267,0.867,5.7043,8.8604,16.5212,59.11,0.3854,0.9964,25.0,normal,high,"Grp1 = oxide (low, >=25.0 sd); Grp2 = oxide (low, >=25.0 sd); Grp3 = pyroxene (high, >=25.0 sd)"
07THD002,fd02659c-dc3d-52ea-a8eb-c032b91e7624,ca3660de-f678-5256-89f5-40d17832e4eb,b9ba28cd-0216-5314-83df-f6247b0f56b6,25423,25734,153.0,154.0,312,0.867,5.5604,9.649,17.2091,66.93,0.4043,1.0089,25.0,normal,high,"Grp3 = pyroxene (high, >=25.0 sd); Grp2 = oxide (low, >=25.0 sd); Grp1 = oxide (low, >=25.0 sd)"
07THD002,fd02659c-dc3d-52ea-a8eb-c032b91e7624,ca3660de-f678-5256-89f5-40d17832e4eb,b9ba28cd-0216-5314-83df-f6247b0f56b6,25735,26005,154.0,155.0,271,0.867,5.4733,9.9239,15.4699,59.55,0.3902,1.0015,25.0,normal,high,"Grp1 = oxide (low, >=25.0 sd); Grp2 = oxide (low, >=25.0 sd); Min1 = oligoclase (high, >=25.0 sd)"
07THD002,fd02659c-dc3d-52ea-a8eb-c032b91e7624,ca3660de-f678-5256-89f5-40d17832e4eb,b9ba28cd-0216-5314-83df-f6247b0f56b6,26006,26303,155.0,156.0,298,0.867,5.0934,6.945,17.9147,47.56,0.3783,0.9843,25.0,normal,high,"Min2 = goethite (low, >=25.0 sd); Min1 = aspectral (low, >=25.0 sd); Grp2 = oxide (low, >=25.0 sd)"
07THD002,fd02659c-dc3d-52ea-a8eb-c032b91e7624,ca3660de-f678-5256-89f5-40d17832e4eb,b9ba28cd-0216-5314-83df-f6247b0f56b6,26304,26617,156.0,157.0,314,0.867,5.9291,8.7742,17.7371,66.03,0.3948,0.9949,25.0,normal,high,"Grp1 = oxide (low, >=25.0 sd); Grp2 = oxide (low, >=25.0 sd); Grp3 = pyroxene (high, >=25.0 sd)"
07THD002,fd02659c-dc3d-52ea-a8eb-c032b91e7624,ca3660de-f678-5256-89f5-40d17832e4eb,b9ba28cd-0216-5314-83df-f6247b0f56b6,26618,26898,157.0,158.0,281,0.867,5.785,8.6911,15.4474,60.95,0.3927,0.9939,25.0,normal,high,"Grp1 = oxide (low, >=25.0 sd); Min1 = aspectral (low, >=25.0 sd); Grp2 = oxide (low, >=25.0 sd)"
07THD002,fd02659c-dc3d-52ea-a8eb-c032b91e7624,ca3660de-f678-5256-89f5-40d17832e4eb,b9ba28cd-0216-5314-83df-f6247b0f56b6,26899,27182,158.0,159.0,284,0.871,5.7799,9.6139,19.4599,64.74,0.3833,0.9822,25.0,normal,high,"Min1 = oligoclase (high, >=25.0 sd); Min1 = aspectral (low, >=25.0 sd); Grp1 = oxide (low, >=25.0 sd)"
07THD002,fd02659c-dc3d-52ea-a8eb-c032b91e7624,ca3660de-f678-5256-89f5-40d17832e4eb,b9ba28cd-0216-5314-83df-f6247b0f56b6,27183,27430,159.0,160.0,248,0.867,4.9791,10.4562,16.5123,56.13,0.3878,1.073,25.0,normal,high,"Grp1 = oxide (low, >=25.0 sd); Grp3 = pyroxene (high, >=25.0 sd); Grp2 = oxide (low, >=25.0 sd)"
07THD002,fd02659c-dc3d-52ea-a8eb-c032b91e7624,ca3660de-f678-5256-89f5-40d17832e4eb,b9ba28cd-0216-5314-83df-f6247b0f56b6,27431,27735,160.0,161.0,305,0.867,5.2317,8.8825,15.2382,52.38,0.3865,0.9865,25.0,normal,high,"Min1 = oligoclase (high, >=25.0 sd); Grp2 = oxide (low, >=25.0 sd); Min2 = goethite (low, >=25.0 sd)"
07THD002,fd02659c-dc3d-52ea-a8eb-c032b91e7624,ca3660de-f678-5256-89f5-40d17832e4eb,b9ba28cd-0216-5314-83df-f6247b0f56b6,27736,28024,161.0,162.0,289,0.867,5.0027,10.7164,30.7867,72.39,0.4027,1.2463,25.0,normal,high,"Grp1 = oxide (low, >=25.0 sd); Min2 = goethite (low, >=25.0 sd); Min2 = labradorite (high, >=25.0 sd)"
07THD002,fd02659c-dc3d-52ea-a8eb-c032b91e7624,ca3660de-f678-5256-89f5-40d17832e4eb,b9ba28cd-0216-5314-83df-f6247b0f56b6,28025,28321,162.0,163.0,297,0.859,5.8891,9.7253,20.0054,69.95,0.3918,0.9837,25.0,normal,high,"Grp2 = oxide (low, >=25.0 sd); Min2 = goethite (low, >=25.0 sd); Min1 = oligoclase (high, >=25.0 sd)"
07THD002,fd02659c-dc3d-52ea-a8eb-c032b91e7624,ca3660de-f678-5256-89f5-40d17832e4eb,b9ba28cd-0216-5314-83df-f6247b0f56b6,28322,28592,163.0,164.0,271,0.859,5.7869,9.2391,20.8878,65.58,0.383,1.005,25.0,normal,high,"Grp2 = oxide (low, >=25.0 sd); Grp1 = oxide (low, >=25.0 sd); Min1 = oligoclase (high, >=25.0 sd)"
07THD002,fd02659c-dc3d-52ea-a8eb-c032b91e7624,ca3660de-f678-5256-89f5-40d17832e4eb,b9ba28cd-0216-5314-83df-f6247b0f56b6,28593,28856,164.0,165.0,264,0.859,5.9647,11.905,34.4838,82.96,0.3942,1.1185,25.0,normal,high,"Grp2 = oxide (low, >=25.0 sd); Min3 = augite (high, >=25.0 sd); Min1 = aspectral (low, >=25.0 sd)"
07THD002,fd02659c-dc3d-52ea-a8eb-c032b91e7624,ca3660de-f678-5256-89f5-40d17832e4eb,b9ba28cd-0216-5314-83df-f6247b0f56b6,28857,29124,165.0,166.0,268,0.867,5.735,10.872,25.1618,71.41,0.3812,1.0531,25.0,normal,high,"Grp3 = pyroxene (high, >=25.0 sd); Grp2 = oxide (low, >=25.0 sd); Min1 = oligoclase (high, >=25.0 sd)"
07THD002,fd02659c-dc3d-52ea-a8eb-c032b91e7624,ca3660de-f678-5256-89f5-40d17832e4eb,b9ba28cd-0216-5314-83df-f6247b0f56b6,29125,29394,166.0,167.0,270,0.869,5.4854,8.9039,16.6925,54.27,0.3762,0.9991,25.0,normal,high,"Grp1 = oxide (low, >=25.0 sd); Min1 = aspectral (low, >=25.0 sd); Grp2 = oxide (low, >=25.0 sd)"
07THD002,fd02659c-dc3d-52ea-a8eb-c032b91e7624,ca3660de-f678-5256-89f5-40d17832e4eb,b9ba28cd-0216-5314-83df-f6247b0f56b6,29395,29778,167.0,168.0,384,0.867,5.8613,9.9671,24.9628,82.76,0.4324,1.0472,25.0,normal,high,"Grp1 = oxide (low, >=25.0 sd); Min1 = oligoclase (high, >=25.0 sd); Min1 = aspectral (low, >=25.0 sd)"
07THD002,fd02659c-dc3d-52ea-a8eb-c032b91e7624,ca3660de-f678-5256-89f5-40d17832e4eb,b9ba28cd-0216-5314-83df-f6247b0f56b6,29779,30069,168.0,169.0,291,0.863,5.9864,10.6249,23.9212,72.62,0.3814,1.0444,25.0,normal,high,"Min1 = oligoclase (high, >=25.0 sd); Grp3 = pyroxene (high, >=25.0 sd); Min2 = goethite (low, >=25.0 sd)"
07THD002,fd02659c-dc3d-52ea-a8eb-c032b91e7624,ca3660de-f678-5256-89f5-40d17832e4eb,b9ba28cd-0216-5314-83df-f6247b0f56b6,30070,30348,169.0,170.0,279,0.859,5.8486,11.1384,24.6815,72.35,0.3787,1.07,25.0,normal,high,"Min1 = labradorite (high, >=25.0 sd); Grp2 = oxide (low, >=25.0 sd); Grp1 = oxide (low, >=25.0 sd)"
07THD002,fd02659c-dc3d-52ea-a8eb-c032b91e7624,ca3660de-f678-5256-89f5-40d17832e4eb,b9ba28cd-0216-5314-83df-f6247b0f56b6,30349,30621,170.0,171.0,273,0.865,5.3085,8.9284,17.8118,54.44,0.3797,1.1028,25.0,normal,high,"Grp1 = oxide (low, >=25.0 sd); Grp2 = oxide (low, >=25.0 sd); Min1 = aspectral (low, >=25.0 sd)"
07THD002,fd02659c-dc3d-52ea-a8eb-c032b91e7624,ca3660de-f678-5256-89f5-40d17832e4eb,b9ba28cd-0216-5314-83df-f6247b0f56b6,30622,30906,171.0,172.0,285,0.867,5.6713,9.9782,32.017,73.08,0.387,1.1425,25.0,normal,high,"Min1 = aspectral (low, >=25.0 sd); Grp2 = oxide (low, >=25.0 sd); Min1 = labradorite (high, >=25.0 sd)"
07THD002,fd02659c-dc3d-52ea-a8eb-c032b91e7624,ca3660de-f678-5256-89f5-40d17832e4eb,b9ba28cd-0216-5314-83df-f6247b0f56b6,30907,31292,172.0,173.0,386,0.859,5.5806,8.1292,20.3236,69.85,0.4182,1.0748,25.0,normal,high,"Grp2 = oxide (low, >=25.0 sd); Min1 = aspectral (low, >=25.0 sd); Grp1 = oxide (low, >=25.0 sd)"
07THD002,fd02659c-dc3d-52ea-a8eb-c032b91e7624,ca3660de-f678-5256-89f5-40d17832e4eb,b9ba28cd-0216-5314-83df-f6247b0f56b6,31293,31609,173.0,174.0,317,0.855,5.2922,9.0086,22.601,60.82,0.3839,1.0524,25.0,normal,high,"Min2 = goethite (low, >=25.0 sd); Grp1 = oxide (low, >=25.0 sd); Grp2 = oxide (low, >=25.0 sd)"
07THD002,fd02659c-dc3d-52ea-a8eb-c032b91e7624,ca3660de-f678-5256-89f5-40d17832e4eb,b9ba28cd-0216-5314-83df-f6247b0f56b6,31610,31926,174.0,175.0,317,0.855,5.3415,9.0337,22.3348,67.81,0.4021,1.0232,25.0,normal,high,"Grp2 = oxide (low, >=25.0 sd); Min1 = aspectral (low, >=25.0 sd); Grp1 = oxide (low, >=25.0 sd)"
07THD002,fd02659c-dc3d-52ea-a8eb-c032b91e7624,ca3660de-f678-5256-89f5-40d17832e4eb,b9ba28cd-0216-5314-83df-f6247b0f56b6,31927,32190,175.0,176.0,264,0.859,5.0097,8.3959,21.6507,51.08,0.3643,1.003,25.0,normal,high,"Grp2 = oxide (low, >=25.0 sd); Grp1 = oxide (low, >=25.0 sd); Min1 = aspectral (low, >=25.0 sd)"
07THD002,fd02659c-dc3d-52ea-a8eb-c032b91e7624,ca3660de-f678-5256-89f5-40d17832e4eb,b9ba28cd-0216-5314-83df-f6247b0f56b6,32191,32487,176.0,177.0,297,0.867,5.0103,8.165,13.7955,43.24,0.3733,1.0151,25.0,normal,high,"Grp1 = oxide (low, >=25.0 sd); Min2 = goethite (low, >=25.0 sd); Min1 = aspectral (low, >=25.0 sd)"
07THD002,fd02659c-dc3d-52ea-a8eb-c032b91e7624,ca3660de-f678-5256-89f5-40d17832e4eb,b9ba28cd-0216-5314-83df-f6247b0f56b6,32488,32805,177.0,178.0,318,0.859,5.4776,13.1703,20.9983,74.85,0.3997,1.097,25.0,normal,high,"Min1 = aspectral (low, >=25.0 sd); Min2 = goethite (low, >=25.0 sd); Grp1 = oxide (low, >=25.0 sd)"
07THD002,fd02659c-dc3d-52ea-a8eb-c032b91e7624,ca3660de-f678-5256-89f5-40d17832e4eb,b9ba28cd-0216-5314-83df-f6247b0f56b6,32806,33093,178.0,179.0,288,0.859,5.6346,11.9099,19.992,65.47,0.3718,1.1214,25.0,normal,high,"Min1 = albite (high, >=25.0 sd); Min2 = goethite (low, >=25.0 sd); Grp1 = oxide (low, >=25.0 sd)"
07THD002,fd02659c-dc3d-52ea-a8eb-c032b91e7624,ca3660de-f678-5256-89f5-40d17832e4eb,b9ba28cd-0216-5314-83df-f6247b0f56b6,33094,33367,179.0,180.0,274,0.859,5.5951,12.2716,23.9142,69.66,0.3735,1.1134,25.0,normal,high,"Min1 = albite (high, >=25.0 sd); Grp2 = amphibole (high, >=25.0 sd); Grp1 = oxide (low, >=25.0 sd)"
07THD002,fd02659c-dc3d-52ea-a8eb-c032b91e7624,ca3660de-f678-5256-89f5-40d17832e4eb,b9ba28cd-0216-5314-83df-f6247b0f56b6,33368,33653,180.0,181.0,286,0.867,5.2829,10.3853,21.4105,61.7,0.3799,1.0372,25.0,normal,high,"Min1 = aspectral (low, >=25.0 sd); Grp2 = oxide (low, >=25.0 sd); Min2 = goethite (low, >=25.0 sd)"
07THD002,fd02659c-dc3d-52ea-a8eb-c032b91e7624,ca3660de-f678-5256-89f5-40d17832e4eb,b9ba28cd-0216-5314-83df-f6247b0f56b6,33654,34056,181.0,182.0,403,0.859,5.573,10.7871,29.6432,83.19,0.432,1.1363,25.0,normal,high,"Grp2 = oxide (low, >=25.0 sd); Grp1 = oxide (low, >=25.0 sd); Min2 = goethite (low, >=25.0 sd)"
07THD002,fd02659c-dc3d-52ea-a8eb-c032b91e7624,ca3660de-f678-5256-89f5-40d17832e4eb,b9ba28cd-0216-5314-83df-f6247b0f56b6,34057,34421,182.0,183.0,365,0.865,5.3414,8.9236,19.7919,68.24,0.4172,1.1441,25.0,normal,high,"Grp1 = oxide (low, >=25.0 sd); Grp2 = oxide (low, >=25.0 sd); Min2 = goethite (low, >=25.0 sd)"
07THD002,fd02659c-dc3d-52ea-a8eb-c032b91e7624,ca3660de-f678-5256-89f5-40d17832e4eb,b9ba28cd-0216-5314-83df-f6247b0f56b6,34422,34635,183.0,184.0,214,0.863,4.6507,7.9852,30.5036,55.8,0.3793,1.0613,25.0,normal,high,"Grp1 = oxide (low, >=25.0 sd); Min1 = aspectral (low, >=25.0 sd); Grp2 = oxide (low, >=25.0 sd)"
07THD002,fd02659c-dc3d-52ea-a8eb-c032b91e7624,ca3660de-f678-5256-89f5-40d17832e4eb,b9ba28cd-0216-5314-83df-f6247b0f56b6,34636,34854,184.0,185.0,219,0.847,4.8322,7.4332,19.9665,47.12,0.3698,0.9991,25.0,normal,high,"Grp1 = oxide (low, >=25.0 sd); Grp2 = oxide (low, >=25.0 sd); Min1 = aspectral (low, >=25.0 sd)"
07THD002,fd02659c-dc3d-52ea-a8eb-c032b91e7624,ca3660de-f678-5256-89f5-40d17832e4eb,b9ba28cd-0216-5314-83df-f6247b0f56b6,34855,35131,185.0,186.0,277,0.871,5.0615,9.9649,20.9877,64.68,0.399,1.1917,25.0,normal,high,"Min1 = aspectral (low, >=25.0 sd); Grp2 = oxide (low, >=25.0 sd); Grp1 = oxide (low, >=25.0 sd)"
07THD002,fd02659c-dc3d-52ea-a8eb-c032b91e7624,ca3660de-f678-5256-89f5-40d17832e4eb,b9ba28cd-0216-5314-83df-f6247b0f56b6,35132,35423,186.0,187.0,292,0.863,5.0339,8.8474,18.1251,52.36,0.3818,1.0303,25.0,normal,high,"Grp2 = oxide (low, >=25.0 sd); Min2 = goethite (low, >=25.0 sd); Grp1 = oxide (low, >=25.0 sd)"
07THD002,fd02659c-dc3d-52ea-a8eb-c032b91e7624,ca3660de-f678-5256-89f5-40d17832e4eb,b9ba28cd-0216-5314-83df-f6247b0f56b6,35424,35707,187.0,188.0,284,0.863,5.5355,11.6071,15.8071,60.55,0.3794,1.1188,25.0,normal,high,"Grp2 = oxide (low, >=25.0 sd); Grp1 = oxide (low, >=25.0 sd); Min1 = aspectral (low, >=25.0 sd)"
07THD002,fd02659c-dc3d-52ea-a8eb-c032b91e7624,ca3660de-f678-5256-89f5-40d17832e4eb,b9ba28cd-0216-5314-83df-f6247b0f56b6,35708,36074,188.0,189.0,367,0.871,5.6926,11.7213,23.4486,83.76,0.4337,1.0743,25.0,normal,high,"Min2 = goethite (low, >=25.0 sd); Grp2 = oxide (low, >=25.0 sd); Min1 = aspectral (low, >=25.0 sd)"
07THD002,fd02659c-dc3d-52ea-a8eb-c032b91e7624,ca3660de-f678-5256-89f5-40d17832e4eb,b9ba28cd-0216-5314-83df-f6247b0f56b6,36075,36376,189.0,190.0,302,0.867,5.3917,10.253,34.9387,77.5,0.4066,1.0883,25.0,normal,high,"Grp1 = oxide (low, >=25.0 sd); Min1 = aspectral (low, >=25.0 sd); Grp2 = oxide (low, >=25.0 sd)"
07THD002,fd02659c-dc3d-52ea-a8eb-c032b91e7624,ca3660de-f678-5256-89f5-40d17832e4eb,b9ba28cd-0216-5314-83df-f6247b0f56b6,36377,36697,190.0,191.0,321,0.867,5.3375,8.8783,16.0407,58.76,0.3987,1.0239,25.0,normal,high,"Grp1 = oxide (low, >=25.0 sd); Min1 = aspectral (low, >=25.0 sd); Grp2 = oxide (low, >=25.0 sd)"
07THD002,fd02659c-dc3d-52ea-a8eb-c032b91e7624,ca3660de-f678-5256-89f5-40d17832e4eb,b9ba28cd-0216-5314-83df-f6247b0f56b6,36698,37006,191.0,192.0,309,0.867,5.454,10.3128,21.376,65.62,0.3864,1.0623,25.0,normal,high,"Min2 = goethite (low, >=25.0 sd); Grp3 = other-mgoh (high, >=25.0 sd); Min1 = aspectral (low, >=25.0 sd)"
07THD002,fd02659c-dc3d-52ea-a8eb-c032b91e7624,ca3660de-f678-5256-89f5-40d17832e4eb,b9ba28cd-0216-5314-83df-f6247b0f56b6,37007,37320,192.0,193.0,314,0.859,5.3665,9.0305,16.4287,54.5,0.3829,1.0426,25.0,normal,high,"Grp3 = other-mgoh (high, >=25.0 sd); Min1 = aspectral (low, >=25.0 sd); Grp2 = oxide (low, >=25.0 sd)"
07THD002,fd02659c-dc3d-52ea-a8eb-c032b91e7624,ca3660de-f678-5256-89f5-40d17832e4eb,b9ba28cd-0216-5314-83df-f6247b0f56b6,37321,37614,193.0,194.0,294,0.855,5.4625,9.2563,14.9393,51.56,0.3715,1.0479,25.0,normal,high,"Grp2 = oxide (low, >=25.0 sd); Grp1 = oxide (low, >=25.0 sd); Grp3 = other-mgoh (high, >=25.0 sd)"
07THD002,fd02659c-dc3d-52ea-a8eb-c032b91e7624,ca3660de-f678-5256-89f5-40d17832e4eb,b9ba28cd-0216-5314-83df-f6247b0f56b6,37615,37917,194.0,195.0,303,0.859,5.4318,9.4933,17.3198,61.7,0.3942,1.042,25.0,normal,high,"Min1 = aspectral (low, >=25.0 sd); Grp2 = oxide (low, >=25.0 sd); Min2 = goethite (low, >=25.0 sd)"
07THD002,fd02659c-dc3d-52ea-a8eb-c032b91e7624,ca3660de-f678-5256-89f5-40d17832e4eb,b9ba28cd-0216-5314-83df-f6247b0f56b6,37918,38232,195.0,196.0,315,0.859,5.9064,11.893,18.9374,72.71,0.3898,1.1329,25.0,normal,high,"Min2 = albite (high, >=25.0 sd); Grp2 = oxide (low, >=25.0 sd); Grp2 = plagioclase (high, >=25.0 sd)"
07THD002,fd02659c-dc3d-52ea-a8eb-c032b91e7624,ca3660de-f678-5256-89f5-40d17832e4eb,b9ba28cd-0216-5314-83df-f6247b0f56b6,38233,38530,196.0,197.0,298,0.863,5.5894,10.4668,22.1864,68.35,0.3858,1.0938,25.0,normal,high,"Min2 = albite (high, >=25.0 sd); Grp1 = oxide (low, >=25.0 sd); Grp2 = oxide (low, >=25.0 sd)"
07THD002,fd02659c-dc3d-52ea-a8eb-c032b91e7624,ca3660de-f678-5256-89f5-40d17832e4eb,b9ba28cd-0216-5314-83df-f6247b0f56b6,38531,38858,197.0,198.0,328,0.867,5.2038,9.8805,24.6468,70.33,0.4041,1.0603,25.0,normal,high,"Grp1 = oxide (low, >=25.0 sd); Min1 = aspectral (low, >=25.0 sd); Grp2 = oxide (low, >=25.0 sd)"
07THD002,fd02659c-dc3d-52ea-a8eb-c032b91e7624,ca3660de-f678-5256-89f5-40d17832e4eb,b9ba28cd-0216-5314-83df-f6247b0f56b6,38859,39167,198.0,199.0,309,0.867,5.2753,9.9487,25.8572,62.11,0.3729,1.0497,25.0,normal,high,"Grp1 = kaolin (high, >=25.0 sd); Min1 = aspectral (low, >=25.0 sd); Min2 = goethite (low, >=25.0 sd)"
07THD002,fd02659c-dc3d-52ea-a8eb-c032b91e7624,ca3660de-f678-5256-89f5-40d17832e4eb,b9ba28cd-0216-5314-83df-f6247b0f56b6,39168,39474,199.0,200.0,307,0.867,5.0403,9.2215,16.613,53.52,0.387,1.0404,25.0,normal,high,"Grp2 = oxide (low, >=25.0 sd); Min2 = goethite (low, >=25.0 sd); Min1 = aspectral (low, >=25.0 sd)"
07THD002,fd02659c-dc3d-52ea-a8eb-c032b91e7624,ca3660de-f678-5256-89f5-40d17832e4eb,b9ba28cd-0216-5314-83df-f6247b0f56b6,39475,39747,200.0,201.0,273,0.863,5.2259,9.662,28.2627,64.53,0.3832,1.0431,25.0,normal,high,"Grp1 = oxide (low, >=25.0 sd); Grp2 = oxide (low, >=25.0 sd); Min1 = aspectral (low, >=25.0 sd)"
07THD002,fd02659c-dc3d-52ea-a8eb-c032b91e7624,ca3660de-f678-5256-89f5-40d17832e4eb,b9ba28cd-0216-5314-83df-f6247b0f56b6,39748,40027,201.0,202.0,280,0.863,5.0941,8.2954,21.4754,59.32,0.3931,1.0203,25.0,normal,high,"Min1 = aspectral (low, >=25.0 sd); Grp2 = oxide (low, >=25.0 sd); Grp1 = oxide (low, >=25.0 sd)"
07THD002,fd02659c-dc3d-52ea-a8eb-c032b91e7624,ca3660de-f678-5256-89f5-40d17832e4eb,b9ba28cd-0216-5314-83df-f6247b0f56b6,40028,40327,202.0,203.0,300,0.859,5.154,8.3005,19.5711,52.48,0.3756,1.029,25.0,normal,high,"Grp1 = oxide (low, >=25.0 sd); Grp2 = oxide (low, >=25.0 sd); Min1 = aspectral (low, >=25.0 sd)"
07THD002,fd02659c-dc3d-52ea-a8eb-c032b91e7624,ca3660de-f678-5256-89f5-40d17832e4eb,b9ba28cd-0216-5314-83df-f6247b0f56b6,40328,40620,203.0,204.0,293,0.863,5.378,10.5064,19.418,58.9,0.3724,1.057,25.0,normal,high,"Grp2 = oxide (low, >=25.0 sd); Min1 = aspectral (low, >=25.0 sd); Grp1 = oxide (low, >=25.0 sd)"
07THD002,fd02659c-dc3d-52ea-a8eb-c032b91e7624,ca3660de-f678-5256-89f5-40d17832e4eb,b9ba28cd-0216-5314-83df-f6247b0f56b6,40621,40910,204.0,205.0,290,0.867,5.0298,7.6447,13.2957,41.95,0.3743,1.0326,25.0,normal,high,"Min1 = aspectral (low, >=25.0 sd); Grp1 = oxide (low, >=25.0 sd); Grp2 = oxide (low, >=25.0 sd)"
07THD002,fd02659c-dc3d-52ea-a8eb-c032b91e7624,ca3660de-f678-5256-89f5-40d17832e4eb,b9ba28cd-0216-5314-83df-f6247b0f56b6,40911,41195,205.0,206.0,285,0.863,5.1002,9.5865,19.8886,57.4,0.3836,1.0478,25.0,normal,high,"Min2 = goethite (low, >=25.0 sd); Grp2 = oxide (low, >=25.0 sd); Grp1 = oxide (low, >=25.0 sd)"
07THD002,fd02659c-dc3d-52ea-a8eb-c032b91e7624,ca3660de-f678-5256-89f5-40d17832e4eb,b9ba28cd-0216-5314-83df-f6247b0f56b6,41196,41477,206.0,207.0,282,0.867,5.1251,9.3899,17.5296,53.02,0.3777,1.0107,25.0,normal,high,"Grp1 = oxide (low, >=25.0 sd); Grp3 = amphibole (high, >=25.0 sd); Min1 = aspectral (low, >=25.0 sd)"
07THD002,fd02659c-dc3d-52ea-a8eb-c032b91e7624,ca3660de-f678-5256-89f5-40d17832e4eb,b9ba28cd-0216-5314-83df-f6247b0f56b6,41478,41759,207.0,208.0,282,0.859,6.0463,13.087,36.6019,86.91,0.3982,1.1064,25.0,normal,high,"Grp2 = oxide (low, >=25.0 sd); Grp2 = chlorite (high, >=25.0 sd); Min2 = chlorite-femg (high, >=25.0 sd)"
07THD002,fd02659c-dc3d-52ea-a8eb-c032b91e7624,ca3660de-f678-5256-89f5-40d17832e4eb,b9ba28cd-0216-5314-83df-f6247b0f56b6,41760,42052,208.0,209.0,293,0.859,5.8458,13.1955,32.3667,81.59,0.3893,1.1081,25.0,normal,high,"Grp1 = oxide (low, >=25.0 sd); Min2 = goethite (low, >=25.0 sd); Min2 = chlorite-femg (high, >=25.0 sd)"
07THD002,fd02659c-dc3d-52ea-a8eb-c032b91e7624,ca3660de-f678-5256-89f5-40d17832e4eb,b9ba28cd-0216-5314-83df-f6247b0f56b6,42053,42365,209.0,210.0,313,0.867,5.8035,12.2783,28.1745,83.82,0.4042,1.0507,25.0,normal,high,"Min3 = chlorite-fe (high, >=25.0 sd); Min2 = chlorite-femg (high, >=25.0 sd); Grp2 = oxide (low, >=25.0 sd)"
07THD002,fd02659c-dc3d-52ea-a8eb-c032b91e7624,ca3660de-f678-5256-89f5-40d17832e4eb,b9ba28cd-0216-5314-83df-f6247b0f56b6,42366,42651,210.0,211.0,286,0.859,5.4172,11.6516,18.1328,67.49,0.3954,1.0316,25.0,normal,high,"Grp1 = oxide (low, >=25.0 sd); Grp2 = oxide (low, >=25.0 sd); Min1 = aspectral (low, >=25.0 sd)"
07THD002,fd02659c-dc3d-52ea-a8eb-c032b91e7624,ca3660de-f678-5256-89f5-40d17832e4eb,b9ba28cd-0216-5314-83df-f6247b0f56b6,42652,42923,211.0,212.0,272,0.859,6.044,14.7535,22.4728,83.3,0.3987,1.0938,25.0,normal,high,"Grp2 = chlorite (high, >=25.0 sd); Grp2 = oxide (low, >=25.0 sd); Min2 = chlorite-femg (high, >=25.0 sd)"
07THD002,fd02659c-dc3d-52ea-a8eb-c032b91e7624,ca3660de-f678-5256-89f5-40d17832e4eb,b9ba28cd-0216-5314-83df-f6247b0f56b6,42924,43188,212.0,213.0,265,0.855,5.4269,9.3537,23.2593,67.37,0.3937,1.0297,25.0,normal,high,"Grp1 = oxide (low, >=25.0 sd); Grp2 = oxide (low, >=25.0 sd); Min1 = aspectral (low, >=25.0 sd)"
07THD002,fd02659c-dc3d-52ea-a8eb-c032b91e7624,ca3660de-f678-5256-89f5-40d17832e4eb,b9ba28cd-0216-5314-83df-f6247b0f56b6,43189,43461,213.0,214.0,273,0.863,5.5857,10.7535,15.7909,62.57,0.3884,1.0332,25.0,normal,high,"Grp1 = oxide (low, >=25.0 sd); Grp2 = oxide (low, >=25.0 sd); Min1 = aspectral (low, >=25.0 sd)"
07THD002,fd02659c-dc3d-52ea-a8eb-c032b91e7624,ca3660de-f678-5256-89f5-40d17832e4eb,b9ba28cd-0216-5314-83df-f6247b0f56b6,43462,43736,214.0,215.0,275,0.863,5.5897,13.1361,21.6889,75.69,0.3964,1.0809,25.0,normal,high,"Min1 = aspectral (low, >=25.0 sd); Grp1 = oxide (low, >=25.0 sd); Grp2 = oxide (low, >=25.0 sd)"
07THD002,fd02659c-dc3d-52ea-a8eb-c032b91e7624,ca3660de-f678-5256-89f5-40d17832e4eb,b9ba28cd-0216-5314-83df-f6247b0f56b6,43737,43998,215.0,216.0,262,0.863,5.1121,11.5226,15.2871,54.69,0.3782,1.0407,25.0,normal,high,"Grp1 = oxide (low, >=25.0 sd); Min3 = labradorite (high, >=25.0 sd); Min1 = aspectral (low, >=25.0 sd)"
07THD002,fd02659c-dc3d-52ea-a8eb-c032b91e7624,ca3660de-f678-5256-89f5-40d17832e4eb,b9ba28cd-0216-5314-83df-f6247b0f56b6,43999,44287,216.0,217.0,289,0.867,5.8337,11.8152,45.6966,88.82,0.4148,1.107,25.0,normal,high,"Grp2 = oxide (low, >=25.0 sd); Grp1 = oxide (low, >=25.0 sd); Min1 = aspectral (low, >=25.0 sd)"
07THD002,fd02659c-dc3d-52ea-a8eb-c032b91e7624,ca3660de-f678-5256-89f5-40d17832e4eb,b9ba28cd-0216-5314-83df-f6247b0f56b6,44288,44559,217.0,218.0,272,0.843,5.753,13.4292,27.5417,83.88,0.4034,1.0667,25.0,normal,high,"Grp1 = oxide (low, >=25.0 sd); Grp2 = oxide (low, >=25.0 sd); Min3 = chlorite-fe (high, >=25.0 sd)"
07THD002,fd02659c-dc3d-52ea-a8eb-c032b91e7624,ca3660de-f678-5256-89f5-40d17832e4eb,b9ba28cd-0216-5314-83df-f6247b0f56b6,44560,44888,218.0,219.0,329,0.847,5.6624,9.9176,29.277,78.75,0.4078,1.0477,25.0,normal,high,"Min2 = goethite (low, >=25.0 sd); Min1 = aspectral (low, >=25.0 sd); Grp2 = oxide (low, >=25.0 sd)"
07THD002,fd02659c-dc3d-52ea-a8eb-c032b91e7624,ca3660de-f678-5256-89f5-40d17832e4eb,b9ba28cd-0216-5314-83df-f6247b0f56b6,44889,45155,219.0,220.0,267,0.863,5.4839,11.39,16.4734,63.95,0.3896,1.0448,25.0,normal,high,"Grp2 = oxide (low, >=25.0 sd); Min1 = aspectral (low, >=25.0 sd); Grp1 = oxide (low, >=25.0 sd)"
07THD002,fd02659c-dc3d-52ea-a8eb-c032b91e7624,ca3660de-f678-5256-89f5-40d17832e4eb,b9ba28cd-0216-5314-83df-f6247b0f56b6,45156,45441,220.0,221.0,286,0.867,5.1437,8.3384,13.473,45.48,0.3767,0.9892,25.0,normal,high,"Grp1 = oxide (low, >=25.0 sd); Min2 = goethite (low, >=25.0 sd); Min1 = aspectral (low, >=25.0 sd)"
07THD002,fd02659c-dc3d-52ea-a8eb-c032b91e7624,ca3660de-f678-5256-89f5-40d17832e4eb,b9ba28cd-0216-5314-83df-f6247b0f56b6,45442,45722,221.0,222.0,281,0.855,5.5422,9.9994,12.7325,55.9,0.3844,1.0271,25.0,normal,high,"Min1 = aspectral (low, >=25.0 sd); Grp2 = oxide (low, >=25.0 sd); Grp1 = oxide (low, >=25.0 sd)"
07THD002,fd02659c-dc3d-52ea-a8eb-c032b91e7624,ca3660de-f678-5256-89f5-40d17832e4eb,b9ba28cd-0216-5314-83df-f6247b0f56b6,45723,46054,222.0,223.0,332,0.859,5.6001,11.9186,19.5884,78.9,0.4283,1.0531,25.0,normal,high,"Min2 = goethite (low, >=25.0 sd); Grp1 = oxide (low, >=25.0 sd); HyLogDiag = kt (high, >=25.0 sd)"
07THD002,fd02659c-dc3d-52ea-a8eb-c032b91e7624,ca3660de-f678-5256-89f5-40d17832e4eb,b9ba28cd-0216-5314-83df-f6247b0f56b6,46055,46382,223.0,224.0,328,0.859,5.5266,10.1838,19.4573,71.73,0.4093,1.0038,25.0,normal,high,"Min2 = goethite (low, >=25.0 sd); Min1 = aspectral (low, >=25.0 sd); Grp2 = oxide (low, >=25.0 sd)"
07THD002,fd02659c-dc3d-52ea-a8eb-c032b91e7624,ca3660de-f678-5256-89f5-40d17832e4eb,b9ba28cd-0216-5314-83df-f6247b0f56b6,46383,46681,224.0,225.0,299,0.867,5.1481,6.611,15.1903,43.22,0.3748,0.9682,25.0,normal,high,"Min1 = aspectral (low, >=25.0 sd); Grp2 = oxide (low, >=25.0 sd); Grp1 = oxide (low, >=25.0 sd)"
07THD002,fd02659c-dc3d-52ea-a8eb-c032b91e7624,ca3660de-f678-5256-89f5-40d17832e4eb,b9ba28cd-0216-5314-83df-f6247b0f56b6,46682,46979,225.0,226.0,298,0.851,5.0961,5.5303,15.8604,39.7,0.3637,0.9811,25.0,normal,high,"Grp2 = oxide (low, >=25.0 sd); Grp1 = oxide (low, >=25.0 sd); Min2 = goethite (low, >=25.0 sd)"
07THD002,fd02659c-dc3d-52ea-a8eb-c032b91e7624,ca3660de-f678-5256-89f5-40d17832e4eb,b9ba28cd-0216-5314-83df-f6247b0f56b6,46980,47263,226.0,227.0,284,0.863,5.1949,8.2739,14.9952,45.81,0.37,0.989,25.0,normal,high,"Grp1 = oxide (low, >=25.0 sd); Min1 = aspectral (low, >=25.0 sd); Grp2 = oxide (low, >=25.0 sd)"
07THD002,fd02659c-dc3d-52ea-a8eb-c032b91e7624,ca3660de-f678-5256-89f5-40d17832e4eb,b9ba28cd-0216-5314-83df-f6247b0f56b6,47264,47545,227.0,228.0,282,0.859,5.4024,8.5832,25.7024,63.95,0.387,1.0126,25.0,normal,high,"Grp1 = oxide (low, >=25.0 sd); Min1 = aspectral (low, >=25.0 sd); Grp2 = oxide (low, >=25.0 sd)"
07THD002,fd02659c-dc3d-52ea-a8eb-c032b91e7624,ca3660de-f678-5256-89f5-40d17832e4eb,b9ba28cd-0216-5314-83df-f6247b0f56b6,47546,47832,228.0,229.0,287,0.867,4.9542,7.2967,13.7245,39.66,0.3679,1.0109,25.0,normal,high,"Grp1 = oxide (low, >=25.0 sd); Min1 = aspectral (low, >=25.0 sd); Grp2 = oxide (low, >=25.0 sd)"
07THD002,fd02659c-dc3d-52ea-a8eb-c032b91e7624,ca3660de-f678-5256-89f5-40d17832e4eb,b9ba28cd-0216-5314-83df-f6247b0f56b6,47833,48137,229.0,230.0,305,0.859,5.3488,9.29,21.9464,63.57,0.3886,1.041,25.0,normal,high,"Grp2 = oxide (low, >=25.0 sd); Grp3 = amphibole (high, >=25.0 sd); Min2 = goethite (low, >=25.0 sd)"
07THD002,fd02659c-dc3d-52ea-a8eb-c032b91e7624,ca3660de-f678-5256-89f5-40d17832e4eb,b9ba28cd-0216-5314-83df-f6247b0f56b6,48138,48412,230.0,231.0,275,0.859,4.9373,6.3846,14.1907,37.91,0.3641,0.9879,25.0,normal,high,"Grp2 = oxide (low, >=25.0 sd); Grp1 = oxide (low, >=25.0 sd); Min1 = aspectral (low, >=25.0 sd)"
07THD002,fd02659c-dc3d-52ea-a8eb-c032b91e7624,ca3660de-f678-5256-89f5-40d17832e4eb,b9ba28cd-0216-5314-83df-f6247b0f56b6,48413,48685,231.0,232.0,273,0.855,5.3162,9.2149,27.0405,66.74,0.3908,1.025,25.0,normal,high,"HyLogDiag = to (high, >=25.0 sd); Grp1 = oxide (low, >=25.0 sd); Grp2 = oxide (low, >=25.0 sd)"
07THD002,fd02659c-dc3d-52ea-a8eb-c032b91e7624,ca3660de-f678-5256-89f5-40d17832e4eb,b9ba28cd-0216-5314-83df-f6247b0f56b6,48686,48959,232.0,233.0,274,0.863,5.4571,10.1306,23.4535,65.6,0.3818,1.0315,25.0,normal,high,"Grp2 = oxide (low, >=25.0 sd); Grp1 = oxide (low, >=25.0 sd); Min2 = oligoclase (high, >=25.0 sd)"
07THD002,fd02659c-dc3d-52ea-a8eb-c032b91e7624,ca3660de-f678-5256-89f5-40d17832e4eb,b9ba28cd-0216-5314-83df-f6247b0f56b6,48960,49250,233.0,234.0,291,0.859,5.3604,10.1294,28.3407,71.96,0.3969,1.0562,25.0,normal,high,"HyLogDiag = to (high, >=25.0 sd); Grp2 = oxide (low, >=25.0 sd); Grp1 = oxide (low, >=25.0 sd)"
07THD002,fd02659c-dc3d-52ea-a8eb-c032b91e7624,ca3660de-f678-5256-89f5-40d17832e4eb,b9ba28cd-0216-5314-83df-f6247b0f56b6,49251,49525,234.0,235.0,275,0.863,5.1045,7.997,17.8417,48.17,0.3705,0.9858,25.0,normal,high,"Grp2 = oxide (low, >=25.0 sd); Grp1 = oxide (low, >=25.0 sd); Min1 = aspectral (low, >=25.0 sd)"
07THD002,fd02659c-dc3d-52ea-a8eb-c032b91e7624,ca3660de-f678-5256-89f5-40d17832e4eb,b9ba28cd-0216-5314-83df-f6247b0f56b6,49526,49786,235.0,236.0,261,0.867,4.9566,7.056,13.8507,41.37,0.3769,0.9826,25.0,normal,high,"Grp1 = oxide (low, >=25.0 sd); Grp2 = oxide (low, >=25.0 sd); Min1 = aspectral (low, >=25.0 sd)"
07THD002,fd02659c-dc3d-52ea-a8eb-c032b91e7624,ca3660de-f678-5256-89f5-40d17832e4eb,b9ba28cd-0216-5314-83df-f6247b0f56b6,49787,50090,236.0,237.0,304,0.863,5.0724,6.855,16.4996,45.48,0.3785,0.9737,25.0,normal,high,"Min1 = aspectral (low, >=25.0 sd); Grp2 = oxide (low, >=25.0 sd); Min2 = goethite (low, >=25.0 sd)"
07THD002,fd02659c-dc3d-52ea-a8eb-c032b91e7624,ca3660de-f678-5256-89f5-40d17832e4eb,b9ba28cd-0216-5314-83df-f6247b0f56b6,50091,50369,237.0,238.0,279,0.859,5.2205,10.0317,16.3058,53.11,0.3741,1.0105,25.0,normal,high,"Min2 = oligoclase (high, >=25.0 sd); Grp2 = oxide (low, >=25.0 sd); Grp1 = oxide (low, >=25.0 sd)"
07THD002,fd02659c-dc3d-52ea-a8eb-c032b91e7624,ca3660de-f678-5256-89f5-40d17832e4eb,b9ba28cd-0216-5314-83df-f6247b0f56b6,50370,50673,238.0,239.0,304,0.867,5.3729,10.0369,17.2247,67.89,0.4132,1.0022,25.0,normal,high,"Min2 = goethite (low, >=25.0 sd); Min1 = aspectral (low, >=25.0 sd); Grp2 = oxide (low, >=25.0 sd)"
07THD002,fd02659c-dc3d-52ea-a8eb-c032b91e7624,ca3660de-f678-5256-89f5-40d17832e4eb,b9ba28cd-0216-5314-83df-f6247b0f56b6,50674,50956,239.0,240.0,283,0.855,5.3868,14.881,19.891,67.74,0.3815,1.1957,25.0,normal,high,"Grp1 = oxide (low, >=25.0 sd); Min1 = phengite (high, >=25.0 sd); Grp2 = oxide (low, >=25.0 sd)"
07THD002,fd02659c-dc3d-52ea-a8eb-c032b91e7624,ca3660de-f678-5256-89f5-40d17832e4eb,b9ba28cd-0216-5314-83df-f6247b0f56b6,50957,51240,240.0,241.0,284,0.847,5.3067,9.2797,20.2895,58.47,0.3803,1.0144,25.0,normal,high,"Grp1 = oxide (low, >=25.0 sd); Grp2 = oxide (low, >=25.0 sd); Min1 = aspectral (low, >=25.0 sd)"
07THD002,fd02659c-dc3d-52ea-a8eb-c032b91e7624,ca3660de-f678-5256-89f5-40d17832e4eb,b9ba28cd-0216-5314-83df-f6247b0f56b6,51241,51514,241.0,242.0,274,0.859,5.1141,10.1819,18.9596,55.38,0.373,1.0182,25.0,normal,high,"Min1 = aspectral (low, >=25.0 sd); Grp1 = oxide (low, >=25.0 sd); Grp2 = oxide (low, >=25.0 sd)"
07THD002,fd02659c-dc3d-52ea-a8eb-c032b91e7624,ca3660de-f678-5256-89f5-40d17832e4eb,b9ba28cd-0216-5314-83df-f6247b0f56b6,51515,51816,242.0,243.0,302,0.859,4.8952,6.2864,17.7247,42.99,0.3716,0.9728,25.0,normal,high,"Grp2 = oxide (low, >=25.0 sd); Min1 = aspectral (low, >=25.0 sd); Min2 = goethite (low, >=25.0 sd)"
07THD002,fd02659c-dc3d-52ea-a8eb-c032b91e7624,ca3660de-f678-5256-89f5-40d17832e4eb,b9ba28cd-0216-5314-83df-f6247b0f56b6,51817,52081,243.0,244.0,265,0.867,5.2548,9.18,21.39,57.36,0.3748,1.0592,25.0,normal,high,"Grp1 = oxide (low, >=25.0 sd); Grp2 = oxide (low, >=25.0 sd); Min2 = albite (high, >=25.0 sd)"
07THD002,fd02659c-dc3d-52ea-a8eb-c032b91e7624,ca3660de-f678-5256-89f5-40d17832e4eb,b9ba28cd-0216-5314-83df-f6247b0f56b6,52082,52359,244.0,245.0,278,0.867,5.0628,10.3704,21.8269,62.74,0.388,1.0889,25.0,normal,high,"Grp2 = oxide (low, >=25.0 sd); Grp1 = oxide (low, >=25.0 sd); Min1 = aspectral (low, >=25.0 sd)"
07THD002,fd02659c-dc3d-52ea-a8eb-c032b91e7624,ca3660de-f678-5256-89f5-40d17832e4eb,b9ba28cd-0216-5314-83df-f6247b0f56b6,52360,52641,245.0,246.0,282,0.867,4.5906,5.3952,13.8477,35.93,0.3755,1.0028,25.0,normal,high,"Grp1 = oxide (low, >=25.0 sd); Grp2 = oxide (low, >=25.0 sd); Min1 = aspectral (low, >=25.0 sd)"
07THD002,fd02659c-dc3d-52ea-a8eb-c032b91e7624,ca3660de-f678-5256-89f5-40d17832e4eb,b9ba28cd-0216-5314-83df-f6247b0f56b6,52642,52949,246.0,247.0,308,0.855,4.8639,5.3619,14.1291,38.32,0.3772,0.9731,25.0,normal,high,"Grp2 = oxide (low, >=25.0 sd); Min1 = aspectral (low, >=25.0 sd); Grp1 = oxide (low, >=25.0 sd)"
07THD002,fd02659c-dc3d-52ea-a8eb-c032b91e7624,ca3660de-f678-5256-89f5-40d17832e4eb,b9ba28cd-0216-5314-83df-f6247b0f56b6,52950,53215,247.0,248.0,266,0.859,4.9278,6.0676,15.5428,37.91,0.3561,0.9756,25.0,normal,high,"Grp2 = oxide (low, >=25.0 sd); Min1 = aspectral (low, >=25.0 sd); Grp1 = oxide (low, >=25.0 sd)"
07THD002,fd02659c-dc3d-52ea-a8eb-c032b91e7624,ca3660de-f678-5256-89f5-40d17832e4eb,b9ba28cd-0216-5314-83df-f6247b0f56b6,53216,53502,248.0,249.0,287,0.859,5.4702,9.2752,14.7743,50.77,0.3663,1.0504,25.0,normal,high,"Grp2 = oxide (low, >=25.0 sd); Min2 = goethite (low, >=25.0 sd); Grp1 = oxide (low, >=25.0 sd)"
07THD002,fd02659c-dc3d-52ea-a8eb-c032b91e7624,ca3660de-f678-5256-89f5-40d17832e4eb,b9ba28cd-0216-5314-83df-f6247b0f56b6,53503,53769,249.0,250.0,267,0.859,5.4646,10.9346,21.5628,64.43,0.3761,1.0698,25.0,normal,high,"Grp2 = oxide (low, >=25.0 sd); Grp1 = oxide (low, >=25.0 sd); Grp3 = other-mgoh (high, >=25.0 sd)"
07THD002,fd02659c-dc3d-52ea-a8eb-c032b91e7624,ca3660de-f678-5256-89f5-40d17832e4eb,b9ba28cd-0216-5314-83df-f6247b0f56b6,53770,54052,250.0,251.0,283,0.863,4.7456,5.3863,20.1803,46.02,0.3817,0.9667,25.0,normal,high,"Grp1 = oxide (low, >=25.0 sd); Min1 = aspectral (low, >=25.0 sd); Grp2 = oxide (low, >=25.0 sd)"
07THD002,fd02659c-dc3d-52ea-a8eb-c032b91e7624,ca3660de-f678-5256-89f5-40d17832e4eb,b9ba28cd-0216-5314-83df-f6247b0f56b6,54053,54307,251.0,252.0,255,0.851,4.748,6.0422,18.359,43.52,0.3756,0.9856,25.0,normal,high,"Grp1 = oxide (low, >=25.0 sd); Min1 = aspectral (low, >=25.0 sd); Grp2 = oxide (low, >=25.0 sd)"
07THD002,fd02659c-dc3d-52ea-a8eb-c032b91e7624,ca3660de-f678-5256-89f5-40d17832e4eb,b9ba28cd-0216-5314-83df-f6247b0f56b6,54308,54594,252.0,253.0,287,0.859,4.6255,5.7717,15.3414,36.57,0.3667,0.9725,25.0,normal,high,"Min1 = aspectral (low, >=25.0 sd); Grp1 = oxide (low, >=25.0 sd); Grp2 = oxide (low, >=25.0 sd)"
07THD002,fd02659c-dc3d-52ea-a8eb-c032b91e7624,ca3660de-f678-5256-89f5-40d17832e4eb,b9ba28cd-0216-5314-83df-f6247b0f56b6,54595,54861,253.0,254.0,267,0.851,5.1242,10.1833,24.1718,64.72,0.3876,1.0683,25.0,normal,high,"Grp1 = oxide (low, >=25.0 sd); Grp2 = oxide (low, >=25.0 sd); Min1 = aspectral (low, >=25.0 sd)"
07THD002,fd02659c-dc3d-52ea-a8eb-c032b91e7624,ca3660de-f678-5256-89f5-40d17832e4eb,b9ba28cd-0216-5314-83df-f6247b0f56b6,54862,55139,254.0,255.0,278,0.867,4.5028,7.3305,22.1436,47.46,0.3724,1.0749,25.0,normal,high,"Grp2 = oxide (low, >=25.0 sd); Grp1 = oxide (low, >=25.0 sd); Min1 = aspectral (low, >=25.0 sd)"
07THD002,fd02659c-dc3d-52ea-a8eb-c032b91e7624,ca3660de-f678-5256-89f5-40d17832e4eb,b9ba28cd-0216-5314-83df-f6247b0f56b6,55140,55468,255.0,256.0,329,0.859,5.0649,11.0287,22.1762,69.02,0.4003,1.1137,25.0,normal,high,"Grp1 = oxide (low, >=25.0 sd); Grp2 = oxide (low, >=25.0 sd); Min1 = aspectral (low, >=25.0 sd)"
07THD002,fd02659c-dc3d-52ea-a8eb-c032b91e7624,ca3660de-f678-5256-89f5-40d17832e4eb,b9ba28cd-0216-5314-83df-f6247b0f56b6,55469,55750,256.0,257.0,282,0.851,4.9602,8.7197,14.3089,43.29,0.3647,1.0358,25.0,normal,high,"Grp1 = oxide (low, >=25.0 sd); Grp2 = oxide (low, >=25.0 sd); Min1 = aspectral (low, >=25.0 sd)"
07THD002,fd02659c-dc3d-52ea-a8eb-c032b91e7624,ca3660de-f678-5256-89f5-40d17832e4eb,b9ba28cd-0216-5314-83df-f6247b0f56b6,55751,56035,257.0,258.0,285,0.867,4.9438,7.8611,17.0727,45.68,0.3717,0.9719,25.0,normal,high,"Grp2 = oxide (low, >=25.0 sd); Grp1 = oxide (low, >=25.0 sd); Min2 = goethite (low, >=25.0 sd)"
07THD002,fd02659c-dc3d-52ea-a8eb-c032b91e7624,ca3660de-f678-5256-89f5-40d17832e4eb,b9ba28cd-0216-5314-83df-f6247b0f56b6,56036,56342,258.0,259.0,307,0.863,5.091,7.4581,16.8445,45.7,0.3721,0.9835,25.0,normal,high,"Min2 = goethite (low, >=25.0 sd); Min1 = aspectral (low, >=25.0 sd); Grp2 = oxide (low, >=25.0 sd)"
07THD002,fd02659c-dc3d-52ea-a8eb-c032b91e7624,ca3660de-f678-5256-89f5-40d17832e4eb,b9ba28cd-0216-5314-83df-f6247b0f56b6,56343,56625,259.0,260.0,283,0.859,5.1297,7.283,11.714,39.03,0.3616,0.9771,25.0,normal,high,"Min1 = aspectral (low, >=25.0 sd); Min2 = goethite (low, >=25.0 sd); Grp1 = oxide (low, >=25.0 sd)"
07THD002,fd02659c-dc3d-52ea-a8eb-c032b91e7624,ca3660de-f678-5256-89f5-40d17832e4eb,b9ba28cd-0216-5314-83df-f6247b0f56b6,56626,56909,260.0,261.0,284,0.859,5.2031,10.1127,22.77,62.03,0.3817,1.0625,25.0,normal,high,"Grp2 = oxide (low, >=25.0 sd); Min2 = goethite (low, >=25.0 sd); Grp1 = oxide (low, >=25.0 sd)"
07THD002,fd02659c-dc3d-52ea-a8eb-c032b91e7624,ca3660de-f678-5256-89f5-40d17832e4eb,b9ba28cd-0216-5314-83df-f6247b0f56b6,56910,57191,261.0,262.0,282,0.863,5.3224,9.4865,12.9468,50.85,0.3812,0.9963,25.0,normal,high,"Min1 = orthoclase (high, >=25.0 sd); Grp2 = oxide (low, >=25.0 sd); Grp1 = oxide (low, >=25.0 sd)"
07THD002,fd02659c-dc3d-52ea-a8eb-c032b91e7624,ca3660de-f678-5256-89f5-40d17832e4eb,b9ba28cd-0216-5314-83df-f6247b0f56b6,57192,57485,262.0,263.0,294,0.863,5.1057,9.5612,18.3456,54.92,0.3812,1.0072,25.0,normal,high,"Grp1 = oxide (low, >=25.0 sd); Min2 = goethite (low, >=25.0 sd); Grp2 = oxide (low, >=25.0 sd)"
07THD002,fd02659c-dc3d-52ea-a8eb-c032b91e7624,ca3660de-f678-5256-89f5-40d17832e4eb,b9ba28cd-0216-5314-83df-f6247b0f56b6,57486,57746,263.0,264.0,261,0.867,4.9317,9.4862,17.2962,50.9,0.3759,1.0465,25.0,normal,high,"Grp1 = oxide (low, >=25.0 sd); Grp2 = oxide (low, >=25.0 sd); Min1 = aspectral (low, >=25.0 sd)"
07THD002,fd02659c-dc3d-52ea-a8eb-c032b91e7624,ca3660de-f678-5256-89f5-40d17832e4eb,b9ba28cd-0216-5314-83df-f6247b0f56b6,57747,58034,264.0,265.0,288,0.867,5.0434,8.8206,16.8159,49.4,0.3768,0.9887,25.0,normal,high,"Min2 = goethite (low, >=25.0 sd); Grp2 = oxide (low, >=25.0 sd); Min1 = aspectral (low, >=25.0 sd)"
07THD002,fd02659c-dc3d-52ea-a8eb-c032b91e7624,ca3660de-f678-5256-89f5-40d17832e4eb,b9ba28cd-0216-5314-83df-f6247b0f56b6,58035,58311,265.0,266.0,277,0.863,5.2481,9.7369,16.9394,51.65,0.3632,1.0009,25.0,normal,high,"Grp3 = amphibole (high, >=25.0 sd); Grp2 = oxide (low, >=25.0 sd); Grp1 = oxide (low, >=25.0 sd)"
07THD002,fd02659c-dc3d-52ea-a8eb-c032b91e7624,ca3660de-f678-5256-89f5-40d17832e4eb,b9ba28cd-0216-5314-83df-f6247b0f56b6,58312,58624,266.0,267.0,313,0.863,5.7902,12.1169,23.4841,75.31,0.3869,1.0677,25.0,normal,high,"Min1 = aspectral (low, >=25.0 sd); Grp2 = oxide (low, >=25.0 sd); Grp1 = oxide (low, >=25.0 sd)"
07THD002,fd02659c-dc3d-52ea-a8eb-c032b91e7624,ca3660de-f678-5256-89f5-40d17832e4eb,b9ba28cd-0216-5314-83df-f6247b0f56b6,58625,58933,267.0,268.0,309,0.859,5.2511,7.5404,11.2645,48.0,0.3908,0.9818,25.0,normal,high,"Grp1 = oxide (low, >=25.0 sd); Min2 = goethite (low, >=25.0 sd); Grp2 = oxide (low, >=25.0 sd)"
07THD002,fd02659c-dc3d-52ea-a8eb-c032b91e7624,ca3660de-f678-5256-89f5-40d17832e4eb,b9ba28cd-0216-5314-83df-f6247b0f56b6,58934,59177,268.0,269.0,244,0.859,4.6556,4.936,17.7432,39.18,0.3691,0.9765,25.0,normal,high,"Min1 = aspectral (low, >=25.0 sd); Grp1 = oxide (low, >=25.0 sd); Grp2 = oxide (low, >=25.0 sd)"
07THD002,fd02659c-dc3d-52ea-a8eb-c032b91e7624,ca3660de-f678-5256-89f5-40d17832e4eb,b9ba28cd-0216-5314-83df-f6247b0f56b6,59178,59414,269.0,270.0,237,0.859,4.9318,7.6924,16.2151,45.02,0.3756,0.9799,25.0,normal,high,"Grp1 = oxide (low, >=25.0 sd); Min1 = aspectral (low, >=25.0 sd); Grp2 = oxide (low, >=25.0 sd)"
07THD002,fd02659c-dc3d-52ea-a8eb-c032b91e7624,ca3660de-f678-5256-89f5-40d17832e4eb,b9ba28cd-0216-5314-83df-f6247b0f56b6,59415,59697,270.0,271.0,283,0.863,5.2346,8.5724,18.1026,56.07,0.388,1.0037,25.0,normal,high,"Grp2 = oxide (low, >=25.0 sd); Min1 = aspectral (low, >=25.0 sd); Min2 = goethite (low, >=25.0 sd)"
07THD002,fd02659c-dc3d-52ea-a8eb-c032b91e7624,ca3660de-f678-5256-89f5-40d17832e4eb,b9ba28cd-0216-5314-83df-f6247b0f56b6,59698,59982,271.0,272.0,285,0.867,5.2473,9.9125,17.306,60.82,0.3946,1.0464,25.0,normal,high,"Grp2 = oxide (low, >=25.0 sd); Min2 = goethite (low, >=25.0 sd); Min1 = aspectral (low, >=25.0 sd)"
07THD002,fd02659c-dc3d-52ea-a8eb-c032b91e7624,ca3660de-f678-5256-89f5-40d17832e4eb,b9ba28cd-0216-5314-83df-f6247b0f56b6,59983,60260,272.0,273.0,278,0.859,5.4339,11.5833,26.3879,79.98,0.4146,1.1734,25.0,normal,high,"Min1 = aspectral (low, >=25.0 sd); Grp2 = oxide (low, >=25.0 sd); Grp1 = oxide (low, >=25.0 sd)"
07THD002,fd02659c-dc3d-52ea-a8eb-c032b91e7624,ca3660de-f678-5256-89f5-40d17832e4eb,b9ba28cd-0216-5314-83df-f6247b0f56b6,60261,60534,273.0,274.0,274,0.859,4.9607,8.1181,13.9465,43.16,0.3743,0.9831,25.0,normal,high,"Min1 = aspectral (low, >=25.0 sd); Grp2 = oxide (low, >=25.0 sd); Grp1 = oxide (low, >=25.0 sd)"
07THD002,fd02659c-dc3d-52ea-a8eb-c032b91e7624,ca3660de-f678-5256-89f5-40d17832e4eb,b9ba28cd-0216-5314-83df-f6247b0f56b6,60535,60788,274.0,275.0,254,0.859,5.7076,10.8496,23.1691,68.33,0.3752,1.0058,25.0,normal,high,"Min1 = aspectral (low, >=25.0 sd); Grp1 = oxide (low, >=25.0 sd); Grp1 = k-feldspar (high, >=25.0 sd)"
07THD002,fd02659c-dc3d-52ea-a8eb-c032b91e7624,ca3660de-f678-5256-89f5-40d17832e4eb,b9ba28cd-0216-5314-83df-f6247b0f56b6,60789,61077,275.0,276.0,289,0.859,5.6253,10.6708,22.3792,66.12,0.3737,1.0902,25.0,normal,high,"Min2 = goethite (low, >=25.0 sd); Grp3 = amphibole (high, >=25.0 sd); Min1 = aspectral (low, >=25.0 sd)"
07THD002,fd02659c-dc3d-52ea-a8eb-c032b91e7624,ca3660de-f678-5256-89f5-40d17832e4eb,b9ba28cd-0216-5314-83df-f6247b0f56b6,61078,61368,276.0,277.0,291,0.863,5.5707,10.5785,31.5651,72.33,0.3851,1.1579,25.0,normal,high,"Min3 = oligoclase (high, >=25.0 sd); Min2 = goethite (low, >=25.0 sd); Min1 = microcline (high, >=25.0 sd)"
07THD002,fd02659c-dc3d-52ea-a8eb-c032b91e7624,ca3660de-f678-5256-89f5-40d17832e4eb,b9ba28cd-0216-5314-83df-f6247b0f56b6,61369,61645,277.0,278.0,277,0.867,5.493,10.2468,17.3337,58.88,0.377,1.0278,25.0,normal,high,"Grp1 = oxide (low, >=25.0 sd); Grp1 = k-feldspar (high, >=25.0 sd); Min1 = microcline (high, >=25.0 sd)"
07THD002,fd02659c-dc3d-52ea-a8eb-c032b91e7624,ca3660de-f678-5256-89f5-40d17832e4eb,b9ba28cd-0216-5314-83df-f6247b0f56b6,61646,61912,278.0,279.0,267,0.847,5.8807,12.1731,21.6562,71.39,0.3764,1.0191,25.0,normal,high,"Min1 = aspectral (low, >=25.0 sd); Min1 = orthoclase (high, >=25.0 sd); Grp2 = oxide (low, >=25.0 sd)"
07THD002,fd02659c-dc3d-52ea-a8eb-c032b91e7624,ca3660de-f678-5256-89f5-40d17832e4eb,b9ba28cd-0216-5314-83df-f6247b0f56b6,61913,62181,279.0,280.0,269,0.863,5.6669,10.1017,25.6276,72.71,0.392,1.0088,25.0,normal,high,"Min1 = orthoclase (high, >=25.0 sd); Grp1 = k-feldspar (high, >=25.0 sd); Grp1 = oxide (low, >=25.0 sd)"
07THD002,fd02659c-dc3d-52ea-a8eb-c032b91e7624,ca3660de-f678-5256-89f5-40d17832e4eb,b9ba28cd-0216-5314-83df-f6247b0f56b6,62182,62453,280.0,281.0,272,0.851,6.0399,13.9758,31.7473,83.3,0.3885,1.1008,25.0,normal,high,"Min2 = oligoclase (high, >=25.0 sd); Grp1 = k-feldspar (high, >=25.0 sd); Grp1 = oxide (low, >=25.0 sd)"
07THD002,fd02659c-dc3d-52ea-a8eb-c032b91e7624,ca3660de-f678-5256-89f5-40d17832e4eb,b9ba28cd-0216-5314-83df-f6247b0f56b6,62454,62725,281.0,282.0,272,0.855,5.832,10.5794,20.1017,66.62,0.377,1.0139,25.0,normal,high,"Grp1 = k-feldspar (high, >=25.0 sd); Min1 = microcline (high, >=25.0 sd); Min1 = orthoclase (high, >=25.0 sd)"
07THD002,fd02659c-dc3d-52ea-a8eb-c032b91e7624,ca3660de-f678-5256-89f5-40d17832e4eb,b9ba28cd-0216-5314-83df-f6247b0f56b6,62726,63010,282.0,283.0,285,0.847,5.5251,9.6785,15.7911,58.82,0.3871,0.9958,25.0,normal,high,"Min1 = orthoclase (high, >=25.0 sd); Min1 = aspectral (low, >=25.0 sd); Grp1 = oxide (low, >=25.0 sd)"
07THD002,fd02659c-dc3d-52ea-a8eb-c032b91e7624,ca3660de-f678-5256-89f5-40d17832e4eb,b9ba28cd-0216-5314-83df-f6247b0f56b6,63011,63272,283.0,284.0,262,0.859,5.7953,11.6824,25.9204,76.9,0.3892,1.0275,25.0,normal,high,"Grp1 = amphibole (high, >=25.0 sd); Grp1 = k-feldspar (high, >=25.0 sd); Grp1 = oxide (low, >=25.0 sd)"
07THD002,fd02659c-dc3d-52ea-a8eb-c032b91e7624,ca3660de-f678-5256-89f5-40d17832e4eb,b9ba28cd-0216-5314-83df-f6247b0f56b6,63273,63534,284.0,285.0,262,0.855,5.3633,9.4377,12.5431,50.54,0.3796,0.999,25.0,normal,high,"Grp1 = oxide (low, >=25.0 sd); Min1 = orthoclase (high, >=25.0 sd); Grp1 = k-feldspar (high, >=25.0 sd)"
07THD002,fd02659c-dc3d-52ea-a8eb-c032b91e7624,ca3660de-f678-5256-89f5-40d17832e4eb,b9ba28cd-0216-5314-83df-f6247b0f56b6,63535,63813,285.0,286.0,279,0.863,5.0267,9.6517,21.9465,57.07,0.3758,1.0352,25.0,normal,high,"Min1 = aspectral (low, >=25.0 sd); Grp1 = amphibole (high, >=25.0 sd); Grp2 = oxide (low, >=25.0 sd)"
07THD002,fd02659c-dc3d-52ea-a8eb-c032b91e7624,ca3660de-f678-5256-89f5-40d17832e4eb,b9ba28cd-0216-5314-83df-f6247b0f56b6,63814,64091,286.0,287.0,278,0.855,5.2379,10.4593,24.4411,65.45,0.3847,1.0361,25.0,normal,high,"Grp1 = amphibole (high, >=25.0 sd); Grp1 = oxide (low, >=25.0 sd); Grp2 = oxide (low, >=25.0 sd)"
07THD002,fd02659c-dc3d-52ea-a8eb-c032b91e7624,ca3660de-f678-5256-89f5-40d17832e4eb,b9ba28cd-0216-5314-83df-f6247b0f56b6,64092,64369,287.0,288.0,278,0.859,5.7759,12.8874,26.7956,77.34,0.386,1.0421,25.0,normal,high,"Min1 = microcline (high, >=25.0 sd); Grp1 = oxide (low, >=25.0 sd); Grp1 = k-feldspar (high, >=25.0 sd)"
07THD002,fd02659c-dc3d-52ea-a8eb-c032b91e7624,ca3660de-f678-5256-89f5-40d17832e4eb,b9ba28cd-0216-5314-83df-f6247b0f56b6,64370,64654,288.0,289.0,285,0.855,5.9024,10.6528,25.1382,74.27,0.386,1.0206,25.0,normal,high,"Grp1 = oxide (low, >=25.0 sd); Min1 = orthoclase (high, >=25.0 sd); Min2 = goethite (low, >=25.0 sd)"
07THD002,fd02659c-dc3d-52ea-a8eb-c032b91e7624,ca3660de-f678-5256-89f5-40d17832e4eb,b9ba28cd-0216-5314-83df-f6247b0f56b6,64655,64954,289.0,290.0,300,0.855,5.702,9.5912,18.9616,63.34,0.3841,1.0113,25.0,normal,high,"Grp2 = oxide (low, >=25.0 sd); Grp1 = oxide (low, >=25.0 sd); Grp1 = k-feldspar (high, >=25.0 sd)"
07THD002,fd02659c-dc3d-52ea-a8eb-c032b91e7624,ca3660de-f678-5256-89f5-40d17832e4eb,b9ba28cd-0216-5314-83df-f6247b0f56b6,64955,65223,290.0,291.0,269,0.851,5.4403,10.2369,15.2991,55.36,0.3769,1.0002,25.0,normal,high,"Grp1 = k-feldspar (high, >=25.0 sd); Min1 = orthoclase (high, >=25.0 sd); Grp2 = oxide (low, >=25.0 sd)"
07THD002,fd02659c-dc3d-52ea-a8eb-c032b91e7624,ca3660de-f678-5256-89f5-40d17832e4eb,b9ba28cd-0216-5314-83df-f6247b0f56b6,65224,65486,291.0,292.0,263,0.855,5.4966,10.2657,16.1325,55.88,0.3707,1.0005,25.0,normal,high,"Grp1 = oxide (low, >=25.0 sd); Grp2 = oxide (low, >=25.0 sd); Grp1 = k-feldspar (high, >=25.0 sd)"
07THD002,fd02659c-dc3d-52ea-a8eb-c032b91e7624,ca3660de-f678-5256-89f5-40d17832e4eb,b9ba28cd-0216-5314-83df-f6247b0f56b6,65487,65755,292.0,293.0,269,0.855,5.59,11.052,15.5509,59.03,0.3752,1.0054,25.0,normal,high,"Min1 = orthoclase (high, >=25.0 sd); Min1 = aspectral (low, >=25.0 sd); Grp1 = k-feldspar (high, >=25.0 sd)"
07THD002,fd02659c-dc3d-52ea-a8eb-c032b91e7624,ca3660de-f678-5256-89f5-40d17832e4eb,b9ba28cd-0216-5314-83df-f6247b0f56b6,65756,66063,293.0,294.0,308,0.863,5.8554,13.3546,25.7237,78.63,0.3872,1.0702,25.0,normal,high,"Min1 = aspectral (low, >=25.0 sd); Min2 = goethite (low, >=25.0 sd); Min1 = orthoclase (high, >=25.0 sd)"
07THD002,fd02659c-dc3d-52ea-a8eb-c032b91e7624,ca3660de-f678-5256-89f5-40d17832e4eb,b9ba28cd-0216-5314-83df-f6247b0f56b6,66064,66361,294.0,295.0,298,0.859,5.9225,12.455,22.0914,74.54,0.3831,1.0154,25.0,normal,high,"Grp2 = oxide (low, >=25.0 sd); Grp1 = k-feldspar (high, >=25.0 sd); Min1 = aspectral (low, >=25.0 sd)"
07THD002,fd02659c-dc3d-52ea-a8eb-c032b91e7624,ca3660de-f678-5256-89f5-40d17832e4eb,b9ba28cd-0216-5314-83df-f6247b0f56b6,66362,66636,295.0,296.0,275,0.859,5.3167,9.6356,14.0958,49.79,0.3719,1.0107,25.0,normal,high,"Min1 = orthoclase (high, >=25.0 sd); Min1 = aspectral (low, >=25.0 sd); Grp2 = oxide (low, >=25.0 sd)"
07THD002,fd02659c-dc3d-52ea-a8eb-c032b91e7624,ca3660de-f678-5256-89f5-40d17832e4eb,b9ba28cd-0216-5314-83df-f6247b0f56b6,66637,66905,296.0,297.0,269,0.867,4.8719,7.0692,11.8203,37.95,0.37,0.9857,25.0,normal,high,"Grp1 = oxide (low, >=25.0 sd); Min1 = aspectral (low, >=25.0 sd); Grp2 = oxide (low, >=25.0 sd)"
07THD002,fd02659c-dc3d-52ea-a8eb-c032b91e7624,ca3660de-f678-5256-89f5-40d17832e4eb,b9ba28cd-0216-5314-83df-f6247b0f56b6,66906,67214,297.0,298.0,309,0.851,5.5356,10.265,19.2447,66.08,0.3909,1.065,25.0,normal,high,"Min1 = aspectral (low, >=25.0 sd); Grp1 = oxide (low, >=25.0 sd); Min2 = goethite (low, >=25.0 sd)"
07THD002,fd02659c-dc3d-52ea-a8eb-c032b91e7624,ca3660de-f678-5256-89f5-40d17832e4eb,b9ba28cd-0216-5314-83df-f6247b0f56b6,67215,67485,298.0,299.0,271,0.863,5.8222,12.0393,33.3668,80.46,0.3897,1.0955,25.0,normal,high,"Grp2 = oxide (low, >=25.0 sd); Grp1 = oxide (low, >=25.0 sd); Min1 = aspectral (low, >=25.0 sd)"
07THD002,fd02659c-dc3d-52ea-a8eb-c032b91e7624,ca3660de-f678-5256-89f5-40d17832e4eb,b9ba28cd-0216-5314-83df-f6247b0f56b6,67486,67773,299.0,300.0,288,0.859,5.4825,10.7386,19.7772,66.58,0.3894,1.0202,25.0,normal,high,"Grp2 = oxide (low, >=25.0 sd); Grp1 = oxide (low, >=25.0 sd); Min1 = aspectral (low, >=25.0 sd)"
07THD002,fd02659c-dc3d-52ea-a8eb-c032b91e7624,ca3660de-f678-5256-89f5-40d17832e4eb,b9ba28cd-0216-5314-83df-f6247b0f56b6,67774,68071,300.0,301.0,298,0.859,5.5955,12.7974,17.1994,67.24,0.3864,1.1255,25.0,normal,high,"Min1 = orthoclase (high, >=25.0 sd); Grp1 = oxide (low, >=25.0 sd); Min2 = goethite (low, >=25.0 sd)"
07THD002,fd02659c-dc3d-52ea-a8eb-c032b91e7624,ca3660de-f678-5256-89f5-40d17832e4eb,b9ba28cd-0216-5314-83df-f6247b0f56b6,68072,68347,301.0,302.0,276,0.855,5.1049,9.0497,18.4364,52.61,0.3756,1.0128,25.0,normal,high,"Min1 = aspectral (low, >=25.0 sd); Grp1 = oxide (low, >=25.0 sd); Grp2 = oxide (low, >=25.0 sd)"
07THD002,fd02659c-dc3d-52ea-a8eb-c032b91e7624,ca3660de-f678-5256-89f5-40d17832e4eb,b9ba28cd-0216-5314-83df-f6247b0f56b6,68348,68620,302.0,303.0,273,0.851,5.4053,14.1206,26.2863,72.98,0.3836,1.3055,25.0,normal,high,"Grp2 = oxide (low, >=25.0 sd); Grp1 = smectite (high, >=25.0 sd); Grp1 = oxide (low, >=25.0 sd)"
07THD002,fd02659c-dc3d-52ea-a8eb-c032b91e7624,ca3660de-f678-5256-89f5-40d17832e4eb,b9ba28cd-0216-5314-83df-f6247b0f56b6,68621,68903,303.0,304.0,283,0.867,4.8168,8.4829,17.1621,46.66,0.3728,1.006,25.0,normal,high,"Grp1 = oxide (low, >=25.0 sd); Grp2 = oxide (low, >=25.0 sd); Min1 = aspectral (low, >=25.0 sd)"
07THD002,fd02659c-dc3d-52ea-a8eb-c032b91e7624,ca3660de-f678-5256-89f5-40d17832e4eb,b9ba28cd-0216-5314-83df-f6247b0f56b6,68904,69175,304.0,305.0,272,0.859,5.6199,10.4314,24.8318,68.1,0.3789,1.1249,25.0,normal,high,"Grp3 = k-feldspar (high, >=25.0 sd); Grp2 = oxide (low, >=25.0 sd); Grp1 = oxide (low, >=25.0 sd)"
07THD002,fd02659c-dc3d-52ea-a8eb-c032b91e7624,ca3660de-f678-5256-89f5-40d17832e4eb,b9ba28cd-0216-5314-83df-f6247b0f56b6,69176,69443,305.0,306.0,268,0.859,5.5916,9.6334,17.9208,59.67,0.3792,1.1422,25.0,normal,high,"Min1 = aspectral (low, >=25.0 sd); Grp2 = k-feldspar (high, >=25.0 sd); Grp3 = k-feldspar (high, >=25.0 sd)"
07THD002,fd02659c-dc3d-52ea-a8eb-c032b91e7624,ca3660de-f678-5256-89f5-40d17832e4eb,b9ba28cd-0216-5314-83df-f6247b0f56b6,69444,69740,306.0,307.0,297,0.867,4.8197,6.3812,14.316,38.01,0.3688,1.0306,25.0,normal,high,"Grp1 = oxide (low, >=25.0 sd); Grp2 = oxide (low, >=25.0 sd); Min1 = aspectral (low, >=25.0 sd)"
07THD002,fd02659c-dc3d-52ea-a8eb-c032b91e7624,ca3660de-f678-5256-89f5-40d17832e4eb,b9ba28cd-0216-5314-83df-f6247b0f56b6,69741,70011,307.0,308.0,271,0.859,5.1383,8.0425,22.2375,55.3,0.3786,1.0293,25.0,normal,high,"Min1 = microcline (high, >=25.0 sd); Grp1 = oxide (low, >=25.0 sd); Min1 = aspectral (low, >=25.0 sd)"
07THD002,fd02659c-dc3d-52ea-a8eb-c032b91e7624,ca3660de-f678-5256-89f5-40d17832e4eb,b9ba28cd-0216-5314-83df-f6247b0f56b6,70012,70282,308.0,309.0,271,0.851,5.4294,13.9567,24.1407,72.37,0.3844,1.1743,25.0,normal,high,"Min3 = oligoclase (high, >=25.0 sd); Min1 = biotite (high, >=25.0 sd); Min1 = aspectral (low, >=25.0 sd)"
07THD002,fd02659c-dc3d-52ea-a8eb-c032b91e7624,ca3660de-f678-5256-89f5-40d17832e4eb,b9ba28cd-0216-5314-83df-f6247b0f56b6,70283,70547,309.0,310.0,265,0.851,5.4072,12.8231,29.9721,73.39,0.3844,1.2032,25.0,normal,high,"Min3 = oligoclase (high, >=25.0 sd); Min1 = aspectral (low, >=25.0 sd); Grp1 = amphibole (high, >=25.0 sd)"
07THD002,fd02659c-dc3d-52ea-a8eb-c032b91e7624,ca3660de-f678-5256-89f5-40d17832e4eb,b9ba28cd-0216-5314-83df-f6247b0f56b6,70548,70820,310.0,311.0,273,0.851,5.1327,12.7419,19.689,67.18,0.3935,1.2552,25.0,normal,high,"Min1 = aspectral (low, >=25.0 sd); Grp1 = oxide (low, >=25.0 sd); Grp2 = oxide (low, >=25.0 sd)"
07THD002,fd02659c-dc3d-52ea-a8eb-c032b91e7624,ca3660de-f678-5256-89f5-40d17832e4eb,b9ba28cd-0216-5314-83df-f6247b0f56b6,70821,71094,311.0,312.0,274,0.851,5.2008,8.6651,19.4331,52.34,0.3712,1.1205,25.0,normal,high,"Grp1 = oxide (low, >=25.0 sd); Grp2 = oxide (low, >=25.0 sd); Min1 = aspectral (low, >=25.0 sd)"
07THD002,fd02659c-dc3d-52ea-a8eb-c032b91e7624,ca3660de-f678-5256-89f5-40d17832e4eb,b9ba28cd-0216-5314-83df-f6247b0f56b6,71095,71403,312.0,313.0,309,0.859,5.6842,12.1168,24.0172,76.44,0.3928,1.1578,25.0,normal,high,"Min1 = aspectral (low, >=25.0 sd); Grp1 = oxide (low, >=25.0 sd); Grp2 = oxide (low, >=25.0 sd)"
07THD002,fd02659c-dc3d-52ea-a8eb-c032b91e7624,ca3660de-f678-5256-89f5-40d17832e4eb,b9ba28cd-0216-5314-83df-f6247b0f56b6,71404,71671,313.0,314.0,268,0.859,5.6222,11.1353,15.6886,59.53,0.3748,1.1224,25.0,normal,high,"Grp2 = k-feldspar (high, >=25.0 sd); Min3 = muscovite (high, >=25.0 sd); Min2 = microcline (high, >=25.0 sd)"
07THD002,fd02659c-dc3d-52ea-a8eb-c032b91e7624,ca3660de-f678-5256-89f5-40d17832e4eb,b9ba28cd-0216-5314-83df-f6247b0f56b6,71672,71941,314.0,315.0,270,0.867,4.9555,8.1257,25.2709,56.3,0.3814,1.0748,25.0,normal,high,"Min1 = aspectral (low, >=25.0 sd); Grp1 = oxide (low, >=25.0 sd); Grp2 = oxide (low, >=25.0 sd)"
07THD002,fd02659c-dc3d-52ea-a8eb-c032b91e7624,ca3660de-f678-5256-89f5-40d17832e4eb,b9ba28cd-0216-5314-83df-f6247b0f56b6,71942,72209,315.0,316.0,268,0.855,5.6341,17.0691,21.9349,75.52,0.3862,1.3216,25.0,normal,high,"Min1 = muscovite (high, >=25.0 sd); Grp2 = oxide (low, >=25.0 sd); Grp1 = white-mica (high, >=25.0 sd)"
07THD002,fd02659c-dc3d-52ea-a8eb-c032b91e7624,ca3660de-f678-5256-89f5-40d17832e4eb,b9ba28cd-0216-5314-83df-f6247b0f56b6,72210,72487,316.0,317.0,278,0.859,5.327,9.9145,12.6513,50.04,0.3736,1.0797,25.0,normal,high,"Grp1 = oxide (low, >=25.0 sd); Grp2 = k-feldspar (high, >=25.0 sd); Min1 = aspectral (low, >=25.0 sd)"
07THD002,fd02659c-dc3d-52ea-a8eb-c032b91e7624,ca3660de-f678-5256-89f5-40d17832e4eb,b9ba28cd-0216-5314-83df-f6247b0f56b6,72488,72753,317.0,318.0,266,0.859,5.7163,14.253,30.5753,79.67,0.3871,1.2407,25.0,normal,high,"Min1 = aspectral (low, >=25.0 sd); Min3 = calcite (high, >=25.0 sd); Grp2 = k-feldspar (high, >=25.0 sd)"
07THD002,fd02659c-dc3d-52ea-a8eb-c032b91e7624,ca3660de-f678-5256-89f5-40d17832e4eb,b9ba28cd-0216-5314-83df-f6247b0f56b6,72754,73044,318.0,319.0,291,0.863,5.7533,13.9968,36.3621,80.88,0.3856,1.2546,25.0,normal,high,"Grp2 = oxide (low, >=25.0 sd); Grp1 = oxide (low, >=25.0 sd); Min3 = calcite (high, >=25.0 sd)"
07THD002,fd02659c-dc3d-52ea-a8eb-c032b91e7624,ca3660de-f678-5256-89f5-40d17832e4eb,b9ba28cd-0216-5314-83df-f6247b0f56b6,73045,73344,319.0,320.0,300,0.867,5.5816,13.529,31.7979,79.23,0.3909,1.1303,25.0,normal,high,"Min3 = calcite (high, >=25.0 sd); Grp2 = dark-mica (high, >=25.0 sd); Grp1 = oxide (low, >=25.0 sd)"
07THD002,fd02659c-dc3d-52ea-a8eb-c032b91e7624,ca3660de-f678-5256-89f5-40d17832e4eb,b9ba28cd-0216-5314-83df-f6247b0f56b6,73345,73612,320.0,321.0,268,0.859,4.9803,10.0638,18.2716,54.94,0.3801,1.0544,25.0,normal,high,"Min1 = aspectral (low, >=25.0 sd); Grp2 = oxide (low, >=25.0 sd); Grp1 = oxide (low, >=25.0 sd)"
07THD002,fd02659c-dc3d-52ea-a8eb-c032b91e7624,ca3660de-f678-5256-89f5-40d17832e4eb,b9ba28cd-0216-5314-83df-f6247b0f56b6,73613,73878,321.0,322.0,266,0.859,4.8874,10.617,15.9627,53.86,0.3844,1.0525,25.0,normal,high,"Grp1 = oxide (low, >=25.0 sd); Min1 = aspectral (low, >=25.0 sd); Grp2 = oxide (low, >=25.0 sd)"
07THD002,fd02659c-dc3d-52ea-a8eb-c032b91e7624,ca3660de-f678-5256-89f5-40d17832e4eb,b9ba28cd-0216-5314-83df-f6247b0f56b6,73879,74145,322.0,323.0,267,0.859,4.7608,9.0681,14.2976,45.87,0.3787,1.02,25.0,normal,high,"Grp2 = oxide (low, >=25.0 sd); Min1 = aspectral (low, >=25.0 sd); Grp1 = oxide (low, >=25.0 sd)"
07THD002,fd02659c-dc3d-52ea-a8eb-c032b91e7624,ca3660de-f678-5256-89f5-40d17832e4eb,b9ba28cd-0216-5314-83df-f6247b0f56b6,74146,74421,323.0,324.0,276,0.859,5.1436,11.5998,17.3406,58.11,0.3783,1.0661,25.0,normal,high,"Min1 = phengite (high, >=25.0 sd); Min1 = aspectral (low, >=25.0 sd); Grp1 = oxide (low, >=25.0 sd)"
07THD002,fd02659c-dc3d-52ea-a8eb-c032b91e7624,ca3660de-f678-5256-89f5-40d17832e4eb,b9ba28cd-0216-5314-83df-f6247b0f56b6,74422,74697,324.0,325.0,276,0.867,6.3114,21.4862,34.5232,92.97,0.4068,1.0522,25.0,normal,high,"Grp2 = oxide (low, >=25.0 sd); Min1 = muscovite (high, >=25.0 sd); Grp1 = oxide (low, >=25.0 sd)"
07THD002,fd02659c-dc3d-52ea-a8eb-c032b91e7624,ca3660de-f678-5256-89f5-40d17832e4eb,b9ba28cd-0216-5314-83df-f6247b0f56b6,74698,74979,325.0,326.0,282,0.867,5.9784,18.1926,28.4488,88.26,0.4014,1.0117,25.0,normal,high,"Min1 = aspectral (low, >=25.0 sd); Grp1 = white-mica (high, >=25.0 sd); Grp1 = oxide (low, >=25.0 sd)"
07THD002,fd02659c-dc3d-52ea-a8eb-c032b91e7624,ca3660de-f678-5256-89f5-40d17832e4eb,b9ba28cd-0216-5314-83df-f6247b0f56b6,74980,75243,326.0,327.0,264,0.859,6.3456,21.5241,34.2787,92.54,0.4054,1.054,25.0,normal,high,"Min2 = chlorite-femg (high, >=25.0 sd); Grp1 = white-mica (high, >=25.0 sd); Min1 = phengite (high, >=25.0 sd)"
07THD002,fd02659c-dc3d-52ea-a8eb-c032b91e7624,ca3660de-f678-5256-89f5-40d17832e4eb,b9ba28cd-0216-5314-83df-f6247b0f56b6,75244,75515,327.0,328.0,272,0.859,5.7239,16.7598,27.1044,86.11,0.4053,1.0118,25.0,normal,high,"Min1 = phengite (high, >=25.0 sd); Grp2 = oxide (low, >=25.0 sd); Min1 = muscovite (high, >=25.0 sd)"
07THD002,fd02659c-dc3d-52ea-a8eb-c032b91e7624,ca3660de-f678-5256-89f5-40d17832e4eb,b9ba28cd-0216-5314-83df-f6247b0f56b6,75516,75788,328.0,329.0,273,0.855,5.4739,14.5919,23.242,80.28,0.4061,1.0012,25.0,normal,high,"Grp1 = oxide (low, >=25.0 sd); Min1 = phengite (high, >=25.0 sd); Min1 = muscovite (high, >=25.0 sd)"
07THD002,fd02659c-dc3d-52ea-a8eb-c032b91e7624,ca3660de-f678-5256-89f5-40d17832e4eb,b9ba28cd-0216-5314-83df-f6247b0f56b6,75789,76061,329.0,330.0,273,0.867,5.834,17.3573,26.8867,87.3,0.4048,1.012,25.0,normal,high,"Grp1 = oxide (low, >=25.0 sd); Min1 = muscovite (high, >=25.0 sd); Grp1 = white-mica (high, >=25.0 sd)"
07THD002,fd02659c-dc3d-52ea-a8eb-c032b91e7624,ca3660de-f678-5256-89f5-40d17832e4eb,b9ba28cd-0216-5314-83df-f6247b0f56b6,76062,76361,330.0,331.0,300,0.867,5.7468,15.7633,23.1838,85.34,0.4106,1.0085,25.0,normal,high,"Min1 = aspectral (low, >=25.0 sd); Grp1 = oxide (low, >=25.0 sd); Grp1 = white-mica (high, >=25.0 sd)"
07THD002,fd02659c-dc3d-52ea-a8eb-c032b91e7624,ca3660de-f678-5256-89f5-40d17832e4eb,b9ba28cd-0216-5314-83df-f6247b0f56b6,76362,76637,331.0,332.0,276,0.859,5.7059,14.5501,21.6968,78.79,0.3976,0.9932,25.0,normal,high,"Min1 = aspectral (low, >=25.0 sd); Min1 = phengite (high, >=25.0 sd); Min1 = muscovite (high, >=25.0 sd)"
07THD002,fd02659c-dc3d-52ea-a8eb-c032b91e7624,ca3660de-f678-5256-89f5-40d17832e4eb,b9ba28cd-0216-5314-83df-f6247b0f56b6,76638,76912,332.0,333.0,275,0.863,5.9506,15.7144,26.1152,83.38,0.3925,0.9661,25.0,normal,high,"Min1 = muscovite (high, >=25.0 sd); Min1 = phengite (high, >=25.0 sd); Min1 = aspectral (low, >=25.0 sd)"
07THD002,fd02659c-dc3d-52ea-a8eb-c032b91e7624,ca3660de-f678-5256-89f5-40d17832e4eb,b9ba28cd-0216-5314-83df-f6247b0f56b6,76913,77199,333.0,334.0,287,0.867,5.6941,12.6771,46.0365,84.53,0.3999,1.1884,25.0,normal,high,"Min2 = calcite (high, >=25.0 sd); Grp2 = oxide (low, >=25.0 sd); Grp1 = oxide (low, >=25.0 sd)"
07THD002,fd02659c-dc3d-52ea-a8eb-c032b91e7624,ca3660de-f678-5256-89f5-40d17832e4eb,b9ba28cd-0216-5314-83df-f6247b0f56b6,77200,77488,334.0,335.0,289,0.871,5.3672,10.0314,20.5747,72.1,0.417,1.0724,25.0,normal,high,"Grp1 = oxide (low, >=25.0 sd); Grp2 = oxide (low, >=25.0 sd); Min1 = aspectral (low, >=25.0 sd)"
07THD002,fd02659c-dc3d-52ea-a8eb-c032b91e7624,ca3660de-f678-5256-89f5-40d17832e4eb,b9ba28cd-0216-5314-83df-f6247b0f56b6,77489,77775,335.0,336.0,287,0.859,5.9587,12.3547,17.8231,75.21,0.3977,0.9954,25.0,normal,high,"Grp2 = oxide (low, >=25.0 sd); Grp2 = smectite (high, >=25.0 sd); Min1 = phengite (high, >=25.0 sd)"
07THD002,fd02659c-dc3d-52ea-a8eb-c032b91e7624,ca3660de-f678-5256-89f5-40d17832e4eb,b9ba28cd-0216-5314-83df-f6247b0f56b6,77776,78065,336.0,337.0,290,0.859,5.9335,11.4214,19.4521,77.31,0.4041,0.9893,25.0,normal,high,"Min2 = goethite (low, >=25.0 sd); Grp2 = oxide (low, >=25.0 sd); Grp2 = smectite (high, >=25.0 sd)"
07THD002,fd02659c-dc3d-52ea-a8eb-c032b91e7624,ca3660de-f678-5256-89f5-40d17832e4eb,b9ba28cd-0216-5314-83df-f6247b0f56b6,78066,78391,337.0,338.0,326,0.861,5.8566,11.461,25.0353,83.88,0.4142,1.016,25.0,normal,high,"Min2 = goethite (low, >=25.0 sd); Grp2 = oxide (low, >=25.0 sd); Min1 = aspectral (low, >=25.0 sd)"
07THD002,fd02659c-dc3d-52ea-a8eb-c032b91e7624,ca3660de-f678-5256-89f5-40d17832e4eb,b9ba28cd-0216-5314-83df-f6247b0f56b6,78392,78710,338.0,339.0,319,0.867,5.9008,12.9746,31.481,90.95,0.4334,1.093,25.0,normal,high,"Grp1 = oxide (low, >=25.0 sd); Min2 = goethite (low, >=25.0 sd); Min1 = aspectral (low, >=25.0 sd)"
07THD002,fd02659c-dc3d-52ea-a8eb-c032b91e7624,ca3660de-f678-5256-89f5-40d17832e4eb,b9ba28cd-0216-5314-83df-f6247b0f56b6,78711,79012,339.0,340.0,302,0.871,5.9958,14.4247,24.2003,90.1,0.4295,1.0814,25.0,normal,high,"Grp2 = oxide (low, >=25.0 sd); Grp1 = oxide (low, >=25.0 sd); Min1 = aspectral (low, >=25.0 sd)"
07THD002,fd02659c-dc3d-52ea-a8eb-c032b91e7624,ca3660de-f678-5256-89f5-40d17832e4eb,b9ba28cd-0216-5314-83df-f6247b0f56b6,79013,79294,340.0,341.0,282,0.869,6.1696,16.5121,36.7564,87.36,0.3909,1.0038,25.0,normal,high,"Grp2 = white-mica (high, >=25.0 sd); Min2 = phengite (high, >=25.0 sd); Min1 = phengiticillite (high, >=25.0 sd)"
07THD002,fd02659c-dc3d-52ea-a8eb-c032b91e7624,ca3660de-f678-5256-89f5-40d17832e4eb,b9ba28cd-0216-5314-83df-f6247b0f56b6,79295,79578,341.0,342.0,284,0.859,5.9739,14.1101,26.0633,81.69,0.3902,0.9935,25.0,normal,high,"Min2 = phengite (high, >=25.0 sd); Min1 = phengiticillite (high, >=25.0 sd); Min1 = muscovite (high, >=25.0 sd)"
07THD002,fd02659c-dc3d-52ea-a8eb-c032b91e7624,ca3660de-f678-5256-89f5-40d17832e4eb,b9ba28cd-0216-5314-83df-f6247b0f56b6,79579,79868,342.0,343.0,290,0.863,5.5295,11.4186,13.9421,58.88,0.3824,1.0512,25.0,normal,high,"Min1 = aspectral (low, >=25.0 sd); Grp1 = oxide (low, >=25.0 sd); Grp2 = oxide (low, >=25.0 sd)"
07THD002,fd02659c-dc3d-52ea-a8eb-c032b91e7624,ca3660de-f678-5256-89f5-40d17832e4eb,b9ba28cd-0216-5314-83df-f6247b0f56b6,79869,80167,343.0,344.0,299,0.859,5.4797,11.4526,17.1664,65.58,0.3914,1.0552,25.0,normal,high,"Grp1 = oxide (low, >=25.0 sd); Min1 = muscoviticillite (high, >=25.0 sd); Min1 = aspectral (low, >=25.0 sd)"
07THD002,fd02659c-dc3d-52ea-a8eb-c032b91e7624,ca3660de-f678-5256-89f5-40d17832e4eb,b9ba28cd-0216-5314-83df-f6247b0f56b6,80168,80444,344.0,345.0,277,0.867,5.2861,7.7056,14.7928,46.58,0.3755,1.0254,25.0,normal,high,"Grp2 = oxide (low, >=25.0 sd); Min1 = aspectral (low, >=25.0 sd); Grp1 = oxide (low, >=25.0 sd)"
07THD002,fd02659c-dc3d-52ea-a8eb-c032b91e7624,ca3660de-f678-5256-89f5-40d17832e4eb,b9ba28cd-0216-5314-83df-f6247b0f56b6,80445,80720,345.0,346.0,276,0.859,6.1152,15.9561,29.8541,84.26,0.3881,1.0008,25.0,normal,high,"Grp2 = oxide (low, >=25.0 sd); Min1 = muscovite (high, >=25.0 sd); Min2 = phengite (high, >=25.0 sd)"
07THD002,fd02659c-dc3d-52ea-a8eb-c032b91e7624,ca3660de-f678-5256-89f5-40d17832e4eb,b9ba28cd-0216-5314-83df-f6247b0f56b6,80721,80993,346.0,347.0,273,0.859,5.8965,15.7089,19.8444,77.65,0.3911,1.0168,25.0,normal,high,"Grp2 = oxide (low, >=25.0 sd); Min1 = phengiticillite (high, >=25.0 sd); Grp1 = oxide (low, >=25.0 sd)"
07THD002,fd02659c-dc3d-52ea-a8eb-c032b91e7624,ca3660de-f678-5256-89f5-40d17832e4eb,b9ba28cd-0216-5314-83df-f6247b0f56b6,80994,81287,347.0,348.0,294,0.869,6.1788,16.0171,31.3906,89.32,0.4009,1.0036,25.0,normal,high,"Grp1 = oxide (low, >=25.0 sd); Min2 = goethite (low, >=25.0 sd); Min2 = phengite (high, >=25.0 sd)"
07THD002,fd02659c-dc3d-52ea-a8eb-c032b91e7624,ca3660de-f678-5256-89f5-40d17832e4eb,b9ba28cd-0216-5314-83df-f6247b0f56b6,81288,81590,348.0,349.0,303,0.863,5.7183,15.0828,25.1229,84.32,0.4056,1.0087,25.0,normal,high,"Min1 = muscovite (high, >=25.0 sd); Grp1 = white-mica (high, >=25.0 sd); Grp1 = oxide (low, >=25.0 sd)"
07THD002,fd02659c-dc3d-52ea-a8eb-c032b91e7624,ca3660de-f678-5256-89f5-40d17832e4eb,b9ba28cd-0216-5314-83df-f6247b0f56b6,81591,81879,349.0,350.0,289,0.865,6.0605,17.7093,36.0765,93.97,0.4144,1.01,25.0,normal,high,"Grp1 = oxide (low, >=25.0 sd); Grp1 = white-mica (high, >=25.0 sd); Min1 = aspectral (low, >=25.0 sd)"
07THD002,fd02659c-dc3d-52ea-a8eb-c032b91e7624,ca3660de-f678-5256-89f5-40d17832e4eb,b9ba28cd-0216-5314-83df-f6247b0f56b6,81880,82180,350.0,351.0,301,0.859,6.0646,15.1876,31.0684,87.89,0.3994,0.968,25.0,normal,high,"Min1 = muscovite (high, >=25.0 sd); Grp1 = white-mica (high, >=25.0 sd); Min2 = goethite (low, >=25.0 sd)"
07THD002,fd02659c-dc3d-52ea-a8eb-c032b91e7624,ca3660de-f678-5256-89f5-40d17832e4eb,b9ba28cd-0216-5314-83df-f6247b0f56b6,82181,82473,351.0,352.0,293,0.863,6.2241,15.1486,34.0148,86.28,0.3905,0.9765,25.0,normal,high,"Grp2 = white-mica (high, >=25.0 sd); Grp2 = oxide (low, >=25.0 sd); Min2 = goethite (low, >=25.0 sd)"
07THD002,fd02659c-dc3d-52ea-a8eb-c032b91e7624,ca3660de-f678-5256-89f5-40d17832e4eb,b9ba28cd-0216-5314-83df-f6247b0f56b6,82474,82767,352.0,353.0,294,0.863,6.1558,15.3249,33.0651,84.82,0.3873,0.9631,25.0,normal,high,"Grp2 = white-mica (high, >=25.0 sd); Min2 = goethite (low, >=25.0 sd); Min1 = muscovite (high, >=25.0 sd)"
07THD002,fd02659c-dc3d-52ea-a8eb-c032b91e7624,ca3660de-f678-5256-89f5-40d17832e4eb,b9ba28cd-0216-5314-83df-f6247b0f56b6,82768,83061,353.0,354.0,294,0.867,6.0387,17.9265,39.612,93.29,0.4095,1.0206,25.0,normal,high,"Min2 = chlorite-mg (high, >=25.0 sd); Grp1 = oxide (low, >=25.0 sd); Min1 = muscovite (high, >=25.0 sd)"
07THD002,fd02659c-dc3d-52ea-a8eb-c032b91e7624,ca3660de-f678-5256-89f5-40d17832e4eb,b9ba28cd-0216-5314-83df-f6247b0f56b6,83062,83351,354.0,355.0,290,0.871,6.1159,18.0545,35.5279,95.04,0.4206,1.0165,25.0,high,high,"Min1 = muscovite (high, >=25.0 sd); Min2 = chlorite-mg (high, >=25.0 sd); Min1 = phengite (high, >=25.0 sd)"
07THD002,fd02659c-dc3d-52ea-a8eb-c032b91e7624,ca3660de-f678-5256-89f5-40d17832e4eb,b9ba28cd-0216-5314-83df-f6247b0f56b6,83352,83627,355.0,356.0,276,0.859,6.3614,20.8114,35.2629,92.97,0.4061,1.0244,25.0,normal,high,"Grp1 = white-mica (high, >=25.0 sd); Min1 = phengite (high, >=25.0 sd); Min1 = muscovite (high, >=25.0 sd)"
07THD002,fd02659c-dc3d-52ea-a8eb-c032b91e7624,ca3660de-f678-5256-89f5-40d17832e4eb,b9ba28cd-0216-5314-83df-f6247b0f56b6,83628,83921,356.0,357.0,294,0.871,5.9399,15.0722,30.7387,91.68,0.4198,0.9829,25.0,normal,high,"Grp1 = white-mica (high, >=25.0 sd); Grp1 = carbonate (high, >=25.0 sd); Grp1 = oxide (low, >=25.0 sd)"
07THD002,fd02659c-dc3d-52ea-a8eb-c032b91e7624,ca3660de-f678-5256-89f5-40d17832e4eb,b9ba28cd-0216-5314-83df-f6247b0f56b6,83922,84207,357.0,358.0,286,0.867,6.1381,17.6302,36.2499,93.31,0.4093,0.988,25.0,normal,high,"Grp1 = white-mica (high, >=25.0 sd); Min1 = phengite (high, >=25.0 sd); Grp1 = oxide (low, >=25.0 sd)"
07THD002,fd02659c-dc3d-52ea-a8eb-c032b91e7624,ca3660de-f678-5256-89f5-40d17832e4eb,b9ba28cd-0216-5314-83df-f6247b0f56b6,84208,84561,358.0,359.0,354,0.859,6.1764,17.654,36.9602,96.79,0.4337,1.0165,25.0,high,high,"Grp1 = oxide (low, >=25.0 sd); Grp1 = white-mica (high, >=25.0 sd); Min1 = phengite (high, >=25.0 sd)"
07THD002,fd02659c-dc3d-52ea-a8eb-c032b91e7624,ca3660de-f678-5256-89f5-40d17832e4eb,b9ba28cd-0216-5314-83df-f6247b0f56b6,84562,84839,359.0,360.0,278,0.851,5.6976,15.5104,27.2727,84.84,0.4038,1.0071,25.0,normal,high,"Min1 = aspectral (low, >=25.0 sd); Grp1 = white-mica (high, >=25.0 sd); Min1 = phengite (high, >=25.0 sd)"
07THD002,fd02659c-dc3d-52ea-a8eb-c032b91e7624,ca3660de-f678-5256-89f5-40d17832e4eb,b9ba28cd-0216-5314-83df-f6247b0f56b6,84840,85115,360.0,361.0,276,0.863,5.9515,17.3616,32.0658,89.95,0.4042,1.0145,25.0,normal,high,"Min1 = aspectral (low, >=25.0 sd); Grp1 = oxide (low, >=25.0 sd); Min1 = phengite (high, >=25.0 sd)"
07THD002,fd02659c-dc3d-52ea-a8eb-c032b91e7624,ca3660de-f678-5256-89f5-40d17832e4eb,b9ba28cd-0216-5314-83df-f6247b0f56b6,85116,85393,361.0,362.0,278,0.861,5.8875,14.4319,27.6712,85.18,0.3999,0.9597,25.0,normal,high,"Grp2 = oxide (low, >=25.0 sd); Min1 = muscovite (high, >=25.0 sd); Grp1 = white-mica (high, >=25.0 sd)"
07THD002,fd02659c-dc3d-52ea-a8eb-c032b91e7624,ca3660de-f678-5256-89f5-40d17832e4eb,b9ba28cd-0216-5314-83df-f6247b0f56b6,85394,85687,362.0,363.0,294,0.863,5.4467,13.3471,23.8865,82.32,0.4244,1.1314,25.0,normal,high,"Grp2 = oxide (low, >=25.0 sd); Grp1 = oxide (low, >=25.0 sd); Min1 = aspectral (low, >=25.0 sd)"
07THD002,fd02659c-dc3d-52ea-a8eb-c032b91e7624,ca3660de-f678-5256-89f5-40d17832e4eb,b9ba28cd-0216-5314-83df-f6247b0f56b6,85688,85984,363.0,364.0,297,0.867,6.0785,14.9656,23.853,89.18,0.4167,1.0829,25.0,normal,high,"Grp2 = smectite (high, >=25.0 sd); Grp2 = oxide (low, >=25.0 sd); Min2 = montmorillonite (high, >=25.0 sd)"
07THD002,fd02659c-dc3d-52ea-a8eb-c032b91e7624,ca3660de-f678-5256-89f5-40d17832e4eb,b9ba28cd-0216-5314-83df-f6247b0f56b6,85985,86255,364.0,365.0,271,0.855,5.6246,11.8742,22.9471,78.15,0.4038,1.0088,25.0,normal,high,"Grp2 = smectite (high, >=25.0 sd); Grp1 = oxide (low, >=25.0 sd); Min2 = montmorillonite (high, >=25.0 sd)"
07THD002,fd02659c-dc3d-52ea-a8eb-c032b91e7624,ca3660de-f678-5256-89f5-40d17832e4eb,b9ba28cd-0216-5314-83df-f6247b0f56b6,86256,86533,365.0,366.0,278,0.871,5.2331,8.5601,20.6047,61.24,0.3958,0.97,25.0,normal,high,"Min1 = aspectral (low, >=25.0 sd); Grp2 = oxide (low, >=25.0 sd); Grp1 = oxide (low, >=25.0 sd)"
07THD002,fd02659c-dc3d-52ea-a8eb-c032b91e7624,ca3660de-f678-5256-89f5-40d17832e4eb,b9ba28cd-0216-5314-83df-f6247b0f56b6,86534,86825,366.0,367.0,292,0.869,4.9762,10.9088,26.0546,76.25,0.4349,1.2326,25.0,normal,high,"Grp2 = oxide (low, >=25.0 sd); Min2 = goethite (low, >=25.0 sd); Grp1 = oxide (low, >=25.0 sd)"
07THD002,fd02659c-dc3d-52ea-a8eb-c032b91e7624,ca3660de-f678-5256-89f5-40d17832e4eb,b9ba28cd-0216-5314-83df-f6247b0f56b6,86826,87097,367.0,368.0,272,0.863,4.8371,7.3892,18.0714,53.27,0.3978,1.0245,25.0,normal,high,"Grp1 = oxide (low, >=25.0 sd); Min1 = aspectral (low, >=25.0 sd); Grp2 = oxide (low, >=25.0 sd)"
07THD002,fd02659c-dc3d-52ea-a8eb-c032b91e7624,ca3660de-f678-5256-89f5-40d17832e4eb,b9ba28cd-0216-5314-83df-f6247b0f56b6,87098,87368,368.0,369.0,271,0.863,5.9745,14.3456,22.6192,81.76,0.396,0.9916,25.0,normal,high,"Grp1 = white-mica (high, >=25.0 sd); Min1 = aspectral (low, >=25.0 sd); Min1 = phengiticillite (high, >=25.0 sd)"
07THD002,fd02659c-dc3d-52ea-a8eb-c032b91e7624,ca3660de-f678-5256-89f5-40d17832e4eb,b9ba28cd-0216-5314-83df-f6247b0f56b6,87369,87638,369.0,370.0,270,0.871,6.2003,15.3479,56.313,97.04,0.4384,1.527,25.0,high,high,"Grp2 = oxide (low, >=25.0 sd); Min2 = calcite (high, >=25.0 sd); Min1 = muscovite (high, >=25.0 sd)"
07THD002,fd02659c-dc3d-52ea-a8eb-c032b91e7624,ca3660de-f678-5256-89f5-40d17832e4eb,b9ba28cd-0216-5314-83df-f6247b0f56b6,87639,87913,370.0,371.0,275,0.861,6.4807,18.5614,40.9886,96.25,0.4191,1.2,25.0,high,high,"Grp1 = carbonate (high, >=25.0 sd); Grp1 = oxide (low, >=25.0 sd); Grp2 = oxide (low, >=25.0 sd)"
07THD002,fd02659c-dc3d-52ea-a8eb-c032b91e7624,ca3660de-f678-5256-89f5-40d17832e4eb,b9ba28cd-0216-5314-83df-f6247b0f56b6,87914,88214,371.0,372.0,301,0.871,5.5559,13.3947,21.057,81.23,0.4242,1.071,25.0,normal,high,"Grp2 = oxide (low, >=25.0 sd); Grp1 = oxide (low, >=25.0 sd); Min1 = aspectral (low, >=25.0 sd)"
07THD002,fd02659c-dc3d-52ea-a8eb-c032b91e7624,ca3660de-f678-5256-89f5-40d17832e4eb,b9ba28cd-0216-5314-83df-f6247b0f56b6,88215,88506,372.0,373.0,292,0.859,5.9158,13.0756,23.8318,85.11,0.4104,1.0981,25.0,normal,high,"Grp1 = oxide (low, >=25.0 sd); Grp2 = oxide (low, >=25.0 sd); Min1 = phengite (high, >=25.0 sd)"
07THD002,fd02659c-dc3d-52ea-a8eb-c032b91e7624,ca3660de-f678-5256-89f5-40d17832e4eb,b9ba28cd-0216-5314-83df-f6247b0f56b6,88507,88776,373.0,374.0,270,0.859,6.2779,14.1777,26.2786,88.22,0.4058,1.117,25.0,normal,high,"Grp1 = oxide (low, >=25.0 sd); Grp3 = white-mica (high, >=25.0 sd); Min1 = aspectral (low, >=25.0 sd)"
07THD002,fd02659c-dc3d-52ea-a8eb-c032b91e7624,ca3660de-f678-5256-89f5-40d17832e4eb,b9ba28cd-0216-5314-83df-f6247b0f56b6,88777,89051,374.0,375.0,275,0.851,5.7254,11.154,17.8554,70.0,0.3948,0.9862,25.0,normal,high,"Min1 = phengite (high, >=25.0 sd); Grp2 = oxide (low, >=25.0 sd); Grp1 = oxide (low, >=25.0 sd)"
07THD002,fd02659c-dc3d-52ea-a8eb-c032b91e7624,ca3660de-f678-5256-89f5-40d17832e4eb,b9ba28cd-0216-5314-83df-f6247b0f56b6,89052,89335,375.0,376.0,284,0.859,5.8092,11.2551,20.4758,73.52,0.3928,0.9863,25.0,normal,high,"Min1 = phengite (high, >=25.0 sd); Min2 = montmorillonite (high, >=25.0 sd); Min1 = aspectral (low, >=25.0 sd)"
07THD002,fd02659c-dc3d-52ea-a8eb-c032b91e7624,ca3660de-f678-5256-89f5-40d17832e4eb,b9ba28cd-0216-5314-83df-f6247b0f56b6,89336,89615,376.0,377.0,280,0.851,6.0443,12.4053,21.7665,78.84,0.3941,0.9768,25.0,normal,high,"Min1 = phengite (high, >=25.0 sd); Grp1 = oxide (low, >=25.0 sd); Grp2 = smectite (high, >=25.0 sd)"
07THD002,fd02659c-dc3d-52ea-a8eb-c032b91e7624,ca3660de-f678-5256-89f5-40d17832e4eb,b9ba28cd-0216-5314-83df-f6247b0f56b6,89616,89887,377.0,378.0,272,0.867,5.585,9.2175,18.6278,64.7,0.3951,0.9822,25.0,normal,high,"Min1 = phengite (high, >=25.0 sd); Grp1 = oxide (low, >=25.0 sd); Grp2 = oxide (low, >=25.0 sd)"
07THD002,fd02659c-dc3d-52ea-a8eb-c032b91e7624,ca3660de-f678-5256-89f5-40d17832e4eb,b9ba28cd-0216-5314-83df-f6247b0f56b6,89888,90168,378.0,379.0,281,0.867,5.6279,11.7876,22.1435,79.48,0.4118,1.0006,25.0,normal,high,"Grp2 = oxide (low, >=25.0 sd); Grp1 = oxide (low, >=25.0 sd); Min1 = phengite (high, >=25.0 sd)"
07THD002,fd02659c-dc3d-52ea-a8eb-c032b91e7624,ca3660de-f678-5256-89f5-40d17832e4eb,b9ba28cd-0216-5314-83df-f6247b0f56b6,90169,90442,379.0,380.0,274,0.871,5.7831,13.9053,42.7179,91.64,0.4239,1.1818,25.0,normal,high,"Grp2 = oxide (low, >=25.0 sd); Grp1 = oxide (low, >=25.0 sd); Min1 = aspectral (low, >=25.0 sd)"
07THD002,fd02659c-dc3d-52ea-a8eb-c032b91e7624,ca3660de-f678-5256-89f5-40d17832e4eb,b9ba28cd-0216-5314-83df-f6247b0f56b6,90443,90714,380.0,381.0,272,0.869,6.2123,16.8824,45.1743,97.56,0.4383,1.2035,25.0,high,high,"Min1 = phengiticillite (high, >=25.0 sd); Grp1 = oxide (low, >=25.0 sd); Grp2 = oxide (low, >=25.0 sd)"
07THD002,fd02659c-dc3d-52ea-a8eb-c032b91e7624,ca3660de-f678-5256-89f5-40d17832e4eb,b9ba28cd-0216-5314-83df-f6247b0f56b6,90715,91010,381.0,382.0,296,0.861,5.971,16.5401,29.6814,92.54,0.4237,1.0004,25.0,normal,high,"Grp1 = white-mica (high, >=25.0 sd); Grp1 = oxide (low, >=25.0 sd); Min1 = aspectral (low, >=25.0 sd)"
07THD002,fd02659c-dc3d-52ea-a8eb-c032b91e7624,ca3660de-f678-5256-89f5-40d17832e4eb,b9ba28cd-0216-5314-83df-f6247b0f56b6,91011,91304,382.0,383.0,294,0.861,6.476,17.5893,44.694,97.16,0.4275,1.1315,25.0,high,high,"Grp1 = oxide (low, >=25.0 sd); Min1 = muscovite (high, >=25.0 sd); Grp2 = oxide (low, >=25.0 sd)"
07THD002,fd02659c-dc3d-52ea-a8eb-c032b91e7624,ca3660de-f678-5256-89f5-40d17832e4eb,b9ba28cd-0216-5314-83df-f6247b0f56b6,91305,91590,383.0,384.0,286,0.859,6.2794,16.9199,39.4626,94.1,0.4101,1.0095,25.0,normal,high,"Grp1 = oxide (low, >=25.0 sd); Min2 = phengite (high, >=25.0 sd); Min1 = phengiticillite (high, >=25.0 sd)"
07THD002,fd02659c-dc3d-52ea-a8eb-c032b91e7624,ca3660de-f678-5256-89f5-40d17832e4eb,b9ba28cd-0216-5314-83df-f6247b0f56b6,91591,91876,384.0,385.0,286,0.861,6.2384,17.3319,35.8482,92.12,0.4047,0.9989,25.0,normal,high,"Grp1 = white-mica (high, >=25.0 sd); Grp1 = oxide (low, >=25.0 sd); Min1 = hematite (high, >=25.0 sd)"
07THD002,fd02659c-dc3d-52ea-a8eb-c032b91e7624,ca3660de-f678-5256-89f5-40d17832e4eb,b9ba28cd-0216-5314-83df-f6247b0f56b6,91877,92149,385.0,386.0,273,0.867,6.133,15.7015,34.6132,93.83,0.4182,1.0164,25.0,normal,high,"Min1 = muscovite (high, >=25.0 sd); Min1 = phengiticillite (high, >=25.0 sd); Grp1 = white-mica (high, >=25.0 sd)"
07THD002,fd02659c-dc3d-52ea-a8eb-c032b91e7624,ca3660de-f678-5256-89f5-40d17832e4eb,b9ba28cd-0216-5314-83df-f6247b0f56b6,92150,92417,386.0,387.0,268,0.871,5.8558,14.7553,36.4273,92.29,0.4217,1.1226,25.0,normal,high,"Grp1 = oxide (low, >=25.0 sd); Min1 = phengiticillite (high, >=25.0 sd); Grp1 = carbonate (high, >=25.0 sd)"
07THD002,fd02659c-dc3d-52ea-a8eb-c032b91e7624,ca3660de-f678-5256-89f5-40d17832e4eb,b9ba28cd-0216-5314-83df-f6247b0f56b6,92418,92685,387.0,388.0,268,0.859,6.1731,17.1867,42.5391,95.41,0.4179,1.0638,25.0,high,high,"Grp1 = white-mica (high, >=25.0 sd); Grp2 = oxide (low, >=25.0 sd); Min1 = muscovite (high, >=25.0 sd)"
07THD002,fd02659c-dc3d-52ea-a8eb-c032b91e7624,ca3660de-f678-5256-89f5-40d17832e4eb,b9ba28cd-0216-5314-83df-f6247b0f56b6,92686,92955,388.0,389.0,270,0.859,6.0751,15.0265,36.0934,91.85,0.409,1.0781,25.0,normal,high,"Grp1 = oxide (low, >=25.0 sd); Grp1 = white-mica (high, >=25.0 sd); Grp2 = oxide (low, >=25.0 sd)"
07THD002,fd02659c-dc3d-52ea-a8eb-c032b91e7624,ca3660de-f678-5256-89f5-40d17832e4eb,b9ba28cd-0216-5314-83df-f6247b0f56b6,92956,93249,389.0,390.0,294,0.851,5.803,12.6863,27.5273,86.88,0.4175,1.0991,25.0,normal,high,"Min2 = montmorillonite (high, >=25.0 sd); Grp1 = oxide (low, >=25.0 sd); Grp2 = oxide (low, >=25.0 sd)"
07THD002,fd02659c-dc3d-52ea-a8eb-c032b91e7624,ca3660de-f678-5256-89f5-40d17832e4eb,b9ba28cd-0216-5314-83df-f6247b0f56b6,93250,93559,390.0,391.0,310,0.857,5.7223,10.9415,26.9342,82.19,0.4126,0.9973,25.0,normal,high,"Grp1 = oxide (low, >=25.0 sd); Grp2 = oxide (low, >=25.0 sd); Min2 = goethite (low, >=25.0 sd)"
07THD002,fd02659c-dc3d-52ea-a8eb-c032b91e7624,ca3660de-f678-5256-89f5-40d17832e4eb,b9ba28cd-0216-5314-83df-f6247b0f56b6,93560,93824,391.0,392.0,265,0.859,5.3596,9.0314,17.9099,58.3,0.3881,0.9705,25.0,normal,high,"Min1 = aspectral (low, >=25.0 sd); Grp1 = oxide (low, >=25.0 sd); Grp2 = oxide (low, >=25.0 sd)"
07THD002,fd02659c-dc3d-52ea-a8eb-c032b91e7624,ca3660de-f678-5256-89f5-40d17832e4eb,b9ba28cd-0216-5314-83df-f6247b0f56b6,93825,94095,392.0,393.0,271,0.859,5.7469,9.594,18.6395,65.16,0.3879,0.9923,25.0,normal,high,"Grp2 = oxide (low, >=25.0 sd); Grp1 = oxide (low, >=25.0 sd); Min1 = aspectral (low, >=25.0 sd)"
07THD002,fd02659c-dc3d-52ea-a8eb-c032b91e7624,ca3660de-f678-5256-89f5-40d17832e4eb,b9ba28cd-0216-5314-83df-f6247b0f56b6,94096,94378,393.0,394.0,283,0.851,5.6963,9.2851,18.1305,60.26,0.3782,0.9807,25.0,normal,high,"Grp1 = oxide (low, >=25.0 sd); Grp2 = oxide (low, >=25.0 sd); Min1 = aspectral (low, >=25.0 sd)"
07THD002,fd02659c-dc3d-52ea-a8eb-c032b91e7624,ca3660de-f678-5256-89f5-40d17832e4eb,b9ba28cd-0216-5314-83df-f6247b0f56b6,94379,94651,394.0,395.0,273,0.855,5.4394,8.4782,14.8664,52.86,0.3851,0.9655,25.0,normal,high,"Min1 = aspectral (low, >=25.0 sd); Grp2 = oxide (low, >=25.0 sd); Grp1 = oxide (low, >=25.0 sd)"
07THD002,fd02659c-dc3d-52ea-a8eb-c032b91e7624,ca3660de-f678-5256-89f5-40d17832e4eb,b9ba28cd-0216-5314-83df-f6247b0f56b6,94652,94937,395.0,396.0,286,0.851,5.7939,10.6286,21.8411,69.52,0.3822,0.9951,25.0,normal,high,"Min1 = aspectral (low, >=25.0 sd); Grp2 = smectite (high, >=25.0 sd); Grp2 = oxide (low, >=25.0 sd)"
07THD002,fd02659c-dc3d-52ea-a8eb-c032b91e7624,ca3660de-f678-5256-89f5-40d17832e4eb,b9ba28cd-0216-5314-83df-f6247b0f56b6,94938,95227,396.0,397.0,290,0.859,5.8411,13.3541,29.9541,86.84,0.4075,1.0749,25.0,normal,high,"Min1 = aspectral (low, >=25.0 sd); Grp2 = oxide (low, >=25.0 sd); Grp1 = oxide (low, >=25.0 sd)"
07THD002,fd02659c-dc3d-52ea-a8eb-c032b91e7624,ca3660de-f678-5256-89f5-40d17832e4eb,b9ba28cd-0216-5314-83df-f6247b0f56b6,95228,95486,397.0,398.0,259,0.859,5.6546,10.8657,22.2968,75.75,0.4019,0.9932,25.0,normal,high,"Grp2 = oxide (low, >=25.0 sd); Min1 = aspectral (low, >=25.0 sd); Grp1 = oxide (low, >=25.0 sd)"
07THD002,fd02659c-dc3d-52ea-a8eb-c032b91e7624,ca3660de-f678-5256-89f5-40d17832e4eb,b9ba28cd-0216-5314-83df-f6247b0f56b6,95487,95772,398.0,399.0,286,0.863,5.5366,9.7478,19.5464,68.45,0.4006,0.9809,25.0,normal,high,"Grp2 = oxide (low, >=25.0 sd); Grp1 = oxide (low, >=25.0 sd); Min1 = aspectral (low, >=25.0 sd)"
07THD002,fd02659c-dc3d-52ea-a8eb-c032b91e7624,ca3660de-f678-5256-89f5-40d17832e4eb,b9ba28cd-0216-5314-83df-f6247b0f56b6,95773,96036,399.0,400.0,264,0.863,5.6413,10.9814,28.1642,78.88,0.4018,1.0113,25.0,normal,high,"Grp2 = oxide (low, >=25.0 sd); Grp1 = oxide (low, >=25.0 sd); Min1 = muscovite (high, >=25.0 sd)"
07THD002,fd02659c-dc3d-52ea-a8eb-c032b91e7624,ca3660de-f678-5256-89f5-40d17832e4eb,b9ba28cd-0216-5314-83df-f6247b0f56b6,96037,96298,400.0,401.0,262,0.863,5.6904,12.1344,36.0511,81.98,0.3973,1.0419,25.0,normal,high,"Min1 = aspectral (low, >=25.0 sd); Grp2 = oxide (low, >=25.0 sd); Grp1 = oxide (low, >=25.0 sd)"
07THD002,fd02659c-dc3d-52ea-a8eb-c032b91e7624,ca3660de-f678-5256-89f5-40d17832e4eb,b9ba28cd-0216-5314-83df-f6247b0f56b6,96299,96564,401.0,402.0,266,0.863,6.044,11.528,38.0451,87.09,0.4046,1.042,25.0,normal,high,"Grp2 = oxide (low, >=25.0 sd); Grp2 = k-feldspar (high, >=25.0 sd); Grp1 = oxide (low, >=25.0 sd)"
07THD002,fd02659c-dc3d-52ea-a8eb-c032b91e7624,ca3660de-f678-5256-89f5-40d17832e4eb,b9ba28cd-0216-5314-83df-f6247b0f56b6,96565,96848,402.0,403.0,284,0.867,5.5921,10.077,25.7681,74.48,0.3993,0.9991,25.0,normal,high,"Grp1 = oxide (low, >=25.0 sd); Min2 = goethite (low, >=25.0 sd); Min1 = muscovite (high, >=25.0 sd)"
07THD002,fd02659c-dc3d-52ea-a8eb-c032b91e7624,ca3660de-f678-5256-89f5-40d17832e4eb,b9ba28cd-0216-5314-83df-f6247b0f56b6,96849,97131,403.0,404.0,283,0.861,5.6677,11.9307,17.1382,70.73,0.3983,0.9784,25.0,normal,high,"Min1 = aspectral (low, >=25.0 sd); Grp2 = oxide (low, >=25.0 sd); Min1 = phengiticillite (high, >=25.0 sd)"
07THD002,fd02659c-dc3d-52ea-a8eb-c032b91e7624,ca3660de-f678-5256-89f5-40d17832e4eb,b9ba28cd-0216-5314-83df-f6247b0f56b6,97132,97404,404.0,405.0,273,0.863,6.0408,16.436,26.3175,89.24,0.4083,0.9972,25.0,normal,high,"Min1 = muscovite (high, >=25.0 sd); Grp1 = oxide (low, >=25.0 sd); Min1 = phengiticillite (high, >=25.0 sd)"
07THD002,fd02659c-dc3d-52ea-a8eb-c032b91e7624,ca3660de-f678-5256-89f5-40d17832e4eb,b9ba28cd-0216-5314-83df-f6247b0f56b6,97405,97689,405.0,406.0,285,0.867,5.7747,13.5962,22.5874,81.11,0.4016,0.9944,25.0,normal,high,"Min1 = muscovite (high, >=25.0 sd); Grp1 = oxide (low, >=25.0 sd); Grp2 = oxide (low, >=25.0 sd)"
07THD002,fd02659c-dc3d-52ea-a8eb-c032b91e7624,ca3660de-f678-5256-89f5-40d17832e4eb,b9ba28cd-0216-5314-83df-f6247b0f56b6,97690,97972,406.0,407.0,283,0.863,5.671,14.4604,26.5673,84.53,0.4069,1.0975,25.0,normal,high,"Min1 = phengiticillite (high, >=25.0 sd); Min1 = aspectral (low, >=25.0 sd); Grp1 = oxide (low, >=25.0 sd)"
07THD002,fd02659c-dc3d-52ea-a8eb-c032b91e7624,ca3660de-f678-5256-89f5-40d17832e4eb,b9ba28cd-0216-5314-83df-f6247b0f56b6,97973,98253,407.0,408.0,281,0.863,5.9529,15.1112,24.6585,88.18,0.4124,1.0055,25.0,normal,high,"Grp1 = oxide (low, >=25.0 sd); Grp2 = oxide (low, >=25.0 sd); Grp1 = white-mica (high, >=25.0 sd)"
07THD002,fd02659c-dc3d-52ea-a8eb-c032b91e7624,ca3660de-f678-5256-89f5-40d17832e4eb,b9ba28cd-0216-5314-83df-f6247b0f56b6,98254,98565,408.0,409.0,312,0.863,5.3381,11.5958,21.6716,78.32,0.4433,1.0056,25.0,normal,high,"Grp2 = oxide (low, >=25.0 sd); Grp1 = oxide (low, >=25.0 sd); Min1 = aspectral (low, >=25.0 sd)"
07THD002,fd02659c-dc3d-52ea-a8eb-c032b91e7624,ca3660de-f678-5256-89f5-40d17832e4eb,b9ba28cd-0216-5314-83df-f6247b0f56b6,98566,98829,409.0,410.0,264,0.863,5.5613,10.747,15.978,65.49,0.3968,1.0253,25.0,normal,high,"Grp1 = oxide (low, >=25.0 sd); Grp2 = oxide (low, >=25.0 sd); Min1 = phengiticillite (high, >=25.0 sd)"
07THD002,fd02659c-dc3d-52ea-a8eb-c032b91e7624,ca3660de-f678-5256-89f5-40d17832e4eb,b9ba28cd-0216-5314-83df-f6247b0f56b6,98830,99107,410.0,411.0,278,0.863,5.243,10.5432,18.4904,66.16,0.4022,1.0258,25.0,normal,high,"Min1 = phengiticillite (high, >=25.0 sd); Grp2 = oxide (low, >=25.0 sd); Min1 = aspectral (low, >=25.0 sd)"
07THD002,fd02659c-dc3d-52ea-a8eb-c032b91e7624,ca3660de-f678-5256-89f5-40d17832e4eb,b9ba28cd-0216-5314-83df-f6247b0f56b6,99108,99379,411.0,412.0,272,0.863,5.5884,14.3596,19.3869,73.04,0.3923,1.0618,25.0,normal,high,"Min1 = phengiticillite (high, >=25.0 sd); Grp2 = oxide (low, >=25.0 sd); Grp1 = oxide (low, >=25.0 sd)"
07THD002,fd02659c-dc3d-52ea-a8eb-c032b91e7624,ca3660de-f678-5256-89f5-40d17832e4eb,b9ba28cd-0216-5314-83df-f6247b0f56b6,99380,99644,412.0,413.0,265,0.863,5.4264,9.6757,17.3251,64.26,0.4002,1.0224,25.0,normal,high,"Min1 = aspectral (low, >=25.0 sd); Grp1 = oxide (low, >=25.0 sd); Grp2 = oxide (low, >=25.0 sd)"
07THD002,fd02659c-dc3d-52ea-a8eb-c032b91e7624,ca3660de-f678-5256-89f5-40d17832e4eb,b9ba28cd-0216-5314-83df-f6247b0f56b6,99645,99920,413.0,414.0,276,0.863,5.7348,12.1701,27.9758,86.11,0.4216,1.0936,25.0,normal,high,"Grp2 = oxide (low, >=25.0 sd); Min1 = phengite (high, >=25.0 sd); Grp1 = oxide (low, >=25.0 sd)"
07THD002,fd02659c-dc3d-52ea-a8eb-c032b91e7624,ca3660de-f678-5256-89f5-40d17832e4eb,b9ba28cd-0216-5314-83df-f6247b0f56b6,99921,100227,414.0,415.0,307,0.867,5.7301,13.1522,23.6109,83.47,0.4115,0.9903,25.0,normal,high,"Grp2 = oxide (low, >=25.0 sd); Grp1 = oxide (low, >=25.0 sd); Min1 = phengiticillite (high, >=25.0 sd)"
07THD002,fd02659c-dc3d-52ea-a8eb-c032b91e7624,ca3660de-f678-5256-89f5-40d17832e4eb,b9ba28cd-0216-5314-83df-f6247b0f56b6,100228,100492,415.0,416.0,265,0.855,5.5483,9.6738,14.7881,59.78,0.3922,1.0547,25.0,normal,high,"Grp2 = oxide (low, >=25.0 sd); Grp1 = oxide (low, >=25.0 sd); Min1 = aspectral (low, >=25.0 sd)"
07THD002,fd02659c-dc3d-52ea-a8eb-c032b91e7624,ca3660de-f678-5256-89f5-40d17832e4eb,b9ba28cd-0216-5314-83df-f6247b0f56b6,100493,100771,416.0,417.0,279,0.855,5.1698,7.3473,16.1124,48.25,0.3839,0.9911,25.0,normal,high,"Grp1 = oxide (low, >=25.0 sd); Min1 = aspectral (low, >=25.0 sd); Grp2 = oxide (low, >=25.0 sd)"
07THD002,fd02659c-dc3d-52ea-a8eb-c032b91e7624,ca3660de-f678-5256-89f5-40d17832e4eb,b9ba28cd-0216-5314-83df-f6247b0f56b6,100772,101058,417.0,418.0,287,0.851,5.2305,9.234,20.6593,63.66,0.3968,1.0354,25.0,normal,high,"Min1 = aspectral (low, >=25.0 sd); Grp1 = oxide (low, >=25.0 sd); Grp2 = oxide (low, >=25.0 sd)"
07THD002,fd02659c-dc3d-52ea-a8eb-c032b91e7624,ca3660de-f678-5256-89f5-40d17832e4eb,b9ba28cd-0216-5314-83df-f6247b0f56b6,101059,101332,418.0,419.0,274,0.859,5.6084,15.0351,20.7548,81.98,0.4155,1.1274,25.0,normal,high,"Min1 = aspectral (low, >=25.0 sd); Min1 = muscovite (high, >=25.0 sd); Grp2 = oxide (low, >=25.0 sd)"
07THD002,fd02659c-dc3d-52ea-a8eb-c032b91e7624,ca3660de-f678-5256-89f5-40d17832e4eb,b9ba28cd-0216-5314-83df-f6247b0f56b6,101333,101597,419.0,420.0,265,0.859,5.7782,13.164,26.3726,81.38,0.397,0.9787,25.0,normal,high,"Grp2 = oxide (low, >=25.0 sd); Grp1 = white-mica (high, >=25.0 sd); Min2 = phengite (high, >=25.0 sd)"
07THD002,fd02659c-dc3d-52ea-a8eb-c032b91e7624,ca3660de-f678-5256-89f5-40d17832e4eb,b9ba28cd-0216-5314-83df-f6247b0f56b6,101598,101874,420.0,421.0,277,0.859,6.019,12.0855,19.6906,71.27,0.3801,1.029,25.0,normal,high,"Grp2 = oxide (low, >=25.0 sd); Min1 = aspectral (low, >=25.0 sd); Min2 = microcline (high, >=25.0 sd)"
07THD002,fd02659c-dc3d-52ea-a8eb-c032b91e7624,ca3660de-f678-5256-89f5-40d17832e4eb,b9ba28cd-0216-5314-83df-f6247b0f56b6,101875,102145,421.0,422.0,271,0.863,6.398,14.1488,40.9219,93.41,0.4132,1.149,25.0,normal,high,"Min2 = microcline (high, >=25.0 sd); Grp2 = oxide (low, >=25.0 sd); Grp2 = k-feldspar (high, >=25.0 sd)"
07THD002,fd02659c-dc3d-52ea-a8eb-c032b91e7624,ca3660de-f678-5256-89f5-40d17832e4eb,b9ba28cd-0216-5314-83df-f6247b0f56b6,102146,102418,422.0,423.0,273,0.857,6.1848,13.552,27.6607,86.28,0.4004,1.0771,25.0,normal,high,"Min2 = microcline (high, >=25.0 sd); Min1 = phengite (high, >=25.0 sd); Min3 = muscovite (high, >=25.0 sd)"
07THD002,fd02659c-dc3d-52ea-a8eb-c032b91e7624,ca3660de-f678-5256-89f5-40d17832e4eb,b9ba28cd-0216-5314-83df-f6247b0f56b6,102419,102722,423.0,424.0,304,0.851,5.5254,9.946,19.0786,70.41,0.408,1.024,25.0,normal,high,"Grp1 = oxide (low, >=25.0 sd); Min1 = aspectral (low, >=25.0 sd); Min2 = goethite (low, >=25.0 sd)"
07THD002,fd02659c-dc3d-52ea-a8eb-c032b91e7624,ca3660de-f678-5256-89f5-40d17832e4eb,b9ba28cd-0216-5314-83df-f6247b0f56b6,102723,103095,424.0,425.0,373,0.859,5.8051,12.2963,40.5175,92.24,0.4588,1.1602,25.0,normal,high,"Min1 = aspectral (low, >=25.0 sd); Grp1 = oxide (low, >=25.0 sd); Grp2 = oxide (low, >=25.0 sd)"
07THD002,fd02659c-dc3d-52ea-a8eb-c032b91e7624,ca3660de-f678-5256-89f5-40d17832e4eb,b9ba28cd-0216-5314-83df-f6247b0f56b6,103096,103358,425.0,426.0,263,0.855,5.3159,8.5546,15.9859,55.42,0.3919,0.9814,25.0,normal,high,"Min1 = aspectral (low, >=25.0 sd); Grp1 = oxide (low, >=25.0 sd); Grp2 = oxide (low, >=25.0 sd)"
07THD002,fd02659c-dc3d-52ea-a8eb-c032b91e7624,ca3660de-f678-5256-89f5-40d17832e4eb,b9ba28cd-0216-5314-83df-f6247b0f56b6,103359,103649,426.0,427.0,291,0.855,5.7399,9.8132,18.6121,69.72,0.4001,0.9767,25.0,normal,high,"Grp1 = oxide (low, >=25.0 sd); Grp2 = oxide (low, >=25.0 sd); Min2 = goethite (low, >=25.0 sd)"
07THD002,fd02659c-dc3d-52ea-a8eb-c032b91e7624,ca3660de-f678-5256-89f5-40d17832e4eb,b9ba28cd-0216-5314-83df-f6247b0f56b6,103650,103959,427.0,428.0,310,0.867,5.5025,11.1295,22.9231,77.44,0.4116,1.0428,25.0,normal,high,"Grp1 = oxide (low, >=25.0 sd); Min2 = goethite (low, >=25.0 sd); Grp2 = oxide (low, >=25.0 sd)"
07THD002,fd02659c-dc3d-52ea-a8eb-c032b91e7624,ca3660de-f678-5256-89f5-40d17832e4eb,b9ba28cd-0216-5314-83df-f6247b0f56b6,103960,104234,428.0,429.0,275,0.855,5.6929,13.9192,33.5802,80.17,0.3876,1.1027,25.0,normal,high,"Grp1 = oxide (low, >=25.0 sd); Grp2 = oxide (low, >=25.0 sd); Min3 = phengite (high, >=25.0 sd)"
07THD002,fd02659c-dc3d-52ea-a8eb-c032b91e7624,ca3660de-f678-5256-89f5-40d17832e4eb,b9ba28cd-0216-5314-83df-f6247b0f56b6,104235,104510,429.0,430.0,276,0.863,5.2348,8.2715,28.7351,69.85,0.4092,1.0317,25.0,normal,high,"Grp2 = oxide (low, >=25.0 sd); Grp1 = oxide (low, >=25.0 sd); Min1 = aspectral (low, >=25.0 sd)"
07THD002,fd02659c-dc3d-52ea-a8eb-c032b91e7624,ca3660de-f678-5256-89f5-40d17832e4eb,b9ba28cd-0216-5314-83df-f6247b0f56b6,104511,104776,430.0,431.0,266,0.863,5.2296,9.4436,19.3579,66.28,0.4097,1.012,25.0,normal,high,"Min1 = aspectral (low, >=25.0 sd); Grp1 = oxide (low, >=25.0 sd); Grp2 = oxide (low, >=25.0 sd)"
07THD002,fd02659c-dc3d-52ea-a8eb-c032b91e7624,ca3660de-f678-5256-89f5-40d17832e4eb,b9ba28cd-0216-5314-83df-f6247b0f56b6,104777,105039,431.0,432.0,263,0.863,6.0245,14.6416,33.7817,90.41,0.4072,0.9858,25.0,normal,high,"Min1 = muscovite (high, >=25.0 sd); Grp2 = oxide (low, >=25.0 sd); Grp1 = white-mica (high, >=25.0 sd)"
07THD002,fd02659c-dc3d-52ea-a8eb-c032b91e7624,ca3660de-f678-5256-89f5-40d17832e4eb,b9ba28cd-0216-5314-83df-f6247b0f56b6,105040,105345,432.0,433.0,306,0.859,5.1841,8.5634,17.2228,59.74,0.4038,0.9931,25.0,normal,high,"Min1 = aspectral (low, >=25.0 sd); Grp2 = oxide (low, >=25.0 sd); Min2 = goethite (low, >=25.0 sd)"
07THD002,fd02659c-dc3d-52ea-a8eb-c032b91e7624,ca3660de-f678-5256-89f5-40d17832e4eb,b9ba28cd-0216-5314-83df-f6247b0f56b6,105346,105616,433.0,434.0,271,0.851,5.9046,13.8175,37.7877,86.07,0.3961,1.1091,25.0,normal,high,"Min1 = phengite (high, >=25.0 sd); Grp2 = oxide (low, >=25.0 sd); Grp1 = oxide (low, >=25.0 sd)"
07THD002,fd02659c-dc3d-52ea-a8eb-c032b91e7624,ca3660de-f678-5256-89f5-40d17832e4eb,b9ba28cd-0216-5314-83df-f6247b0f56b6,105617,105921,434.0,435.0,305,0.851,5.4758,8.6183,12.5406,53.29,0.3893,0.9645,25.0,normal,high,"Min1 = aspectral (low, >=25.0 sd); Min1 = phengite (high, >=25.0 sd); Grp2 = oxide (low, >=25.0 sd)"
07THD002,fd02659c-dc3d-52ea-a8eb-c032b91e7624,ca3660de-f678-5256-89f5-40d17832e4eb,b9ba28cd-0216-5314-83df-f6247b0f56b6,105922,106232,435.0,436.0,311,0.851,6.0504,12.2572,43.1876,93.1,0.4331,1.1387,25.0,normal,high,"Grp2 = oxide (low, >=25.0 sd); Min1 = phengite (high, >=25.0 sd); Min1 = aspectral (low, >=25.0 sd)"
07THD002,fd02659c-dc3d-52ea-a8eb-c032b91e7624,ca3660de-f678-5256-89f5-40d17832e4eb,b9ba28cd-0216-5314-83df-f6247b0f56b6,106233,106517,436.0,437.0,285,0.851,5.4144,8.4266,15.294,54.73,0.3904,0.9781,25.0,normal,high,"Grp2 = oxide (low, >=25.0 sd); Grp1 = oxide (low, >=25.0 sd); Min1 = aspectral (low, >=25.0 sd)"
07THD002,fd02659c-dc3d-52ea-a8eb-c032b91e7624,ca3660de-f678-5256-89f5-40d17832e4eb,b9ba28cd-0216-5314-83df-f6247b0f56b6,106518,106787,437.0,438.0,270,0.867,5.9743,16.7132,41.2284,94.81,0.4226,1.3415,25.0,normal,high,"Min1 = aspectral (low, >=25.0 sd); Min2 = dolomite (high, >=25.0 sd); Min1 = phengite (high, >=25.0 sd)"
07THD002,fd02659c-dc3d-52ea-a8eb-c032b91e7624,ca3660de-f678-5256-89f5-40d17832e4eb,b9ba28cd-0216-5314-83df-f6247b0f56b6,106788,107136,438.0,439.0,349,0.855,5.8836,12.1989,23.037,86.86,0.4403,1.0626,25.0,normal,high,"Min2 = montmorillonite (high, >=25.0 sd); Min1 = aspectral (low, >=25.0 sd); Grp1 = oxide (low, >=25.0 sd)"
07THD002,fd02659c-dc3d-52ea-a8eb-c032b91e7624,ca3660de-f678-5256-89f5-40d17832e4eb,b9ba28cd-0216-5314-83df-f6247b0f56b6,107137,107428,439.0,440.0,292,0.859,5.6693,12.6591,30.4099,85.84,0.4149,1.0332,25.0,normal,high,"Min2 = goethite (low, >=25.0 sd); Min1 = aspectral (low, >=25.0 sd); Grp1 = oxide (low, >=25.0 sd)"
07THD002,fd02659c-dc3d-52ea-a8eb-c032b91e7624,ca3660de-f678-5256-89f5-40d17832e4eb,b9ba28cd-0216-5314-83df-f6247b0f56b6,107429,107729,440.0,441.0,301,0.859,5.3856,10.9119,20.3269,71.21,0.4038,1.0888,25.0,normal,high,"Min1 = aspectral (low, >=25.0 sd); Grp1 = oxide (low, >=25.0 sd); Min2 = goethite (low, >=25.0 sd)"
07THD002,fd02659c-dc3d-52ea-a8eb-c032b91e7624,ca3660de-f678-5256-89f5-40d17832e4eb,b9ba28cd-0216-5314-83df-f6247b0f56b6,107730,108010,441.0,442.0,281,0.855,5.599,12.0497,19.427,68.31,0.3851,1.0241,25.0,normal,high,"Min1 = aspectral (low, >=25.0 sd); Min1 = muscoviticillite (high, >=25.0 sd); Grp1 = oxide (low, >=25.0 sd)"
07THD002,fd02659c-dc3d-52ea-a8eb-c032b91e7624,ca3660de-f678-5256-89f5-40d17832e4eb,b9ba28cd-0216-5314-83df-f6247b0f56b6,108011,108286,442.0,443.0,276,0.851,5.4552,10.3772,21.9828,71.89,0.4022,1.0393,25.0,normal,high,"Grp2 = oxide (low, >=25.0 sd); Min1 = aspectral (low, >=25.0 sd); Grp1 = oxide (low, >=25.0 sd)"
07THD002,fd02659c-dc3d-52ea-a8eb-c032b91e7624,ca3660de-f678-5256-89f5-40d17832e4eb,b9ba28cd-0216-5314-83df-f6247b0f56b6,108287,108559,443.0,444.0,273,0.859,5.8353,10.5796,17.1201,66.74,0.3881,1.0121,25.0,normal,high,"Min1 = aspectral (low, >=25.0 sd); Grp1 = oxide (low, >=25.0 sd); Min1 = phengite (high, >=25.0 sd)"
07THD002,fd02659c-dc3d-52ea-a8eb-c032b91e7624,ca3660de-f678-5256-89f5-40d17832e4eb,b9ba28cd-0216-5314-83df-f6247b0f56b6,108560,108894,444.0,445.0,335,0.859,5.9778,10.9936,37.4969,90.55,0.438,1.0474,25.0,normal,high,"HyLogDiag = to (high, >=25.0 sd); Grp1 = oxide (low, >=25.0 sd); Grp2 = oxide (low, >=25.0 sd)"
07THD002,fd02659c-dc3d-52ea-a8eb-c032b91e7624,ca3660de-f678-5256-89f5-40d17832e4eb,b9ba28cd-0216-5314-83df-f6247b0f56b6,108895,109164,445.0,446.0,270,0.851,5.4047,9.9346,14.1491,60.7,0.4004,0.9994,25.0,normal,high,"Grp1 = oxide (low, >=25.0 sd); Min1 = aspectral (low, >=25.0 sd); Grp2 = oxide (low, >=25.0 sd)"
07THD002,fd02659c-dc3d-52ea-a8eb-c032b91e7624,ca3660de-f678-5256-89f5-40d17832e4eb,b9ba28cd-0216-5314-83df-f6247b0f56b6,109165,109450,446.0,447.0,286,0.859,5.9618,15.1838,28.1684,91.03,0.4197,1.112,25.0,normal,high,"Grp1 = oxide (low, >=25.0 sd); Grp2 = oxide (low, >=25.0 sd); Min1 = aspectral (low, >=25.0 sd)"
07THD002,fd02659c-dc3d-52ea-a8eb-c032b91e7624,ca3660de-f678-5256-89f5-40d17832e4eb,b9ba28cd-0216-5314-83df-f6247b0f56b6,109451,109736,447.0,448.0,286,0.843,5.9099,11.4527,18.7576,68.58,0.3808,0.9692,25.0,normal,high,"Grp2 = oxide (low, >=25.0 sd); Min1 = phengite (high, >=25.0 sd); Min2 = goethite (low, >=25.0 sd)"
07THD002,fd02659c-dc3d-52ea-a8eb-c032b91e7624,ca3660de-f678-5256-89f5-40d17832e4eb,b9ba28cd-0216-5314-83df-f6247b0f56b6,109737,109996,448.0,449.0,260,0.859,6.0302,15.069,27.298,89.57,0.4111,1.1303,25.0,normal,high,"Grp1 = oxide (low, >=25.0 sd); Grp2 = sulphate (high, >=25.0 sd); Min1 = aspectral (low, >=25.0 sd)"
07THD002,fd02659c-dc3d-52ea-a8eb-c032b91e7624,ca3660de-f678-5256-89f5-40d17832e4eb,b9ba28cd-0216-5314-83df-f6247b0f56b6,109997,110285,449.0,450.0,289,0.855,6.071,16.0857,36.7588,89.51,0.3986,1.1852,25.0,normal,high,"Min2 = gypsum (high, >=25.0 sd); Grp2 = sulphate (high, >=25.0 sd); Grp1 = oxide (low, >=25.0 sd)"
07THD002,fd02659c-dc3d-52ea-a8eb-c032b91e7624,ca3660de-f678-5256-89f5-40d17832e4eb,b9ba28cd-0216-5314-83df-f6247b0f56b6,110286,110574,450.0,451.0,289,0.851,5.5148,9.6011,17.3971,58.84,0.3823,0.9717,25.0,normal,high,"Min1 = aspectral (low, >=25.0 sd); Min2 = goethite (low, >=25.0 sd); Grp1 = oxide (low, >=25.0 sd)"
07THD002,fd02659c-dc3d-52ea-a8eb-c032b91e7624,ca3660de-f678-5256-89f5-40d17832e4eb,b9ba28cd-0216-5314-83df-f6247b0f56b6,110575,110908,451.0,452.0,334,0.859,5.46,9.1299,13.8882,64.28,0.4286,0.9637,25.0,normal,high,"Min1 = phengite (high, >=25.0 sd); Min2 = goethite (low, >=25.0 sd); Grp1 = oxide (low, >=25.0 sd)"
07THD002,fd02659c-dc3d-52ea-a8eb-c032b91e7624,ca3660de-f678-5256-89f5-40d17832e4eb,b9ba28cd-0216-5314-83df-f6247b0f56b6,110909,111184,452.0,453.0,276,0.859,5.9016,15.5253,31.2268,88.2,0.4034,1.1034,25.0,normal,high,"Min2 = gypsum (high, >=25.0 sd); Min1 = aspectral (low, >=25.0 sd); Grp1 = oxide (low, >=25.0 sd)"
07THD002,fd02659c-dc3d-52ea-a8eb-c032b91e7624,ca3660de-f678-5256-89f5-40d17832e4eb,b9ba28cd-0216-5314-83df-f6247b0f56b6,111185,111462,453.0,454.0,278,0.851,6.0191,15.6247,31.3893,87.91,0.3995,1.1473,25.0,normal,high,"Min1 = aspectral (low, >=25.0 sd); Grp2 = sulphate (high, >=25.0 sd); Grp2 = oxide (low, >=25.0 sd)"
07THD002,fd02659c-dc3d-52ea-a8eb-c032b91e7624,ca3660de-f678-5256-89f5-40d17832e4eb,b9ba28cd-0216-5314-83df-f6247b0f56b6,111463,111779,454.0,455.0,317,0.859,5.312,10.6041,20.5413,71.31,0.4104,1.0495,25.0,normal,high,"Grp2 = oxide (low, >=25.0 sd); Min1 = phengite (high, >=25.0 sd); Grp1 = oxide (low, >=25.0 sd)"
07THD002,fd02659c-dc3d-52ea-a8eb-c032b91e7624,ca3660de-f678-5256-89f5-40d17832e4eb,b9ba28cd-0216-5314-83df-f6247b0f56b6,111780,112047,455.0,456.0,268,0.851,5.4309,11.3345,20.6598,69.27,0.3929,0.9849,25.0,normal,high,"Min1 = aspectral (low, >=25.0 sd); Grp2 = oxide (low, >=25.0 sd); Grp1 = oxide (low, >=25.0 sd)"
07THD002,fd02659c-dc3d-52ea-a8eb-c032b91e7624,ca3660de-f678-5256-89f5-40d17832e4eb,b9ba28cd-0216-5314-83df-f6247b0f56b6,112048,112324,456.0,457.0,277,0.863,5.658,13.1118,17.0164,70.98,0.3959,0.9703,25.0,normal,high,"Min1 = aspectral (low, >=25.0 sd); Grp1 = oxide (low, >=25.0 sd); Grp2 = oxide (low, >=25.0 sd)"
07THD002,fd02659c-dc3d-52ea-a8eb-c032b91e7624,ca3660de-f678-5256-89f5-40d17832e4eb,b9ba28cd-0216-5314-83df-f6247b0f56b6,112325,112590,457.0,458.0,266,0.855,5.7404,10.4537,23.439,70.64,0.3848,0.9777,25.0,normal,high,"Min1 = aspectral (low, >=25.0 sd); Grp1 = oxide (low, >=25.0 sd); Grp2 = oxide (low, >=25.0 sd)"
07THD002,fd02659c-dc3d-52ea-a8eb-c032b91e7624,ca3660de-f678-5256-89f5-40d17832e4eb,b9ba28cd-0216-5314-83df-f6247b0f56b6,112591,112869,458.0,459.0,279,0.851,6.0651,14.7371,31.0915,89.64,0.4058,1.0945,25.0,normal,high,"Min1 = aspectral (low, >=25.0 sd); Grp1 = oxide (low, >=25.0 sd); Grp2 = oxide (low, >=25.0 sd)"
07THD002,fd02659c-dc3d-52ea-a8eb-c032b91e7624,ca3660de-f678-5256-89f5-40d17832e4eb,b9ba28cd-0216-5314-83df-f6247b0f56b6,112870,113161,459.0,460.0,292,0.859,5.8585,10.6778,16.8683,64.93,0.383,1.0144,25.0,normal,high,"Min2 = microcline (high, >=25.0 sd); Grp2 = oxide (low, >=25.0 sd); Grp2 = k-feldspar (high, >=25.0 sd)"
07THD002,fd02659c-dc3d-52ea-a8eb-c032b91e7624,ca3660de-f678-5256-89f5-40d17832e4eb,b9ba28cd-0216-5314-83df-f6247b0f56b6,113162,113433,460.0,461.0,272,0.863,5.4005,11.877,15.0555,63.28,0.3946,0.9886,25.0,normal,high,"Grp1 = oxide (low, >=25.0 sd); Min1 = phengiticillite (high, >=25.0 sd); Grp2 = oxide (low, >=25.0 sd)"
07THD002,fd02659c-dc3d-52ea-a8eb-c032b91e7624,ca3660de-f678-5256-89f5-40d17832e4eb,b9ba28cd-0216-5314-83df-f6247b0f56b6,113434,113733,461.0,462.0,300,0.861,6.5178,18.7863,39.4451,96.62,0.4235,1.0331,25.0,high,high,"Min1 = phengiticillite (high, >=25.0 sd); Min2 = goethite (low, >=25.0 sd); Min2 = phengite (high, >=25.0 sd)"
07THD002,fd02659c-dc3d-52ea-a8eb-c032b91e7624,ca3660de-f678-5256-89f5-40d17832e4eb,b9ba28cd-0216-5314-83df-f6247b0f56b6,113734,114030,462.0,463.0,297,0.863,6.22,17.0803,36.1728,95.12,0.4186,1.0181,25.0,high,high,"Min1 = aspectral (low, >=25.0 sd); Grp1 = oxide (low, >=25.0 sd); Grp2 = oxide (low, >=25.0 sd)"
07THD002,fd02659c-dc3d-52ea-a8eb-c032b91e7624,ca3660de-f678-5256-89f5-40d17832e4eb,b9ba28cd-0216-5314-83df-f6247b0f56b6,114031,114304,463.0,464.0,274,0.859,6.0425,16.2348,36.083,92.16,0.409,1.0475,25.0,normal,high,"Min1 = phengiticillite (high, >=25.0 sd); Min1 = muscovite (high, >=25.0 sd); Min1 = aspectral (low, >=25.0 sd)"
07THD002,fd02659c-dc3d-52ea-a8eb-c032b91e7624,ca3660de-f678-5256-89f5-40d17832e4eb,b9ba28cd-0216-5314-83df-f6247b0f56b6,114305,114578,464.0,465.0,274,0.861,6.0983,14.8434,36.0048,92.43,0.4127,0.9947,25.0,normal,high,"Grp1 = white-mica (high, >=25.0 sd); Min1 = muscovite (high, >=25.0 sd); Min1 = aspectral (low, >=25.0 sd)"
07THD002,fd02659c-dc3d-52ea-a8eb-c032b91e7624,ca3660de-f678-5256-89f5-40d17832e4eb,b9ba28cd-0216-5314-83df-f6247b0f56b6,114579,114854,465.0,466.0,276,0.859,6.0851,15.7643,36.6003,90.85,0.4028,1.0518,25.0,normal,high,"Min3 = phengite (high, >=25.0 sd); Min1 = phengiticillite (high, >=25.0 sd); Min1 = aspectral (low, >=25.0 sd)"
07THD002,fd02659c-dc3d-52ea-a8eb-c032b91e7624,ca3660de-f678-5256-89f5-40d17832e4eb,b9ba28cd-0216-5314-83df-f6247b0f56b6,114855,115132,466.0,467.0,278,0.863,5.8299,13.3276,24.2794,82.84,0.4021,0.983,25.0,normal,high,"Min1 = muscovite (high, >=25.0 sd); Grp1 = oxide (low, >=25.0 sd); Grp1 = white-mica (high, >=25.0 sd)"
07THD002,fd02659c-dc3d-52ea-a8eb-c032b91e7624,ca3660de-f678-5256-89f5-40d17832e4eb,b9ba28cd-0216-5314-83df-f6247b0f56b6,115133,115477,467.0,468.0,345,0.859,5.8665,12.2584,26.7704,89.22,0.4492,1.1269,25.0,normal,high,"Min1 = aspectral (low, >=25.0 sd); Min2 = goethite (low, >=25.0 sd); Min2 = montmorillonite (high, >=25.0 sd)"
07THD002,fd02659c-dc3d-52ea-a8eb-c032b91e7624,ca3660de-f678-5256-89f5-40d17832e4eb,b9ba28cd-0216-5314-83df-f6247b0f56b6,115478,116423,468.0,469.0,946,0.851,8.0364,14.5278,41.857,98.0,0.5089,3.2136,25.0,high,high,"Grp1 = chlorite (low, >=25.0 sd); Min2 = hematite (low, >=25.0 sd); HyLogDiag = kt (high, >=25.0 sd)"
07THD003,fd02659c-dc3d-52ea-a8eb-c032b91e7624,0d30c7c4-ab07-5a9c-b669-7ed2de5fd936,39f4f0a3-9ca2-5fe9-8ccf-9369ca0ba4ee,0,296,64.0,65.0,297,0.871,5.3163,9.1035,19.3659,67.39,0.4144,1.0184,25.0,normal,high,"Min1 = aspectral (low, >=25.0 sd); Grp2 = oxide (low, >=25.0 sd); Min2 = goethite (low, >=25.0 sd)"
07THD003,fd02659c-dc3d-52ea-a8eb-c032b91e7624,0d30c7c4-ab07-5a9c-b669-7ed2de5fd936,39f4f0a3-9ca2-5fe9-8ccf-9369ca0ba4ee,297,577,65.0,66.0,281,0.867,5.3651,11.6275,25.9472,74.46,0.3979,1.1137,25.0,normal,high,"Min1 = aspectral (low, >=25.0 sd); Grp2 = oxide (low, >=25.0 sd); Grp1 = oxide (low, >=25.0 sd)"
07THD003,fd02659c-dc3d-52ea-a8eb-c032b91e7624,0d30c7c4-ab07-5a9c-b669-7ed2de5fd936,39f4f0a3-9ca2-5fe9-8ccf-9369ca0ba4ee,578,856,66.0,67.0,279,0.867,5.2119,9.9003,22.7541,68.2,0.4007,1.0656,25.0,normal,high,"Grp1 = oxide (low, >=25.0 sd); Grp2 = oxide (low, >=25.0 sd); Min1 = aspectral (low, >=25.0 sd)"
07THD003,fd02659c-dc3d-52ea-a8eb-c032b91e7624,0d30c7c4-ab07-5a9c-b669-7ed2de5fd936,39f4f0a3-9ca2-5fe9-8ccf-9369ca0ba4ee,857,1133,67.0,68.0,277,0.867,5.5344,9.6292,16.2058,64.53,0.4023,0.994,25.0,normal,high,"Grp2 = oxide (low, >=25.0 sd); Min1 = aspectral (low, >=25.0 sd); Grp1 = oxide (low, >=25.0 sd)"
07THD003,fd02659c-dc3d-52ea-a8eb-c032b91e7624,0d30c7c4-ab07-5a9c-b669-7ed2de5fd936,39f4f0a3-9ca2-5fe9-8ccf-9369ca0ba4ee,1134,1446,68.0,69.0,313,0.855,5.5158,8.7181,15.282,62.01,0.4063,0.9819,25.0,normal,high,"Min2 = goethite (low, >=25.0 sd); Min1 = aspectral (low, >=25.0 sd); Grp1 = oxide (low, >=25.0 sd)"
07THD003,fd02659c-dc3d-52ea-a8eb-c032b91e7624,0d30c7c4-ab07-5a9c-b669-7ed2de5fd936,39f4f0a3-9ca2-5fe9-8ccf-9369ca0ba4ee,1447,1729,69.0,70.0,283,0.863,5.3415,8.5107,18.3386,59.84,0.3959,0.9821,25.0,normal,high,"Grp1 = oxide (low, >=25.0 sd); Min1 = aspectral (low, >=25.0 sd); Grp2 = oxide (low, >=25.0 sd)"
07THD003,fd02659c-dc3d-52ea-a8eb-c032b91e7624,0d30c7c4-ab07-5a9c-b669-7ed2de5fd936,39f4f0a3-9ca2-5fe9-8ccf-9369ca0ba4ee,1730,2006,70.0,71.0,277,0.867,5.7566,9.8729,18.7318,72.66,0.4085,0.9929,25.0,normal,high,"Grp1 = oxide (low, >=25.0 sd); Min3 = albite (high, >=25.0 sd); Min1 = aspectral (low, >=25.0 sd)"
07THD003,fd02659c-dc3d-52ea-a8eb-c032b91e7624,0d30c7c4-ab07-5a9c-b669-7ed2de5fd936,39f4f0a3-9ca2-5fe9-8ccf-9369ca0ba4ee,2007,2289,71.0,72.0,283,0.867,5.1397,7.8884,13.8307,51.08,0.3961,0.9854,25.0,normal,high,"Min1 = aspectral (low, >=25.0 sd); Min2 = goethite (low, >=25.0 sd); Grp2 = oxide (low, >=25.0 sd)"
07THD003,fd02659c-dc3d-52ea-a8eb-c032b91e7624,0d30c7c4-ab07-5a9c-b669-7ed2de5fd936,39f4f0a3-9ca2-5fe9-8ccf-9369ca0ba4ee,2290,2592,72.0,73.0,303,0.869,5.1014,7.6125,15.4896,55.36,0.4069,0.9916,25.0,normal,high,"Min1 = aspectral (low, >=25.0 sd); Grp2 = oxide (low, >=25.0 sd); Min2 = goethite (low, >=25.0 sd)"
07THD003,fd02659c-dc3d-52ea-a8eb-c032b91e7624,0d30c7c4-ab07-5a9c-b669-7ed2de5fd936,39f4f0a3-9ca2-5fe9-8ccf-9369ca0ba4ee,2593,2889,73.0,74.0,297,0.867,5.3514,9.1031,15.9073,59.49,0.3991,1.0151,25.0,normal,high,"Grp2 = oxide (low, >=25.0 sd); Grp1 = oxide (low, >=25.0 sd); Min2 = goethite (low, >=25.0 sd)"
07THD003,fd02659c-dc3d-52ea-a8eb-c032b91e7624,0d30c7c4-ab07-5a9c-b669-7ed2de5fd936,39f4f0a3-9ca2-5fe9-8ccf-9369ca0ba4ee,2890,3189,74.0,75.0,300,0.871,5.3915,7.4083,16.6878,56.07,0.3963,0.992,25.0,normal,high,"Min1 = aspectral (low, >=25.0 sd); Grp1 = oxide (low, >=25.0 sd); Grp2 = oxide (low, >=25.0 sd)"
07THD003,fd02659c-dc3d-52ea-a8eb-c032b91e7624,0d30c7c4-ab07-5a9c-b669-7ed2de5fd936,39f4f0a3-9ca2-5fe9-8ccf-9369ca0ba4ee,3190,3467,75.0,76.0,278,0.867,5.4191,8.1418,12.6418,52.38,0.3915,0.9947,25.0,normal,high,"Grp1 = oxide (low, >=25.0 sd); Grp2 = oxide (low, >=25.0 sd); Min1 = aspectral (low, >=25.0 sd)"
07THD003,fd02659c-dc3d-52ea-a8eb-c032b91e7624,0d30c7c4-ab07-5a9c-b669-7ed2de5fd936,39f4f0a3-9ca2-5fe9-8ccf-9369ca0ba4ee,3468,3744,76.0,77.0,277,0.867,5.26,9.09,16.4755,55.82,0.3887,0.9902,25.0,normal,high,"Min2 = muscovite (high, >=25.0 sd); Min1 = aspectral (low, >=25.0 sd); Grp1 = oxide (low, >=25.0 sd)"
07THD003,fd02659c-dc3d-52ea-a8eb-c032b91e7624,0d30c7c4-ab07-5a9c-b669-7ed2de5fd936,39f4f0a3-9ca2-5fe9-8ccf-9369ca0ba4ee,3745,4050,77.0,78.0,306,0.867,5.1851,7.6304,15.4251,49.29,0.3865,0.9938,25.0,normal,high,"Grp2 = oxide (low, >=25.0 sd); Grp1 = oxide (low, >=25.0 sd); Min2 = goethite (low, >=25.0 sd)"
07THD003,fd02659c-dc3d-52ea-a8eb-c032b91e7624,0d30c7c4-ab07-5a9c-b669-7ed2de5fd936,39f4f0a3-9ca2-5fe9-8ccf-9369ca0ba4ee,4051,4353,78.0,79.0,303,0.859,5.4318,8.7045,16.8964,58.32,0.3915,0.9876,25.0,normal,high,"Grp1 = oxide (low, >=25.0 sd); Grp2 = oxide (low, >=25.0 sd); Min2 = goethite (low, >=25.0 sd)"
07THD003,fd02659c-dc3d-52ea-a8eb-c032b91e7624,0d30c7c4-ab07-5a9c-b669-7ed2de5fd936,39f4f0a3-9ca2-5fe9-8ccf-9369ca0ba4ee,4354,4622,79.0,80.0,269,0.859,5.6842,10.8576,20.9853,67.54,0.3815,1.005,25.0,normal,high,"Min3 = albite (high, >=25.0 sd); Min2 = montmorillonite (high, >=25.0 sd); Min1 = aspectral (low, >=25.0 sd)"
07THD003,fd02659c-dc3d-52ea-a8eb-c032b91e7624,0d30c7c4-ab07-5a9c-b669-7ed2de5fd936,39f4f0a3-9ca2-5fe9-8ccf-9369ca0ba4ee,4623,4895,80.0,81.0,273,0.869,5.6086,11.4201,16.4348,69.35,0.401,0.9927,25.0,normal,high,"Grp2 = oxide (low, >=25.0 sd); Min1 = aspectral (low, >=25.0 sd); Grp1 = oxide (low, >=25.0 sd)"
07THD003,fd02659c-dc3d-52ea-a8eb-c032b91e7624,0d30c7c4-ab07-5a9c-b669-7ed2de5fd936,39f4f0a3-9ca2-5fe9-8ccf-9369ca0ba4ee,4896,5167,81.0,82.0,272,0.863,5.5741,9.7787,28.7962,70.25,0.3868,1.0116,25.0,normal,high,"Min1 = aspectral (low, >=25.0 sd); Grp1 = oxide (low, >=25.0 sd); Grp2 = oxide (low, >=25.0 sd)"
07THD003,fd02659c-dc3d-52ea-a8eb-c032b91e7624,0d30c7c4-ab07-5a9c-b669-7ed2de5fd936,39f4f0a3-9ca2-5fe9-8ccf-9369ca0ba4ee,5168,5453,82.0,83.0,286,0.867,5.5732,9.6066,15.0855,55.94,0.3806,0.9882,25.0,normal,high,"Min2 = montmorillonite (high, >=25.0 sd); Grp1 = oxide (low, >=25.0 sd); Grp2 = oxide (low, >=25.0 sd)"
07THD003,fd02659c-dc3d-52ea-a8eb-c032b91e7624,0d30c7c4-ab07-5a9c-b669-7ed2de5fd936,39f4f0a3-9ca2-5fe9-8ccf-9369ca0ba4ee,5454,5735,83.0,84.0,282,0.867,5.2251,7.7579,12.691,46.77,0.3845,0.9958,25.0,normal,high,"Grp2 = oxide (low, >=25.0 sd); Grp1 = oxide (low, >=25.0 sd); Min1 = aspectral (low, >=25.0 sd)"
07THD003,fd02659c-dc3d-52ea-a8eb-c032b91e7624,0d30c7c4-ab07-5a9c-b669-7ed2de5fd936,39f4f0a3-9ca2-5fe9-8ccf-9369ca0ba4ee,5736,6001,84.0,85.0,266,0.863,5.3761,8.5029,14.1938,50.63,0.383,0.9868,25.0,normal,high,"Min1 = aspectral (low, >=25.0 sd); Grp1 = oxide (low, >=25.0 sd); Grp2 = oxide (low, >=25.0 sd)"
07THD003,fd02659c-dc3d-52ea-a8eb-c032b91e7624,0d30c7c4-ab07-5a9c-b669-7ed2de5fd936,39f4f0a3-9ca2-5fe9-8ccf-9369ca0ba4ee,6002,6290,85.0,86.0,289,0.867,5.5863,8.9063,14.938,54.94,0.3829,0.9907,25.0,normal,high,"Grp2 = smectite (high, >=25.0 sd); Min2 = goethite (low, >=25.0 sd); Grp2 = oxide (low, >=25.0 sd)"
07THD003,fd02659c-dc3d-52ea-a8eb-c032b91e7624,0d30c7c4-ab07-5a9c-b669-7ed2de5fd936,39f4f0a3-9ca2-5fe9-8ccf-9369ca0ba4ee,6291,6571,86.0,87.0,281,0.867,5.1757,9.5598,22.0179,66.1,0.3999,1.0153,25.0,normal,high,"Grp1 = oxide (low, >=25.0 sd); Min1 = aspectral (low, >=25.0 sd); Grp2 = oxide (low, >=25.0 sd)"
07THD003,fd02659c-dc3d-52ea-a8eb-c032b91e7624,0d30c7c4-ab07-5a9c-b669-7ed2de5fd936,39f4f0a3-9ca2-5fe9-8ccf-9369ca0ba4ee,6572,6844,87.0,88.0,273,0.863,5.1822,6.9111,13.5235,43.52,0.3798,0.9934,25.0,normal,high,"Grp2 = oxide (low, >=25.0 sd); Grp1 = oxide (low, >=25.0 sd); Min1 = aspectral (low, >=25.0 sd)"
07THD003,fd02659c-dc3d-52ea-a8eb-c032b91e7624,0d30c7c4-ab07-5a9c-b669-7ed2de5fd936,39f4f0a3-9ca2-5fe9-8ccf-9369ca0ba4ee,6845,7118,88.0,89.0,274,0.867,5.2066,7.7851,16.9911,52.63,0.3882,0.9939,25.0,normal,high,"Grp1 = oxide (low, >=25.0 sd); Min1 = aspectral (low, >=25.0 sd); Grp2 = oxide (low, >=25.0 sd)"
07THD003,fd02659c-dc3d-52ea-a8eb-c032b91e7624,0d30c7c4-ab07-5a9c-b669-7ed2de5fd936,39f4f0a3-9ca2-5fe9-8ccf-9369ca0ba4ee,7119,7402,89.0,90.0,284,0.867,5.6644,11.5524,23.8412,78.52,0.4035,1.0474,25.0,normal,high,"Grp2 = oxide (low, >=25.0 sd); Min2 = goethite (low, >=25.0 sd); Grp3 = carbonate (high, >=25.0 sd)"
07THD003,fd02659c-dc3d-52ea-a8eb-c032b91e7624,0d30c7c4-ab07-5a9c-b669-7ed2de5fd936,39f4f0a3-9ca2-5fe9-8ccf-9369ca0ba4ee,7403,7667,90.0,91.0,265,0.867,5.6322,14.4076,26.4645,83.53,0.4054,1.2053,25.0,normal,high,"Grp1 = oxide (low, >=25.0 sd); Grp1 = carbonate (high, >=25.0 sd); Grp2 = oxide (low, >=25.0 sd)"
07THD003,fd02659c-dc3d-52ea-a8eb-c032b91e7624,0d30c7c4-ab07-5a9c-b669-7ed2de5fd936,39f4f0a3-9ca2-5fe9-8ccf-9369ca0ba4ee,7668,7963,91.0,92.0,296,0.867,6.2048,18.2341,43.9239,93.02,0.4044,2.0539,25.0,normal,high,"Min1 = aspectral (low, >=25.0 sd); Grp2 = oxide (low, >=25.0 sd); Grp1 = carbonate (high, >=25.0 sd)"
07THD003,fd02659c-dc3d-52ea-a8eb-c032b91e7624,0d30c7c4-ab07-5a9c-b669-7ed2de5fd936,39f4f0a3-9ca2-5fe9-8ccf-9369ca0ba4ee,7964,8260,92.0,93.0,297,0.863,6.0153,15.744,40.7671,89.12,0.398,1.9238,25.0,normal,high,"Grp1 = carbonate (high, >=25.0 sd); Min2 = goethite (low, >=25.0 sd); Min1 = aspectral (low, >=25.0 sd)"
07THD003,fd02659c-dc3d-52ea-a8eb-c032b91e7624,0d30c7c4-ab07-5a9c-b669-7ed2de5fd936,39f4f0a3-9ca2-5fe9-8ccf-9369ca0ba4ee,8261,8576,93.0,94.0,316,0.867,5.8077,14.7174,26.8417,88.09,0.4144,1.155,25.0,normal,high,"Min1 = aspectral (low, >=25.0 sd); Min2 = goethite (low, >=25.0 sd); Grp1 = oxide (low, >=25.0 sd)"
07THD003,fd02659c-dc3d-52ea-a8eb-c032b91e7624,0d30c7c4-ab07-5a9c-b669-7ed2de5fd936,39f4f0a3-9ca2-5fe9-8ccf-9369ca0ba4ee,8577,8856,94.0,95.0,280,0.859,5.1073,7.8415,17.1536,47.37,0.3729,0.9957,25.0,normal,high,"Grp1 = oxide (low, >=25.0 sd); Min1 = aspectral (low, >=25.0 sd); Grp2 = oxide (low, >=25.0 sd)"
07THD003,fd02659c-dc3d-52ea-a8eb-c032b91e7624,0d30c7c4-ab07-5a9c-b669-7ed2de5fd936,39f4f0a3-9ca2-5fe9-8ccf-9369ca0ba4ee,8857,9125,95.0,96.0,269,0.859,5.2031,9.0237,20.0274,56.94,0.3826,1.0171,25.0,normal,high,"Min1 = aspectral (low, >=25.0 sd); Grp1 = oxide (low, >=25.0 sd); Grp2 = oxide (low, >=25.0 sd)"
07THD003,fd02659c-dc3d-52ea-a8eb-c032b91e7624,0d30c7c4-ab07-5a9c-b669-7ed2de5fd936,39f4f0a3-9ca2-5fe9-8ccf-9369ca0ba4ee,9126,9384,96.0,97.0,259,0.863,5.1579,8.2568,15.6578,49.87,0.3842,0.9971,25.0,normal,high,"Grp2 = oxide (low, >=25.0 sd); Grp1 = oxide (low, >=25.0 sd); Min1 = aspectral (low, >=25.0 sd)"
07THD003,fd02659c-dc3d-52ea-a8eb-c032b91e7624,0d30c7c4-ab07-5a9c-b669-7ed2de5fd936,39f4f0a3-9ca2-5fe9-8ccf-9369ca0ba4ee,9385,9679,97.0,98.0,295,0.863,5.0822,10.804,20.6344,58.26,0.3729,1.137,25.0,normal,high,"Grp2 = oxide (low, >=25.0 sd); Min1 = aspectral (low, >=25.0 sd); Grp1 = oxide (low, >=25.0 sd)"
07THD003,fd02659c-dc3d-52ea-a8eb-c032b91e7624,0d30c7c4-ab07-5a9c-b669-7ed2de5fd936,39f4f0a3-9ca2-5fe9-8ccf-9369ca0ba4ee,9680,9947,98.0,99.0,268,0.859,5.7959,14.3772,30.0849,81.05,0.3878,1.2253,25.0,normal,high,"Min2 = calcite (high, >=25.0 sd); Grp1 = oxide (low, >=25.0 sd); Grp2 = carbonate (high, >=25.0 sd)"
07THD003,fd02659c-dc3d-52ea-a8eb-c032b91e7624,0d30c7c4-ab07-5a9c-b669-7ed2de5fd936,39f4f0a3-9ca2-5fe9-8ccf-9369ca0ba4ee,9948,10219,99.0,100.0,272,0.867,4.9413,9.1173,21.1876,57.92,0.3874,1.2754,25.0,normal,high,"Grp2 = oxide (low, >=25.0 sd); Min1 = aspectral (low, >=25.0 sd); Grp1 = oxide (low, >=25.0 sd)"
07THD003,fd02659c-dc3d-52ea-a8eb-c032b91e7624,0d30c7c4-ab07-5a9c-b669-7ed2de5fd936,39f4f0a3-9ca2-5fe9-8ccf-9369ca0ba4ee,10220,10522,100.0,101.0,303,0.871,5.361,11.0597,22.3637,73.77,0.4052,1.0508,25.0,normal,high,"Grp1 = oxide (low, >=25.0 sd); Min1 = chlorite-femg (high, >=25.0 sd); Grp1 = chlorite (high, >=25.0 sd)"
07THD003,fd02659c-dc3d-52ea-a8eb-c032b91e7624,0d30c7c4-ab07-5a9c-b669-7ed2de5fd936,39f4f0a3-9ca2-5fe9-8ccf-9369ca0ba4ee,10523,10797,101.0,102.0,275,0.867,5.3974,10.5838,25.5922,72.25,0.3976,1.0222,25.0,normal,high,"Grp1 = chlorite (high, >=25.0 sd); Grp1 = oxide (low, >=25.0 sd); Min1 = aspectral (low, >=25.0 sd)"
07THD003,fd02659c-dc3d-52ea-a8eb-c032b91e7624,0d30c7c4-ab07-5a9c-b669-7ed2de5fd936,39f4f0a3-9ca2-5fe9-8ccf-9369ca0ba4ee,10798,11075,102.0,103.0,278,0.869,5.3661,11.1936,18.1752,64.49,0.3896,1.0254,25.0,normal,high,"Min1 = chlorite-femg (high, >=25.0 sd); Grp2 = oxide (low, >=25.0 sd); Grp1 = chlorite (high, >=25.0 sd)"
07THD003,fd02659c-dc3d-52ea-a8eb-c032b91e7624,0d30c7c4-ab07-5a9c-b669-7ed2de5fd936,39f4f0a3-9ca2-5fe9-8ccf-9369ca0ba4ee,11076,11375,103.0,104.0,300,0.863,5.5294,10.8554,21.0942,72.1,0.3992,1.0213,25.0,normal,high,"Grp1 = oxide (low, >=25.0 sd); Grp2 = oxide (low, >=25.0 sd); Min1 = chlorite-femg (high, >=25.0 sd)"
07THD003,fd02659c-dc3d-52ea-a8eb-c032b91e7624,0d30c7c4-ab07-5a9c-b669-7ed2de5fd936,39f4f0a3-9ca2-5fe9-8ccf-9369ca0ba4ee,11376,11643,104.0,105.0,268,0.867,5.6926,12.4899,26.9266,80.67,0.3997,1.0482,25.0,normal,high,"Grp1 = chlorite (high, >=25.0 sd); Grp1 = oxide (low, >=25.0 sd); Grp2 = oxide (low, >=25.0 sd)"
07THD003,fd02659c-dc3d-52ea-a8eb-c032b91e7624,0d30c7c4-ab07-5a9c-b669-7ed2de5fd936,39f4f0a3-9ca2-5fe9-8ccf-9369ca0ba4ee,11644,11962,105.0,106.0,319,0.867,5.7436,11.7465,21.5509,77.56,0.4019,1.0184,25.0,normal,high,"Grp1 = oxide (low, >=25.0 sd); Min2 = goethite (low, >=25.0 sd); Min1 = aspectral (low, >=25.0 sd)"
07THD003,fd02659c-dc3d-52ea-a8eb-c032b91e7624,0d30c7c4-ab07-5a9c-b669-7ed2de5fd936,39f4f0a3-9ca2-5fe9-8ccf-9369ca0ba4ee,11963,12328,106.0,107.0,366,0.863,5.9598,12.0566,21.1517,83.11,0.4149,1.0105,25.0,normal,high,"Min2 = goethite (low, >=25.0 sd); Grp2 = oxide (low, >=25.0 sd); Min1 = chlorite-femg (high, >=25.0 sd)"
07THD003,fd02659c-dc3d-52ea-a8eb-c032b91e7624,0d30c7c4-ab07-5a9c-b669-7ed2de5fd936,39f4f0a3-9ca2-5fe9-8ccf-9369ca0ba4ee,12329,12744,107.0,108.0,416,0.863,6.1754,13.3223,23.6026,90.16,0.4404,1.0316,25.0,normal,high,"Min2 = goethite (low, >=25.0 sd); Min1 = chlorite-femg (high, >=25.0 sd); Grp1 = chlorite (high, >=25.0 sd)"
07THD003,fd02659c-dc3d-52ea-a8eb-c032b91e7624,0d30c7c4-ab07-5a9c-b669-7ed2de5fd936,39f4f0a3-9ca2-5fe9-8ccf-9369ca0ba4ee,12745,13154,108.0,109.0,410,0.863,6.2431,12.532,26.9841,91.53,0.4429,1.043,25.0,normal,high,"Min1 = chlorite-femg (high, >=25.0 sd); Min2 = goethite (low, >=25.0 sd); Grp1 = chlorite (high, >=25.0 sd)"
07THD003,fd02659c-dc3d-52ea-a8eb-c032b91e7624,0d30c7c4-ab07-5a9c-b669-7ed2de5fd936,39f4f0a3-9ca2-5fe9-8ccf-9369ca0ba4ee,13155,13365,109.0,110.0,211,0.859,4.644,7.16,15.3074,41.2,0.3768,1.0001,25.0,normal,high,"Min1 = aspectral (low, >=25.0 sd); Grp1 = oxide (low, >=25.0 sd); Grp2 = oxide (low, >=25.0 sd)"
07THD003,fd02659c-dc3d-52ea-a8eb-c032b91e7624,0d30c7c4-ab07-5a9c-b669-7ed2de5fd936,39f4f0a3-9ca2-5fe9-8ccf-9369ca0ba4ee,13366,13489,110.0,111.0,124,0.861,4.48,11.0625,31.206,72.14,0.4105,1.6516,25.0,normal,high,"Grp1 = oxide (low, >=25.0 sd); Grp2 = oxide (low, >=25.0 sd); Min2 = calcite (high, 23.8 sd)"
07THD003,fd02659c-dc3d-52ea-a8eb-c032b91e7624,0d30c7c4-ab07-5a9c-b669-7ed2de5fd936,39f4f0a3-9ca2-5fe9-8ccf-9369ca0ba4ee,13490,13593,111.0,112.0,104,0.855,3.8594,7.7997,25.3499,53.52,0.4135,1.652,25.0,normal,high,"Grp1 = oxide (low, >=25.0 sd); Grp2 = oxide (low, >=25.0 sd); Min1 = aspectral (low, 21.6 sd)"
07THD003,fd02659c-dc3d-52ea-a8eb-c032b91e7624,0d30c7c4-ab07-5a9c-b669-7ed2de5fd936,39f4f0a3-9ca2-5fe9-8ccf-9369ca0ba4ee,13594,13845,112.0,113.0,252,0.863,4.6117,8.0349,21.7348,48.79,0.3693,1.048,25.0,normal,high,"Grp1 = oxide (low, >=25.0 sd); Grp2 = oxide (low, >=25.0 sd); Min1 = aspectral (low, >=25.0 sd)"
07THD003,fd02659c-dc3d-52ea-a8eb-c032b91e7624,0d30c7c4-ab07-5a9c-b669-7ed2de5fd936,39f4f0a3-9ca2-5fe9-8ccf-9369ca0ba4ee,13846,14132,113.0,114.0,287,0.869,5.1116,10.5926,23.0956,63.91,0.3856,1.0449,25.0,normal,high,"Grp2 = oxide (low, >=25.0 sd); Min1 = aspectral (low, >=25.0 sd); Grp1 = oxide (low, >=25.0 sd)"
07THD003,fd02659c-dc3d-52ea-a8eb-c032b91e7624,0d30c7c4-ab07-5a9c-b669-7ed2de5fd936,39f4f0a3-9ca2-5fe9-8ccf-9369ca0ba4ee,14133,14409,114.0,115.0,277,0.867,5.8092,13.7393,23.6722,76.33,0.3839,1.0211,25.0,normal,high,"Min2 = chlorite-femg (high, >=25.0 sd); Grp2 = oxide (low, >=25.0 sd); Grp2 = chlorite (high, >=25.0 sd)"
07THD003,fd02659c-dc3d-52ea-a8eb-c032b91e7624,0d30c7c4-ab07-5a9c-b669-7ed2de5fd936,39f4f0a3-9ca2-5fe9-8ccf-9369ca0ba4ee,14410,14681,115.0,116.0,272,0.867,5.9345,14.0837,20.8075,77.04,0.3887,1.0297,25.0,normal,high,"Grp1 = oxide (low, >=25.0 sd); Grp2 = oxide (low, >=25.0 sd); Min1 = chlorite-femg (high, >=25.0 sd)"
07THD003,fd02659c-dc3d-52ea-a8eb-c032b91e7624,0d30c7c4-ab07-5a9c-b669-7ed2de5fd936,39f4f0a3-9ca2-5fe9-8ccf-9369ca0ba4ee,14682,14949,116.0,117.0,268,0.859,5.8929,13.6124,35.2313,81.71,0.386,1.0988,25.0,normal,high,"Grp1 = oxide (low, >=25.0 sd); Min1 = albite (high, >=25.0 sd); Min1 = aspectral (low, >=25.0 sd)"
07THD003,fd02659c-dc3d-52ea-a8eb-c032b91e7624,0d30c7c4-ab07-5a9c-b669-7ed2de5fd936,39f4f0a3-9ca2-5fe9-8ccf-9369ca0ba4ee,14950,15226,117.0,118.0,277,0.859,5.8733,11.9521,32.218,81.9,0.3946,1.0649,25.0,normal,high,"Min1 = albite (high, >=25.0 sd); Grp2 = oxide (low, >=25.0 sd); Min1 = aspectral (low, >=25.0 sd)"
07THD003,fd02659c-dc3d-52ea-a8eb-c032b91e7624,0d30c7c4-ab07-5a9c-b669-7ed2de5fd936,39f4f0a3-9ca2-5fe9-8ccf-9369ca0ba4ee,15227,15504,118.0,119.0,278,0.867,5.2565,10.9317,15.6507,59.34,0.3889,1.3283,25.0,normal,high,"Grp1 = smectite (high, >=25.0 sd); Grp1 = oxide (low, >=25.0 sd); Min1 = montmorillonite (high, >=25.0 sd)"
07THD003,fd02659c-dc3d-52ea-a8eb-c032b91e7624,0d30c7c4-ab07-5a9c-b669-7ed2de5fd936,39f4f0a3-9ca2-5fe9-8ccf-9369ca0ba4ee,15505,15771,119.0,120.0,267,0.867,5.5835,13.4431,29.1534,80.17,0.3964,1.2167,25.0,normal,high,"Min1 = aspectral (low, >=25.0 sd); Min1 = phengite (high, >=25.0 sd); Min1 = montmorillonite (high, >=25.0 sd)"
07THD003,fd02659c-dc3d-52ea-a8eb-c032b91e7624,0d30c7c4-ab07-5a9c-b669-7ed2de5fd936,39f4f0a3-9ca2-5fe9-8ccf-9369ca0ba4ee,15772,16042,120.0,121.0,271,0.867,5.7277,14.1602,34.9093,83.11,0.3935,1.2582,25.0,normal,high,"Min1 = montmorillonite (high, >=25.0 sd); Min1 = phengite (high, >=25.0 sd); Min1 = aspectral (low, >=25.0 sd)"
07THD003,fd02659c-dc3d-52ea-a8eb-c032b91e7624,0d30c7c4-ab07-5a9c-b669-7ed2de5fd936,39f4f0a3-9ca2-5fe9-8ccf-9369ca0ba4ee,16043,16576,121.0,122.0,534,0.867,6.7362,16.4067,33.7644,97.35,0.4681,1.4278,25.0,high,high,"Grp1 = smectite (high, >=25.0 sd); Min1 = phengite (high, >=25.0 sd); Min1 = montmorillonite (high, >=25.0 sd)"
07THD003,fd02659c-dc3d-52ea-a8eb-c032b91e7624,0d30c7c4-ab07-5a9c-b669-7ed2de5fd936,39f4f0a3-9ca2-5fe9-8ccf-9369ca0ba4ee,16577,16891,122.0,123.0,315,0.867,5.7768,13.3461,18.132,75.33,0.3991,1.5683,25.0,normal,high,"Grp1 = oxide (low, >=25.0 sd); Min1 = montmorillonite (high, >=25.0 sd); Min1 = aspectral (low, >=25.0 sd)"
07THD003,fd02659c-dc3d-52ea-a8eb-c032b91e7624,0d30c7c4-ab07-5a9c-b669-7ed2de5fd936,39f4f0a3-9ca2-5fe9-8ccf-9369ca0ba4ee,16892,17155,123.0,124.0,264,0.867,5.6396,14.9336,18.5572,77.29,0.4051,1.2431,25.0,normal,high,"Min1 = montmorillonite (high, >=25.0 sd); Grp1 = oxide (low, >=25.0 sd); Min1 = aspectral (low, >=25.0 sd)"
07THD003,fd02659c-dc3d-52ea-a8eb-c032b91e7624,0d30c7c4-ab07-5a9c-b669-7ed2de5fd936,39f4f0a3-9ca2-5fe9-8ccf-9369ca0ba4ee,17156,17418,124.0,125.0,263,0.863,5.4886,13.4342,17.0856,68.54,0.3928,1.2767,25.0,normal,high,"Min1 = aspectral (low, >=25.0 sd); Grp1 = kaolin (high, >=25.0 sd); Grp1 = smectite (high, >=25.0 sd)"
07THD003,fd02659c-dc3d-52ea-a8eb-c032b91e7624,0d30c7c4-ab07-5a9c-b669-7ed2de5fd936,39f4f0a3-9ca2-5fe9-8ccf-9369ca0ba4ee,17419,17692,125.0,126.0,274,0.867,5.219,12.3029,20.2209,65.58,0.3858,1.2728,25.0,normal,high,"Grp1 = oxide (low, >=25.0 sd); Min1 = aspectral (low, >=25.0 sd); Grp2 = oxide (low, >=25.0 sd)"
07THD003,fd02659c-dc3d-52ea-a8eb-c032b91e7624,0d30c7c4-ab07-5a9c-b669-7ed2de5fd936,39f4f0a3-9ca2-5fe9-8ccf-9369ca0ba4ee,17693,17964,126.0,127.0,272,0.867,5.2495,10.2575,17.2128,62.61,0.3973,1.0352,25.0,normal,high,"Grp1 = oxide (low, >=25.0 sd); Min1 = aspectral (low, >=25.0 sd); Grp2 = oxide (low, >=25.0 sd)"
07THD003,fd02659c-dc3d-52ea-a8eb-c032b91e7624,0d30c7c4-ab07-5a9c-b669-7ed2de5fd936,39f4f0a3-9ca2-5fe9-8ccf-9369ca0ba4ee,17965,18256,127.0,128.0,292,0.869,5.4302,11.0577,21.1928,71.14,0.3985,1.029,25.0,normal,high,"Min1 = aspectral (low, >=25.0 sd); Grp2 = oxide (low, >=25.0 sd); Min2 = goethite (low, >=25.0 sd)"
07THD003,fd02659c-dc3d-52ea-a8eb-c032b91e7624,0d30c7c4-ab07-5a9c-b669-7ed2de5fd936,39f4f0a3-9ca2-5fe9-8ccf-9369ca0ba4ee,18257,18540,128.0,129.0,284,0.869,5.6467,12.0462,25.5411,78.17,0.3979,1.0107,25.0,normal,high,"Grp1 = oxide (low, >=25.0 sd); Min1 = chlorite-femg (high, >=25.0 sd); Min1 = aspectral (low, >=25.0 sd)"
07THD003,fd02659c-dc3d-52ea-a8eb-c032b91e7624,0d30c7c4-ab07-5a9c-b669-7ed2de5fd936,39f4f0a3-9ca2-5fe9-8ccf-9369ca0ba4ee,18541,18712,129.0,130.0,172,0.855,4.6412,8.4774,21.7128,53.54,0.384,0.9808,25.0,normal,high,"Grp2 = oxide (low, >=25.0 sd); Grp1 = oxide (low, >=25.0 sd); Min1 = aspectral (low, >=25.0 sd)"
07THD003,fd02659c-dc3d-52ea-a8eb-c032b91e7624,0d30c7c4-ab07-5a9c-b669-7ed2de5fd936,39f4f0a3-9ca2-5fe9-8ccf-9369ca0ba4ee,18713,18850,130.0,131.0,138,0.855,4.5293,9.1638,18.5503,55.13,0.3954,0.9867,25.0,normal,high,"Grp1 = oxide (low, >=25.0 sd); Grp2 = oxide (low, >=25.0 sd); Min1 = aspectral (low, 24.8 sd)"
07THD003,fd02659c-dc3d-52ea-a8eb-c032b91e7624,0d30c7c4-ab07-5a9c-b669-7ed2de5fd936,39f4f0a3-9ca2-5fe9-8ccf-9369ca0ba4ee,18851,19142,131.0,132.0,292,0.867,5.3289,8.8727,19.1856,55.42,0.3777,0.9984,25.0,normal,high,"Min1 = aspectral (low, >=25.0 sd); Min2 = goethite (low, >=25.0 sd); Min1 = labradorite (high, >=25.0 sd)"
07THD003,fd02659c-dc3d-52ea-a8eb-c032b91e7624,0d30c7c4-ab07-5a9c-b669-7ed2de5fd936,39f4f0a3-9ca2-5fe9-8ccf-9369ca0ba4ee,19143,19429,132.0,133.0,287,0.863,5.5388,9.2464,25.1792,68.66,0.3904,0.9947,25.0,normal,high,"Grp1 = oxide (low, >=25.0 sd); Min1 = aspectral (low, >=25.0 sd); Grp2 = oxide (low, >=25.0 sd)"
07THD003,fd02659c-dc3d-52ea-a8eb-c032b91e7624,0d30c7c4-ab07-5a9c-b669-7ed2de5fd936,39f4f0a3-9ca2-5fe9-8ccf-9369ca0ba4ee,19430,19706,133.0,134.0,277,0.867,5.277,8.5592,16.1242,55.32,0.3924,1.0016,25.0,normal,high,"Grp2 = oxide (low, >=25.0 sd); Grp1 = oxide (low, >=25.0 sd); Min1 = aspectral (low, >=25.0 sd)"
07THD003,fd02659c-dc3d-52ea-a8eb-c032b91e7624,0d30c7c4-ab07-5a9c-b669-7ed2de5fd936,39f4f0a3-9ca2-5fe9-8ccf-9369ca0ba4ee,19707,19991,134.0,135.0,285,0.871,5.8149,13.1967,32.4315,84.65,0.3988,1.0315,25.0,normal,high,"Grp1 = chlorite (high, >=25.0 sd); Min1 = chlorite-femg (high, >=25.0 sd); Min1 = biotite (high, >=25.0 sd)"
07THD003,fd02659c-dc3d-52ea-a8eb-c032b91e7624,0d30c7c4-ab07-5a9c-b669-7ed2de5fd936,39f4f0a3-9ca2-5fe9-8ccf-9369ca0ba4ee,19992,20289,135.0,136.0,298,0.869,5.4956,10.6699,17.5057,66.14,0.396,1.0095,25.0,normal,high,"Grp2 = oxide (low, >=25.0 sd); Min2 = goethite (low, >=25.0 sd); Grp1 = oxide (low, >=25.0 sd)"
07THD003,fd02659c-dc3d-52ea-a8eb-c032b91e7624,0d30c7c4-ab07-5a9c-b669-7ed2de5fd936,39f4f0a3-9ca2-5fe9-8ccf-9369ca0ba4ee,20290,20556,136.0,137.0,267,0.865,5.6719,11.3593,33.3524,78.36,0.3925,1.0319,25.0,normal,high,"Grp2 = oxide (low, >=25.0 sd); Min1 = biotite (high, >=25.0 sd); Grp1 = oxide (low, >=25.0 sd)"
07THD003,fd02659c-dc3d-52ea-a8eb-c032b91e7624,0d30c7c4-ab07-5a9c-b669-7ed2de5fd936,39f4f0a3-9ca2-5fe9-8ccf-9369ca0ba4ee,20557,20823,137.0,138.0,267,0.867,5.3208,10.6353,25.5951,70.85,0.3955,1.0005,25.0,normal,high,"Grp2 = oxide (low, >=25.0 sd); Min1 = aspectral (low, >=25.0 sd); Min1 = biotite (high, >=25.0 sd)"
07THD003,fd02659c-dc3d-52ea-a8eb-c032b91e7624,0d30c7c4-ab07-5a9c-b669-7ed2de5fd936,39f4f0a3-9ca2-5fe9-8ccf-9369ca0ba4ee,20824,21097,138.0,139.0,274,0.871,5.4812,10.7502,18.4055,69.06,0.4014,1.0041,25.0,normal,high,"Grp1 = dark-mica (high, >=25.0 sd); Min1 = biotite (high, >=25.0 sd); Grp2 = oxide (low, >=25.0 sd)"
07THD003,fd02659c-dc3d-52ea-a8eb-c032b91e7624,0d30c7c4-ab07-5a9c-b669-7ed2de5fd936,39f4f0a3-9ca2-5fe9-8ccf-9369ca0ba4ee,21098,21368,139.0,140.0,271,0.859,5.5012,9.8814,18.0042,59.32,0.379,1.0095,25.0,normal,high,"Grp1 = oxide (low, >=25.0 sd); Min1 = labradorite (high, >=25.0 sd); Grp2 = oxide (low, >=25.0 sd)"
07THD003,fd02659c-dc3d-52ea-a8eb-c032b91e7624,0d30c7c4-ab07-5a9c-b669-7ed2de5fd936,39f4f0a3-9ca2-5fe9-8ccf-9369ca0ba4ee,21369,21639,140.0,141.0,271,0.867,5.4997,9.1703,21.094,62.78,0.3848,1.0259,25.0,normal,high,"Min1 = aspectral (low, >=25.0 sd); Grp1 = oxide (low, >=25.0 sd); Grp2 = oxide (low, >=25.0 sd)"
07THD003,fd02659c-dc3d-52ea-a8eb-c032b91e7624,0d30c7c4-ab07-5a9c-b669-7ed2de5fd936,39f4f0a3-9ca2-5fe9-8ccf-9369ca0ba4ee,21640,21961,141.0,142.0,322,0.863,5.6678,9.5271,22.1291,69.39,0.3928,1.0061,25.0,normal,high,"Grp2 = oxide (low, >=25.0 sd); Grp1 = oxide (low, >=25.0 sd); Min2 = goethite (low, >=25.0 sd)"
07THD003,fd02659c-dc3d-52ea-a8eb-c032b91e7624,0d30c7c4-ab07-5a9c-b669-7ed2de5fd936,39f4f0a3-9ca2-5fe9-8ccf-9369ca0ba4ee,21962,22226,142.0,143.0,265,0.867,5.6253,10.5081,18.3212,63.74,0.3837,1.024,25.0,normal,high,"Grp1 = oxide (low, >=25.0 sd); Grp2 = oxide (low, >=25.0 sd); Min1 = labradorite (high, >=25.0 sd)"
07THD003,fd02659c-dc3d-52ea-a8eb-c032b91e7624,0d30c7c4-ab07-5a9c-b669-7ed2de5fd936,39f4f0a3-9ca2-5fe9-8ccf-9369ca0ba4ee,22227,22506,143.0,144.0,280,0.867,5.6153,12.1934,17.954,64.93,0.378,1.0626,25.0,normal,high,"Grp1 = oxide (low, >=25.0 sd); Min1 = labradorite (high, >=25.0 sd); Grp2 = oxide (low, >=25.0 sd)"
07THD003,fd02659c-dc3d-52ea-a8eb-c032b91e7624,0d30c7c4-ab07-5a9c-b669-7ed2de5fd936,39f4f0a3-9ca2-5fe9-8ccf-9369ca0ba4ee,22507,22795,144.0,145.0,289,0.863,5.5218,8.9112,21.2979,58.55,0.3702,1.0132,25.0,normal,high,"Grp2 = oxide (low, >=25.0 sd); Grp2 = dark-mica (high, >=25.0 sd); Min1 = aspectral (low, >=25.0 sd)"
07THD003,fd02659c-dc3d-52ea-a8eb-c032b91e7624,0d30c7c4-ab07-5a9c-b669-7ed2de5fd936,39f4f0a3-9ca2-5fe9-8ccf-9369ca0ba4ee,22796,23070,145.0,146.0,275,0.869,5.5034,10.4357,19.8373,70.66,0.4033,1.0432,25.0,normal,high,"Grp2 = dark-mica (high, >=25.0 sd); Min2 = biotite (high, >=25.0 sd); Grp2 = oxide (low, >=25.0 sd)"
07THD003,fd02659c-dc3d-52ea-a8eb-c032b91e7624,0d30c7c4-ab07-5a9c-b669-7ed2de5fd936,39f4f0a3-9ca2-5fe9-8ccf-9369ca0ba4ee,23071,23352,146.0,147.0,282,0.867,5.4878,9.7521,16.4002,58.94,0.386,1.007,25.0,normal,high,"Grp1 = oxide (low, >=25.0 sd); Min1 = aspectral (low, >=25.0 sd); Grp2 = oxide (low, >=25.0 sd)"
07THD003,fd02659c-dc3d-52ea-a8eb-c032b91e7624,0d30c7c4-ab07-5a9c-b669-7ed2de5fd936,39f4f0a3-9ca2-5fe9-8ccf-9369ca0ba4ee,23353,23709,147.0,148.0,357,0.871,5.7938,9.6469,21.9857,79.09,0.4295,1.0354,25.0,normal,high,"Min1 = aspectral (low, >=25.0 sd); Grp2 = oxide (low, >=25.0 sd); Grp1 = chlorite (high, >=25.0 sd)"
07THD003,fd02659c-dc3d-52ea-a8eb-c032b91e7624,0d30c7c4-ab07-5a9c-b669-7ed2de5fd936,39f4f0a3-9ca2-5fe9-8ccf-9369ca0ba4ee,23710,24062,148.0,149.0,353,0.871,5.5458,9.6119,20.229,73.71,0.4244,1.0148,25.0,normal,high,"Grp2 = oxide (low, >=25.0 sd); Min1 = aspectral (low, >=25.0 sd); Min2 = goethite (low, >=25.0 sd)"
07THD003,fd02659c-dc3d-52ea-a8eb-c032b91e7624,0d30c7c4-ab07-5a9c-b669-7ed2de5fd936,39f4f0a3-9ca2-5fe9-8ccf-9369ca0ba4ee,24063,24369,149.0,150.0,307,0.863,5.9265,10.1975,32.7958,83.4,0.4074,1.0055,25.0,normal,high,"Min1 = albite (high, >=25.0 sd); Grp3 = dark-mica (high, >=25.0 sd); Grp1 = oxide (low, >=25.0 sd)"
07THD003,fd02659c-dc3d-52ea-a8eb-c032b91e7624,0d30c7c4-ab07-5a9c-b669-7ed2de5fd936,39f4f0a3-9ca2-5fe9-8ccf-9369ca0ba4ee,24370,24641,150.0,151.0,272,0.863,5.5155,11.7612,19.5193,67.01,0.3853,1.0213,25.0,normal,high,"Grp2 = oxide (low, >=25.0 sd); Min2 = biotite (high, >=25.0 sd); Grp2 = amphibole (high, >=25.0 sd)"
07THD003,fd02659c-dc3d-52ea-a8eb-c032b91e7624,0d30c7c4-ab07-5a9c-b669-7ed2de5fd936,39f4f0a3-9ca2-5fe9-8ccf-9369ca0ba4ee,24642,24914,151.0,152.0,273,0.863,5.0313,9.6923,19.3828,54.32,0.3752,0.9968,25.0,normal,high,"Grp1 = oxide (low, >=25.0 sd); Grp2 = oxide (low, >=25.0 sd); Min1 = aspectral (low, >=25.0 sd)"
07THD003,fd02659c-dc3d-52ea-a8eb-c032b91e7624,0d30c7c4-ab07-5a9c-b669-7ed2de5fd936,39f4f0a3-9ca2-5fe9-8ccf-9369ca0ba4ee,24915,25244,152.0,153.0,330,0.871,4.9478,9.6715,20.0225,62.7,0.4007,1.0564,25.0,normal,high,"Min1 = aspectral (low, >=25.0 sd); Min2 = goethite (low, >=25.0 sd); Grp1 = oxide (low, >=25.0 sd)"
07THD003,fd02659c-dc3d-52ea-a8eb-c032b91e7624,0d30c7c4-ab07-5a9c-b669-7ed2de5fd936,39f4f0a3-9ca2-5fe9-8ccf-9369ca0ba4ee,25245,25540,153.0,154.0,296,0.859,5.6583,12.3992,30.0172,77.19,0.3875,1.1689,25.0,normal,high,"Grp2 = oxide (low, >=25.0 sd); Grp1 = oxide (low, >=25.0 sd); Min2 = goethite (low, >=25.0 sd)"
07THD003,fd02659c-dc3d-52ea-a8eb-c032b91e7624,0d30c7c4-ab07-5a9c-b669-7ed2de5fd936,39f4f0a3-9ca2-5fe9-8ccf-9369ca0ba4ee,25541,25811,154.0,155.0,271,0.863,5.8067,13.1025,29.3012,83.13,0.3984,1.1006,25.0,normal,high,"Grp1 = oxide (low, >=25.0 sd); Grp2 = oxide (low, >=25.0 sd); Grp1 = pyroxene (high, >=25.0 sd)"
07THD003,fd02659c-dc3d-52ea-a8eb-c032b91e7624,0d30c7c4-ab07-5a9c-b669-7ed2de5fd936,39f4f0a3-9ca2-5fe9-8ccf-9369ca0ba4ee,25812,26088,155.0,156.0,277,0.859,5.8968,13.1997,25.1121,82.99,0.4,1.0885,25.0,normal,high,"Grp2 = pyroxene (high, >=25.0 sd); Min1 = augite (high, >=25.0 sd); Min2 = augite (high, >=25.0 sd)"
07THD003,fd02659c-dc3d-52ea-a8eb-c032b91e7624,0d30c7c4-ab07-5a9c-b669-7ed2de5fd936,39f4f0a3-9ca2-5fe9-8ccf-9369ca0ba4ee,26089,26359,156.0,157.0,271,0.867,5.3363,13.1612,19.4859,68.24,0.3899,1.1169,25.0,normal,high,"Min1 = augite (high, >=25.0 sd); Min1 = aspectral (low, >=25.0 sd); Grp1 = oxide (low, >=25.0 sd)"
07THD003,fd02659c-dc3d-52ea-a8eb-c032b91e7624,0d30c7c4-ab07-5a9c-b669-7ed2de5fd936,39f4f0a3-9ca2-5fe9-8ccf-9369ca0ba4ee,26360,26629,157.0,158.0,270,0.859,5.9446,12.6878,30.7249,81.67,0.3898,1.0643,25.0,normal,high,"Grp1 = oxide (low, >=25.0 sd); Grp2 = pyroxene (high, >=25.0 sd); Min1 = labradorite (high, >=25.0 sd)"
07THD003,fd02659c-dc3d-52ea-a8eb-c032b91e7624,0d30c7c4-ab07-5a9c-b669-7ed2de5fd936,39f4f0a3-9ca2-5fe9-8ccf-9369ca0ba4ee,26630,26905,158.0,159.0,276,0.859,5.8911,12.5,22.0327,79.23,0.3971,1.0228,25.0,normal,high,"Min2 = augite (high, >=25.0 sd); Grp2 = pyroxene (high, >=25.0 sd); Grp1 = pyroxene (high, >=25.0 sd)"
07THD003,fd02659c-dc3d-52ea-a8eb-c032b91e7624,0d30c7c4-ab07-5a9c-b669-7ed2de5fd936,39f4f0a3-9ca2-5fe9-8ccf-9369ca0ba4ee,26906,27175,159.0,160.0,270,0.859,5.8631,11.1983,32.7866,80.11,0.392,1.1412,25.0,normal,high,"Grp2 = oxide (low, >=25.0 sd); Min1 = aspectral (low, >=25.0 sd); Min1 = labradorite (high, >=25.0 sd)"
07THD003,fd02659c-dc3d-52ea-a8eb-c032b91e7624,0d30c7c4-ab07-5a9c-b669-7ed2de5fd936,39f4f0a3-9ca2-5fe9-8ccf-9369ca0ba4ee,27176,27433,160.0,161.0,258,0.859,5.6505,12.243,27.8472,75.08,0.385,1.0883,25.0,normal,high,"Grp1 = oxide (low, >=25.0 sd); Grp2 = oxide (low, >=25.0 sd); Min1 = labradorite (high, >=25.0 sd)"
07THD003,fd02659c-dc3d-52ea-a8eb-c032b91e7624,0d30c7c4-ab07-5a9c-b669-7ed2de5fd936,39f4f0a3-9ca2-5fe9-8ccf-9369ca0ba4ee,27434,27725,161.0,162.0,292,0.861,6.0436,13.0472,32.2179,87.61,0.4039,1.1338,25.0,normal,high,"Grp1 = oxide (low, >=25.0 sd); Min2 = augite (high, >=25.0 sd); Min2 = goethite (low, >=25.0 sd)"
07THD003,fd02659c-dc3d-52ea-a8eb-c032b91e7624,0d30c7c4-ab07-5a9c-b669-7ed2de5fd936,39f4f0a3-9ca2-5fe9-8ccf-9369ca0ba4ee,27726,27998,162.0,163.0,273,0.863,5.8806,11.525,25.7293,82.32,0.4047,1.0724,25.0,normal,high,"Grp2 = pyroxene (high, >=25.0 sd); Min2 = augite (high, >=25.0 sd); Grp1 = oxide (low, >=25.0 sd)"
07THD003,fd02659c-dc3d-52ea-a8eb-c032b91e7624,0d30c7c4-ab07-5a9c-b669-7ed2de5fd936,39f4f0a3-9ca2-5fe9-8ccf-9369ca0ba4ee,27999,28263,163.0,164.0,265,0.863,6.273,18.3553,28.8052,89.76,0.402,1.3349,25.0,normal,high,"Min3 = microcline (high, >=25.0 sd); Grp1 = pyroxene (high, >=25.0 sd); Grp2 = oxide (low, >=25.0 sd)"
07THD003,fd02659c-dc3d-52ea-a8eb-c032b91e7624,0d30c7c4-ab07-5a9c-b669-7ed2de5fd936,39f4f0a3-9ca2-5fe9-8ccf-9369ca0ba4ee,28264,28539,164.0,165.0,276,0.865,5.6163,14.0594,21.6963,75.81,0.393,1.1371,25.0,normal,high,"Grp2 = oxide (low, >=25.0 sd); Grp1 = pyroxene (high, >=25.0 sd); Min1 = aspectral (low, >=25.0 sd)"
07THD003,fd02659c-dc3d-52ea-a8eb-c032b91e7624,0d30c7c4-ab07-5a9c-b669-7ed2de5fd936,39f4f0a3-9ca2-5fe9-8ccf-9369ca0ba4ee,28540,28868,165.0,166.0,329,0.871,5.9368,16.8229,44.157,95.91,0.4354,1.4019,25.0,high,high,"Grp2 = oxide (low, >=25.0 sd); Min1 = augite (high, >=25.0 sd); Grp1 = oxide (low, >=25.0 sd)"
07THD003,fd02659c-dc3d-52ea-a8eb-c032b91e7624,0d30c7c4-ab07-5a9c-b669-7ed2de5fd936,39f4f0a3-9ca2-5fe9-8ccf-9369ca0ba4ee,28869,29153,166.0,167.0,285,0.859,5.8941,14.1004,31.3703,82.44,0.3889,1.2313,25.0,normal,high,"Grp1 = oxide (low, >=25.0 sd); Min2 = augite (high, >=25.0 sd); Grp2 = pyroxene (high, >=25.0 sd)"
07THD003,fd02659c-dc3d-52ea-a8eb-c032b91e7624,0d30c7c4-ab07-5a9c-b669-7ed2de5fd936,39f4f0a3-9ca2-5fe9-8ccf-9369ca0ba4ee,29154,29434,167.0,168.0,281,0.863,5.2125,9.1951,20.5113,55.88,0.374,0.9921,25.0,normal,high,"Grp1 = oxide (low, >=25.0 sd); Grp2 = oxide (low, >=25.0 sd); Min1 = aspectral (low, >=25.0 sd)"
07THD003,fd02659c-dc3d-52ea-a8eb-c032b91e7624,0d30c7c4-ab07-5a9c-b669-7ed2de5fd936,39f4f0a3-9ca2-5fe9-8ccf-9369ca0ba4ee,29435,29716,168.0,169.0,282,0.871,6.0571,16.9148,42.0521,95.75,0.4244,1.7802,25.0,high,high,"Min1 = aspectral (low, >=25.0 sd); Min1 = hornblende (high, >=25.0 sd); Grp1 = sulphate (high, >=25.0 sd)"
07THD003,fd02659c-dc3d-52ea-a8eb-c032b91e7624,0d30c7c4-ab07-5a9c-b669-7ed2de5fd936,39f4f0a3-9ca2-5fe9-8ccf-9369ca0ba4ee,29717,30005,169.0,170.0,289,0.867,5.8141,11.7387,32.3808,80.73,0.3929,1.0381,25.0,normal,high,"Min1 = aspectral (low, >=25.0 sd); Grp1 = oxide (low, >=25.0 sd); Grp1 = chlorite (high, >=25.0 sd)"
07THD003,fd02659c-dc3d-52ea-a8eb-c032b91e7624,0d30c7c4-ab07-5a9c-b669-7ed2de5fd936,39f4f0a3-9ca2-5fe9-8ccf-9369ca0ba4ee,30006,30296,170.0,171.0,291,0.869,5.7434,10.3857,18.7366,66.93,0.3874,1.0025,25.0,normal,high,"Min2 = goethite (low, >=25.0 sd); Min1 = chlorite-femg (high, >=25.0 sd); Min1 = aspectral (low, >=25.0 sd)"
07THD003,fd02659c-dc3d-52ea-a8eb-c032b91e7624,0d30c7c4-ab07-5a9c-b669-7ed2de5fd936,39f4f0a3-9ca2-5fe9-8ccf-9369ca0ba4ee,30297,30622,171.0,172.0,326,0.867,5.0642,7.5842,17.7164,52.0,0.389,0.9641,25.0,normal,high,"Grp1 = oxide (low, >=25.0 sd); Min2 = goethite (low, >=25.0 sd); Grp2 = oxide (low, >=25.0 sd)"
07THD003,fd02659c-dc3d-52ea-a8eb-c032b91e7624,0d30c7c4-ab07-5a9c-b669-7ed2de5fd936,39f4f0a3-9ca2-5fe9-8ccf-9369ca0ba4ee,30623,30885,172.0,173.0,263,0.867,5.3391,10.1241,18.2771,62.22,0.3908,0.9985,25.0,normal,high,"Grp2 = oxide (low, >=25.0 sd); Min1 = aspectral (low, >=25.0 sd); Min1 = albite (high, >=25.0 sd)"
07THD003,fd02659c-dc3d-52ea-a8eb-c032b91e7624,0d30c7c4-ab07-5a9c-b669-7ed2de5fd936,39f4f0a3-9ca2-5fe9-8ccf-9369ca0ba4ee,30886,31157,173.0,174.0,272,0.867,5.6167,12.0755,19.8877,76.4,0.4069,1.0175,25.0,normal,high,"Min1 = aspectral (low, >=25.0 sd); Min1 = albite (high, >=25.0 sd); Grp2 = oxide (low, >=25.0 sd)"
07THD003,fd02659c-dc3d-52ea-a8eb-c032b91e7624,0d30c7c4-ab07-5a9c-b669-7ed2de5fd936,39f4f0a3-9ca2-5fe9-8ccf-9369ca0ba4ee,31158,31429,174.0,175.0,272,0.867,5.4944,11.4248,20.3121,69.41,0.3917,1.0109,25.0,normal,high,"Min1 = aspectral (low, >=25.0 sd); Grp1 = oxide (low, >=25.0 sd); Grp2 = oxide (low, >=25.0 sd)"
07THD003,fd02659c-dc3d-52ea-a8eb-c032b91e7624,0d30c7c4-ab07-5a9c-b669-7ed2de5fd936,39f4f0a3-9ca2-5fe9-8ccf-9369ca0ba4ee,31430,31696,175.0,176.0,267,0.871,5.2155,9.1389,16.868,56.84,0.391,0.9995,25.0,normal,high,"Min1 = aspectral (low, >=25.0 sd); Grp2 = oxide (low, >=25.0 sd); Min1 = albite (high, >=25.0 sd)"
07THD003,fd02659c-dc3d-52ea-a8eb-c032b91e7624,0d30c7c4-ab07-5a9c-b669-7ed2de5fd936,39f4f0a3-9ca2-5fe9-8ccf-9369ca0ba4ee,31697,31971,176.0,177.0,275,0.867,5.8059,13.644,24.4216,84.84,0.4087,1.0405,25.0,normal,high,"Grp2 = oxide (low, >=25.0 sd); Min1 = aspectral (low, >=25.0 sd); Min1 = albite (high, >=25.0 sd)"
07THD003,fd02659c-dc3d-52ea-a8eb-c032b91e7624,0d30c7c4-ab07-5a9c-b669-7ed2de5fd936,39f4f0a3-9ca2-5fe9-8ccf-9369ca0ba4ee,31972,32274,177.0,178.0,303,0.867,6.0,12.5532,29.9523,90.74,0.4318,1.0672,25.0,normal,high,"Min2 = goethite (low, >=25.0 sd); Grp1 = oxide (low, >=25.0 sd); Grp2 = oxide (low, >=25.0 sd)"
07THD003,fd02659c-dc3d-52ea-a8eb-c032b91e7624,0d30c7c4-ab07-5a9c-b669-7ed2de5fd936,39f4f0a3-9ca2-5fe9-8ccf-9369ca0ba4ee,32275,32560,178.0,179.0,286,0.867,6.2516,13.1675,31.2888,91.56,0.4196,1.0851,25.0,normal,high,"Min2 = labradorite (high, >=25.0 sd); Min1 = albite (high, >=25.0 sd); Min1 = aspectral (low, >=25.0 sd)"
07THD003,fd02659c-dc3d-52ea-a8eb-c032b91e7624,0d30c7c4-ab07-5a9c-b669-7ed2de5fd936,39f4f0a3-9ca2-5fe9-8ccf-9369ca0ba4ee,32561,32838,179.0,180.0,278,0.867,5.79,11.3779,36.9664,85.53,0.4076,1.055,25.0,normal,high,"Grp1 = other-aloh (high, >=25.0 sd); Grp2 = oxide (low, >=25.0 sd); Grp1 = oxide (low, >=25.0 sd)"
07THD003,fd02659c-dc3d-52ea-a8eb-c032b91e7624,0d30c7c4-ab07-5a9c-b669-7ed2de5fd936,39f4f0a3-9ca2-5fe9-8ccf-9369ca0ba4ee,32839,33106,180.0,181.0,268,0.867,6.198,13.0261,31.3057,87.97,0.4041,1.0744,25.0,normal,high,"Min3 = labradorite (high, >=25.0 sd); Grp2 = oxide (low, >=25.0 sd); Grp1 = plagioclase (high, >=25.0 sd)"
07THD003,fd02659c-dc3d-52ea-a8eb-c032b91e7624,0d30c7c4-ab07-5a9c-b669-7ed2de5fd936,39f4f0a3-9ca2-5fe9-8ccf-9369ca0ba4ee,33107,33395,181.0,182.0,289,0.871,6.1159,13.805,33.2955,93.22,0.4285,1.059,25.0,normal,high,"Grp1 = oxide (low, >=25.0 sd); Grp2 = oxide (low, >=25.0 sd); Grp2 = chlorite (high, >=25.0 sd)"
07THD003,fd02659c-dc3d-52ea-a8eb-c032b91e7624,0d30c7c4-ab07-5a9c-b669-7ed2de5fd936,39f4f0a3-9ca2-5fe9-8ccf-9369ca0ba4ee,33396,33680,182.0,183.0,285,0.867,5.3557,9.904,18.1982,65.1,0.4008,0.9997,25.0,normal,high,"Grp2 = oxide (low, >=25.0 sd); Grp1 = oxide (low, >=25.0 sd); Min1 = aspectral (low, >=25.0 sd)"
07THD003,fd02659c-dc3d-52ea-a8eb-c032b91e7624,0d30c7c4-ab07-5a9c-b669-7ed2de5fd936,39f4f0a3-9ca2-5fe9-8ccf-9369ca0ba4ee,33681,33961,183.0,184.0,281,0.867,5.0649,10.9092,27.8729,74.31,0.4085,1.6242,25.0,normal,high,"Grp2 = oxide (low, >=25.0 sd); Grp1 = smectite (high, >=25.0 sd); Grp1 = oxide (low, >=25.0 sd)"
07THD003,fd02659c-dc3d-52ea-a8eb-c032b91e7624,0d30c7c4-ab07-5a9c-b669-7ed2de5fd936,39f4f0a3-9ca2-5fe9-8ccf-9369ca0ba4ee,33962,34235,184.0,185.0,274,0.867,5.4005,10.7269,20.9658,64.1,0.3824,0.9975,25.0,normal,high,"Grp2 = oxide (low, >=25.0 sd); Grp1 = oxide (low, >=25.0 sd); Min1 = albite (high, >=25.0 sd)"
07THD003,fd02659c-dc3d-52ea-a8eb-c032b91e7624,0d30c7c4-ab07-5a9c-b669-7ed2de5fd936,39f4f0a3-9ca2-5fe9-8ccf-9369ca0ba4ee,34236,34529,185.0,186.0,294,0.867,5.5181,9.7941,25.6013,74.25,0.4041,1.0045,25.0,normal,high,"Min2 = goethite (low, >=25.0 sd); Grp2 = oxide (low, >=25.0 sd); Grp1 = oxide (low, >=25.0 sd)"
07THD003,fd02659c-dc3d-52ea-a8eb-c032b91e7624,0d30c7c4-ab07-5a9c-b669-7ed2de5fd936,39f4f0a3-9ca2-5fe9-8ccf-9369ca0ba4ee,34530,34814,186.0,187.0,285,0.869,5.2771,9.0944,17.2037,58.24,0.3922,0.9927,25.0,normal,high,"Min1 = albite (high, >=25.0 sd); Min1 = aspectral (low, >=25.0 sd); Grp1 = oxide (low, >=25.0 sd)"
07THD003,fd02659c-dc3d-52ea-a8eb-c032b91e7624,0d30c7c4-ab07-5a9c-b669-7ed2de5fd936,39f4f0a3-9ca2-5fe9-8ccf-9369ca0ba4ee,34815,35097,187.0,188.0,283,0.867,5.1521,7.5424,14.2486,46.83,0.3847,0.9906,25.0,normal,high,"Min1 = albite (high, >=25.0 sd); Min1 = aspectral (low, >=25.0 sd); Min2 = goethite (low, >=25.0 sd)"
07THD003,fd02659c-dc3d-52ea-a8eb-c032b91e7624,0d30c7c4-ab07-5a9c-b669-7ed2de5fd936,39f4f0a3-9ca2-5fe9-8ccf-9369ca0ba4ee,35098,35344,188.0,189.0,247,0.867,5.4559,10.658,20.1689,73.48,0.4134,1.049,25.0,normal,high,"Min1 = muscovite (high, >=25.0 sd); Min1 = albite (high, >=25.0 sd); Min1 = aspectral (low, >=25.0 sd)"
07THD003,fd02659c-dc3d-52ea-a8eb-c032b91e7624,0d30c7c4-ab07-5a9c-b669-7ed2de5fd936,39f4f0a3-9ca2-5fe9-8ccf-9369ca0ba4ee,35345,35619,189.0,190.0,275,0.867,5.4,10.7433,23.9313,70.91,0.3946,1.0155,25.0,normal,high,"Min1 = albite (high, >=25.0 sd); Grp1 = oxide (low, >=25.0 sd); Grp2 = oxide (low, >=25.0 sd)"
07THD003,fd02659c-dc3d-52ea-a8eb-c032b91e7624,0d30c7c4-ab07-5a9c-b669-7ed2de5fd936,39f4f0a3-9ca2-5fe9-8ccf-9369ca0ba4ee,35620,35893,190.0,191.0,274,0.867,5.3591,10.6186,19.9637,63.32,0.3852,0.9915,25.0,normal,high,"Grp2 = oxide (low, >=25.0 sd); Grp1 = oxide (low, >=25.0 sd); Min2 = labradorite (high, >=25.0 sd)"
07THD003,fd02659c-dc3d-52ea-a8eb-c032b91e7624,0d30c7c4-ab07-5a9c-b669-7ed2de5fd936,39f4f0a3-9ca2-5fe9-8ccf-9369ca0ba4ee,35894,36170,191.0,192.0,277,0.867,5.3724,10.0836,23.0483,65.6,0.3859,0.9769,25.0,normal,high,"Grp2 = oxide (low, >=25.0 sd); Grp1 = oxide (low, >=25.0 sd); Min1 = albite (high, >=25.0 sd)"
07THD003,fd02659c-dc3d-52ea-a8eb-c032b91e7624,0d30c7c4-ab07-5a9c-b669-7ed2de5fd936,39f4f0a3-9ca2-5fe9-8ccf-9369ca0ba4ee,36171,36450,192.0,193.0,280,0.863,5.3899,10.0156,17.7854,61.32,0.3892,1.0694,25.0,normal,high,"Grp1 = oxide (low, >=25.0 sd); Grp2 = oxide (low, >=25.0 sd); Min1 = muscovite (high, >=25.0 sd)"
07THD003,fd02659c-dc3d-52ea-a8eb-c032b91e7624,0d30c7c4-ab07-5a9c-b669-7ed2de5fd936,39f4f0a3-9ca2-5fe9-8ccf-9369ca0ba4ee,36451,36729,193.0,194.0,279,0.867,5.4478,10.1875,16.2169,61.03,0.3905,1.0019,25.0,normal,high,"Grp2 = oxide (low, >=25.0 sd); Grp1 = oxide (low, >=25.0 sd); Min1 = albite (high, >=25.0 sd)"
07THD003,fd02659c-dc3d-52ea-a8eb-c032b91e7624,0d30c7c4-ab07-5a9c-b669-7ed2de5fd936,39f4f0a3-9ca2-5fe9-8ccf-9369ca0ba4ee,36730,37008,194.0,195.0,279,0.869,5.75,12.7271,18.8043,75.04,0.3987,1.0154,25.0,normal,high,"Grp1 = oxide (low, >=25.0 sd); Min1 = chlorite-mg (high, >=25.0 sd); Min1 = albite (high, >=25.0 sd)"
07THD003,fd02659c-dc3d-52ea-a8eb-c032b91e7624,0d30c7c4-ab07-5a9c-b669-7ed2de5fd936,39f4f0a3-9ca2-5fe9-8ccf-9369ca0ba4ee,37009,37325,195.0,196.0,317,0.867,5.2082,8.7552,22.2322,62.84,0.3947,0.9861,25.0,normal,high,"Min2 = goethite (low, >=25.0 sd); Min1 = aspectral (low, >=25.0 sd); Min1 = albite (high, >=25.0 sd)"
07THD003,fd02659c-dc3d-52ea-a8eb-c032b91e7624,0d30c7c4-ab07-5a9c-b669-7ed2de5fd936,39f4f0a3-9ca2-5fe9-8ccf-9369ca0ba4ee,37326,37597,196.0,197.0,272,0.867,5.3126,10.1617,18.8018,58.11,0.3776,0.986,25.0,normal,high,"Min1 = aspectral (low, >=25.0 sd); Grp2 = oxide (low, >=25.0 sd); Min1 = albite (high, >=25.0 sd)"
07THD003,fd02659c-dc3d-52ea-a8eb-c032b91e7624,0d30c7c4-ab07-5a9c-b669-7ed2de5fd936,39f4f0a3-9ca2-5fe9-8ccf-9369ca0ba4ee,37598,37871,197.0,198.0,274,0.867,5.6825,12.2362,20.641,74.58,0.3959,1.0063,25.0,normal,high,"Grp1 = oxide (low, >=25.0 sd); Min1 = albite (high, >=25.0 sd); Grp2 = oxide (low, >=25.0 sd)"
07THD003,fd02659c-dc3d-52ea-a8eb-c032b91e7624,0d30c7c4-ab07-5a9c-b669-7ed2de5fd936,39f4f0a3-9ca2-5fe9-8ccf-9369ca0ba4ee,37872,38143,198.0,199.0,272,0.867,4.7123,7.0152,17.5686,45.93,0.3827,0.9758,25.0,normal,high,"Grp1 = oxide (low, >=25.0 sd); Min1 = aspectral (low, >=25.0 sd); Grp2 = oxide (low, >=25.0 sd)"
07THD003,fd02659c-dc3d-52ea-a8eb-c032b91e7624,0d30c7c4-ab07-5a9c-b669-7ed2de5fd936,39f4f0a3-9ca2-5fe9-8ccf-9369ca0ba4ee,38144,38407,199.0,200.0,264,0.867,5.1732,8.5854,16.2736,54.23,0.391,0.9941,25.0,normal,high,"Min1 = albite (high, >=25.0 sd); Grp1 = oxide (low, >=25.0 sd); Grp2 = oxide (low, >=25.0 sd)"
07THD003,fd02659c-dc3d-52ea-a8eb-c032b91e7624,0d30c7c4-ab07-5a9c-b669-7ed2de5fd936,39f4f0a3-9ca2-5fe9-8ccf-9369ca0ba4ee,38408,38675,200.0,201.0,268,0.867,5.0791,9.1441,16.1707,53.44,0.3878,1.0113,25.0,normal,high,"Grp2 = oxide (low, >=25.0 sd); Min1 = albite (high, >=25.0 sd); Grp1 = oxide (low, >=25.0 sd)"
07THD003,fd02659c-dc3d-52ea-a8eb-c032b91e7624,0d30c7c4-ab07-5a9c-b669-7ed2de5fd936,39f4f0a3-9ca2-5fe9-8ccf-9369ca0ba4ee,38676,38945,201.0,202.0,270,0.867,5.9277,13.8101,32.485,89.3,0.4097,1.2584,25.0,normal,high,"Min1 = muscovite (high, >=25.0 sd); Grp2 = oxide (low, >=25.0 sd); Grp1 = oxide (low, >=25.0 sd)"
07THD003,fd02659c-dc3d-52ea-a8eb-c032b91e7624,0d30c7c4-ab07-5a9c-b669-7ed2de5fd936,39f4f0a3-9ca2-5fe9-8ccf-9369ca0ba4ee,38946,39208,202.0,203.0,263,0.867,5.5373,12.2884,20.7456,73.46,0.3962,1.2024,25.0,normal,high,"Grp1 = oxide (low, >=25.0 sd); Min1 = aspectral (low, >=25.0 sd); Grp2 = oxide (low, >=25.0 sd)"
07THD003,fd02659c-dc3d-52ea-a8eb-c032b91e7624,0d30c7c4-ab07-5a9c-b669-7ed2de5fd936,39f4f0a3-9ca2-5fe9-8ccf-9369ca0ba4ee,39209,39499,203.0,204.0,291,0.869,5.3388,11.1301,20.4475,73.35,0.413,1.1156,25.0,normal,high,"Grp1 = oxide (low, >=25.0 sd); Grp2 = oxide (low, >=25.0 sd); Min1 = aspectral (low, >=25.0 sd)"
07THD003,fd02659c-dc3d-52ea-a8eb-c032b91e7624,0d30c7c4-ab07-5a9c-b669-7ed2de5fd936,39f4f0a3-9ca2-5fe9-8ccf-9369ca0ba4ee,39500,39888,204.0,205.0,389,0.871,5.4977,12.006,17.6579,75.5,0.427,1.0387,25.0,normal,high,"Min2 = goethite (low, >=25.0 sd); Grp1 = oxide (low, >=25.0 sd); Min1 = aspectral (low, >=25.0 sd)"
07THD003,fd02659c-dc3d-52ea-a8eb-c032b91e7624,0d30c7c4-ab07-5a9c-b669-7ed2de5fd936,39f4f0a3-9ca2-5fe9-8ccf-9369ca0ba4ee,39889,40140,205.0,206.0,252,0.867,5.0968,10.5393,18.8154,64.62,0.4011,0.9854,25.0,normal,high,"Grp2 = oxide (low, >=25.0 sd); Min1 = albite (high, >=25.0 sd); Grp1 = oxide (low, >=25.0 sd)"
07THD003,fd02659c-dc3d-52ea-a8eb-c032b91e7624,0d30c7c4-ab07-5a9c-b669-7ed2de5fd936,39f4f0a3-9ca2-5fe9-8ccf-9369ca0ba4ee,40141,40402,206.0,207.0,262,0.869,5.7004,13.482,25.076,77.81,0.3904,1.0243,25.0,normal,high,"Min2 = chlorite-femg (high, >=25.0 sd); Min3 = augite (high, >=25.0 sd); Grp2 = oxide (low, >=25.0 sd)"
07THD003,fd02659c-dc3d-52ea-a8eb-c032b91e7624,0d30c7c4-ab07-5a9c-b669-7ed2de5fd936,39f4f0a3-9ca2-5fe9-8ccf-9369ca0ba4ee,40403,40711,207.0,208.0,309,0.867,5.7452,11.5973,21.4841,75.56,0.3968,1.0052,25.0,normal,high,"Grp1 = oxide (low, >=25.0 sd); Min1 = albite (high, >=25.0 sd); Min1 = aspectral (low, >=25.0 sd)"
07THD003,fd02659c-dc3d-52ea-a8eb-c032b91e7624,0d30c7c4-ab07-5a9c-b669-7ed2de5fd936,39f4f0a3-9ca2-5fe9-8ccf-9369ca0ba4ee,40712,40984,208.0,209.0,273,0.867,5.5829,11.6798,21.7931,76.71,0.4051,1.0441,25.0,normal,high,"Min1 = aspectral (low, >=25.0 sd); Grp2 = oxide (low, >=25.0 sd); Grp1 = oxide (low, >=25.0 sd)"
07THD003,fd02659c-dc3d-52ea-a8eb-c032b91e7624,0d30c7c4-ab07-5a9c-b669-7ed2de5fd936,39f4f0a3-9ca2-5fe9-8ccf-9369ca0ba4ee,40985,41255,209.0,210.0,271,0.867,5.9751,13.843,28.4777,88.49,0.4098,1.0772,25.0,normal,high,"Min1 = aspectral (low, >=25.0 sd); Grp2 = oxide (low, >=25.0 sd); Min1 = albite (high, >=25.0 sd)"
07THD003,fd02659c-dc3d-52ea-a8eb-c032b91e7624,0d30c7c4-ab07-5a9c-b669-7ed2de5fd936,39f4f0a3-9ca2-5fe9-8ccf-9369ca0ba4ee,41256,41526,210.0,211.0,271,0.869,5.7961,13.8362,28.8193,82.86,0.3961,1.0722,25.0,normal,high,"Grp1 = oxide (low, >=25.0 sd); Min2 = biotite (high, >=25.0 sd); Grp2 = oxide (low, >=25.0 sd)"
07THD003,fd02659c-dc3d-52ea-a8eb-c032b91e7624,0d30c7c4-ab07-5a9c-b669-7ed2de5fd936,39f4f0a3-9ca2-5fe9-8ccf-9369ca0ba4ee,41527,41841,211.0,212.0,315,0.871,5.5613,10.6091,24.1438,79.27,0.4201,1.0082,25.0,normal,high,"Grp1 = oxide (low, >=25.0 sd); Min2 = goethite (low, >=25.0 sd); Min1 = albite (high, >=25.0 sd)"
07THD003,fd02659c-dc3d-52ea-a8eb-c032b91e7624,0d30c7c4-ab07-5a9c-b669-7ed2de5fd936,39f4f0a3-9ca2-5fe9-8ccf-9369ca0ba4ee,41842,42191,212.0,213.0,350,0.867,5.8657,12.6944,34.048,89.37,0.4168,1.066,25.0,normal,high,"Grp1 = dark-mica (high, >=25.0 sd); Min2 = goethite (low, >=25.0 sd); Grp2 = oxide (low, >=25.0 sd)"
07THD003,fd02659c-dc3d-52ea-a8eb-c032b91e7624,0d30c7c4-ab07-5a9c-b669-7ed2de5fd936,39f4f0a3-9ca2-5fe9-8ccf-9369ca0ba4ee,42192,42513,213.0,214.0,322,0.867,5.7577,11.9792,35.602,87.16,0.4138,1.0261,25.0,normal,high,"Grp2 = other-aloh (high, >=25.0 sd); Grp1 = oxide (low, >=25.0 sd); Grp2 = oxide (low, >=25.0 sd)"
07THD003,fd02659c-dc3d-52ea-a8eb-c032b91e7624,0d30c7c4-ab07-5a9c-b669-7ed2de5fd936,39f4f0a3-9ca2-5fe9-8ccf-9369ca0ba4ee,42514,42792,214.0,215.0,279,0.871,5.4575,10.4466,22.0817,67.6,0.3888,0.9822,25.0,normal,high,"Grp1 = oxide (low, >=25.0 sd); Min1 = aspectral (low, >=25.0 sd); Grp2 = oxide (low, >=25.0 sd)"
07THD003,fd02659c-dc3d-52ea-a8eb-c032b91e7624,0d30c7c4-ab07-5a9c-b669-7ed2de5fd936,39f4f0a3-9ca2-5fe9-8ccf-9369ca0ba4ee,42793,43104,215.0,216.0,312,0.867,5.7553,12.7718,35.0348,87.51,0.4113,1.0878,25.0,normal,high,"Grp1 = amphibole (high, >=25.0 sd); Min2 = labradorite (high, >=25.0 sd); Min1 = biotite (high, >=25.0 sd)"
07THD003,fd02659c-dc3d-52ea-a8eb-c032b91e7624,0d30c7c4-ab07-5a9c-b669-7ed2de5fd936,39f4f0a3-9ca2-5fe9-8ccf-9369ca0ba4ee,43105,43408,216.0,217.0,304,0.867,5.4959,12.1018,17.5651,71.08,0.4025,1.0173,25.0,normal,high,"Grp1 = amphibole (high, >=25.0 sd); Min2 = goethite (low, >=25.0 sd); Grp2 = oxide (low, >=25.0 sd)"
07THD003,fd02659c-dc3d-52ea-a8eb-c032b91e7624,0d30c7c4-ab07-5a9c-b669-7ed2de5fd936,39f4f0a3-9ca2-5fe9-8ccf-9369ca0ba4ee,43409,43710,217.0,218.0,302,0.867,5.4101,9.3969,23.7638,68.2,0.3958,0.9748,25.0,normal,high,"Grp2 = oxide (low, >=25.0 sd); Grp1 = oxide (low, >=25.0 sd); Min2 = goethite (low, >=25.0 sd)"
07THD003,fd02659c-dc3d-52ea-a8eb-c032b91e7624,0d30c7c4-ab07-5a9c-b669-7ed2de5fd936,39f4f0a3-9ca2-5fe9-8ccf-9369ca0ba4ee,43711,43974,218.0,219.0,264,0.867,5.5646,9.6609,25.9661,71.81,0.3956,0.9982,25.0,normal,high,"Grp1 = amphibole (high, >=25.0 sd); Grp1 = oxide (low, >=25.0 sd); Min2 = biotite (high, >=25.0 sd)"
07THD003,fd02659c-dc3d-52ea-a8eb-c032b91e7624,0d30c7c4-ab07-5a9c-b669-7ed2de5fd936,39f4f0a3-9ca2-5fe9-8ccf-9369ca0ba4ee,43975,44267,219.0,220.0,293,0.867,5.8127,11.1103,30.2481,82.28,0.4026,1.009,25.0,normal,high,"Grp2 = oxide (low, >=25.0 sd); Min2 = goethite (low, >=25.0 sd); Grp1 = dark-mica (high, >=25.0 sd)"
07THD003,fd02659c-dc3d-52ea-a8eb-c032b91e7624,0d30c7c4-ab07-5a9c-b669-7ed2de5fd936,39f4f0a3-9ca2-5fe9-8ccf-9369ca0ba4ee,44268,44592,220.0,221.0,325,0.867,5.7855,16.4076,29.0504,81.73,0.3882,1.1362,25.0,normal,high,"Grp1 = oxide (low, >=25.0 sd); Min1 = aspectral (low, >=25.0 sd); Grp2 = oxide (low, >=25.0 sd)"
07THD003,fd02659c-dc3d-52ea-a8eb-c032b91e7624,0d30c7c4-ab07-5a9c-b669-7ed2de5fd936,39f4f0a3-9ca2-5fe9-8ccf-9369ca0ba4ee,44593,44878,221.0,222.0,286,0.871,6.1281,16.6965,38.3653,95.33,0.4219,1.3566,25.0,high,high,"Grp2 = oxide (low, >=25.0 sd); Grp2 = carbonate (high, >=25.0 sd); Min1 = aspectral (low, >=25.0 sd)"
07THD003,fd02659c-dc3d-52ea-a8eb-c032b91e7624,0d30c7c4-ab07-5a9c-b669-7ed2de5fd936,39f4f0a3-9ca2-5fe9-8ccf-9369ca0ba4ee,44879,45169,222.0,223.0,291,0.851,6.15,15.4974,34.3928,92.39,0.4107,1.2913,25.0,normal,high,"Min2 = goethite (low, >=25.0 sd); Min1 = aspectral (low, >=25.0 sd); Grp1 = carbonate (high, >=25.0 sd)"
07THD003,fd02659c-dc3d-52ea-a8eb-c032b91e7624,0d30c7c4-ab07-5a9c-b669-7ed2de5fd936,39f4f0a3-9ca2-5fe9-8ccf-9369ca0ba4ee,45170,45436,223.0,224.0,267,0.859,5.0402,10.5478,21.8552,63.01,0.3884,1.0946,25.0,normal,high,"Grp1 = oxide (low, >=25.0 sd); Grp2 = oxide (low, >=25.0 sd); Min1 = phengite (high, >=25.0 sd)"
07THD003,fd02659c-dc3d-52ea-a8eb-c032b91e7624,0d30c7c4-ab07-5a9c-b669-7ed2de5fd936,39f4f0a3-9ca2-5fe9-8ccf-9369ca0ba4ee,45437,45720,224.0,225.0,284,0.869,5.7285,14.3187,41.2613,87.45,0.4036,1.1568,25.0,normal,high,"Min1 = phengite (high, >=25.0 sd); Grp2 = oxide (low, >=25.0 sd); Min1 = aspectral (low, >=25.0 sd)"
07THD003,fd02659c-dc3d-52ea-a8eb-c032b91e7624,0d30c7c4-ab07-5a9c-b669-7ed2de5fd936,39f4f0a3-9ca2-5fe9-8ccf-9369ca0ba4ee,45721,46007,225.0,226.0,287,0.865,5.6625,11.1862,27.96,71.98,0.38,1.054,25.0,normal,high,"Grp1 = oxide (low, >=25.0 sd); Min1 = phengite (high, >=25.0 sd); Grp2 = oxide (low, >=25.0 sd)"
07THD003,fd02659c-dc3d-52ea-a8eb-c032b91e7624,0d30c7c4-ab07-5a9c-b669-7ed2de5fd936,39f4f0a3-9ca2-5fe9-8ccf-9369ca0ba4ee,46008,46315,226.0,227.0,308,0.863,5.7422,11.2664,18.8362,71.56,0.3953,1.03,25.0,normal,high,"Min1 = phengiticillite (high, >=25.0 sd); Min1 = aspectral (low, >=25.0 sd); Grp1 = oxide (low, >=25.0 sd)"
07THD003,fd02659c-dc3d-52ea-a8eb-c032b91e7624,0d30c7c4-ab07-5a9c-b669-7ed2de5fd936,39f4f0a3-9ca2-5fe9-8ccf-9369ca0ba4ee,46316,46579,227.0,228.0,264,0.863,5.5272,13.4549,18.8544,70.73,0.3912,1.0972,25.0,normal,high,"Min1 = phengiticillite (high, >=25.0 sd); Grp1 = oxide (low, >=25.0 sd); Min1 = aspectral (low, >=25.0 sd)"
07THD003,fd02659c-dc3d-52ea-a8eb-c032b91e7624,0d30c7c4-ab07-5a9c-b669-7ed2de5fd936,39f4f0a3-9ca2-5fe9-8ccf-9369ca0ba4ee,46580,46841,228.0,229.0,262,0.865,5.2122,11.3182,17.0014,62.84,0.3941,1.0422,25.0,normal,high,"Min1 = phengiticillite (high, >=25.0 sd); Min1 = aspectral (low, >=25.0 sd); Grp2 = oxide (low, >=25.0 sd)"
07THD003,fd02659c-dc3d-52ea-a8eb-c032b91e7624,0d30c7c4-ab07-5a9c-b669-7ed2de5fd936,39f4f0a3-9ca2-5fe9-8ccf-9369ca0ba4ee,46842,47109,229.0,230.0,268,0.863,5.7021,15.0289,32.2927,83.88,0.3964,1.1984,25.0,normal,high,"Grp2 = oxide (low, >=25.0 sd); Min1 = aspectral (low, >=25.0 sd); Grp1 = oxide (low, >=25.0 sd)"
07THD003,fd02659c-dc3d-52ea-a8eb-c032b91e7624,0d30c7c4-ab07-5a9c-b669-7ed2de5fd936,39f4f0a3-9ca2-5fe9-8ccf-9369ca0ba4ee,47110,47385,230.0,231.0,276,0.859,5.3801,12.5012,17.1842,63.32,0.3841,1.0997,25.0,normal,high,"Min1 = phengiticillite (high, >=25.0 sd); Grp2 = oxide (low, >=25.0 sd); Grp1 = oxide (low, >=25.0 sd)"
07THD003,fd02659c-dc3d-52ea-a8eb-c032b91e7624,0d30c7c4-ab07-5a9c-b669-7ed2de5fd936,39f4f0a3-9ca2-5fe9-8ccf-9369ca0ba4ee,47386,47728,231.0,232.0,343,0.859,5.7776,14.0945,28.8705,87.24,0.4112,1.1387,25.0,normal,high,"Grp2 = oxide (low, >=25.0 sd); Min1 = phengite (high, >=25.0 sd); Min1 = aspectral (low, >=25.0 sd)"
07THD003,fd02659c-dc3d-52ea-a8eb-c032b91e7624,0d30c7c4-ab07-5a9c-b669-7ed2de5fd936,39f4f0a3-9ca2-5fe9-8ccf-9369ca0ba4ee,47729,48044,232.0,233.0,316,0.855,5.7315,11.9477,16.625,68.66,0.3912,1.0252,25.0,normal,high,"Grp1 = oxide (low, >=25.0 sd); Min1 = phengiticillite (high, >=25.0 sd); Min2 = goethite (low, >=25.0 sd)"
07THD003,fd02659c-dc3d-52ea-a8eb-c032b91e7624,0d30c7c4-ab07-5a9c-b669-7ed2de5fd936,39f4f0a3-9ca2-5fe9-8ccf-9369ca0ba4ee,48045,48349,233.0,234.0,305,0.859,5.7573,11.9042,16.2294,71.25,0.3998,1.0419,25.0,normal,high,"Grp1 = oxide (low, >=25.0 sd); Grp2 = oxide (low, >=25.0 sd); Min1 = aspectral (low, >=25.0 sd)"
07THD003,fd02659c-dc3d-52ea-a8eb-c032b91e7624,0d30c7c4-ab07-5a9c-b669-7ed2de5fd936,39f4f0a3-9ca2-5fe9-8ccf-9369ca0ba4ee,48350,48629,234.0,235.0,280,0.863,5.5275,10.907,15.1091,63.59,0.3949,1.041,25.0,normal,high,"Min1 = muscoviticillite (high, >=25.0 sd); Grp2 = oxide (low, >=25.0 sd); Min1 = aspectral (low, >=25.0 sd)"
07THD003,fd02659c-dc3d-52ea-a8eb-c032b91e7624,0d30c7c4-ab07-5a9c-b669-7ed2de5fd936,39f4f0a3-9ca2-5fe9-8ccf-9369ca0ba4ee,48630,48928,235.0,236.0,299,0.861,5.495,10.8686,14.8044,58.26,0.3818,1.0319,25.0,normal,high,"Min1 = aspectral (low, >=25.0 sd); Grp2 = oxide (low, >=25.0 sd); Min2 = goethite (low, >=25.0 sd)"
07THD003,fd02659c-dc3d-52ea-a8eb-c032b91e7624,0d30c7c4-ab07-5a9c-b669-7ed2de5fd936,39f4f0a3-9ca2-5fe9-8ccf-9369ca0ba4ee,48929,49205,236.0,237.0,277,0.863,6.1041,15.636,28.6786,86.78,0.3976,1.116,25.0,normal,high,"Min1 = aspectral (low, >=25.0 sd); Grp1 = oxide (low, >=25.0 sd); Grp2 = oxide (low, >=25.0 sd)"
07THD003,fd02659c-dc3d-52ea-a8eb-c032b91e7624,0d30c7c4-ab07-5a9c-b669-7ed2de5fd936,39f4f0a3-9ca2-5fe9-8ccf-9369ca0ba4ee,49206,49489,237.0,238.0,284,0.863,5.9394,16.8563,36.036,91.58,0.4085,1.129,25.0,normal,high,"Min1 = muscoviticillite (high, >=25.0 sd); Min2 = muscovite (high, >=25.0 sd); Min3 = microcline (high, >=25.0 sd)"
07THD003,fd02659c-dc3d-52ea-a8eb-c032b91e7624,0d30c7c4-ab07-5a9c-b669-7ed2de5fd936,39f4f0a3-9ca2-5fe9-8ccf-9369ca0ba4ee,49490,49748,238.0,239.0,259,0.871,5.3134,11.7113,23.6717,72.66,0.3977,1.0409,25.0,normal,high,"Grp2 = oxide (low, >=25.0 sd); Min1 = muscoviticillite (high, >=25.0 sd); Grp1 = oxide (low, >=25.0 sd)"
07THD003,fd02659c-dc3d-52ea-a8eb-c032b91e7624,0d30c7c4-ab07-5a9c-b669-7ed2de5fd936,39f4f0a3-9ca2-5fe9-8ccf-9369ca0ba4ee,49749,50038,239.0,240.0,290,0.867,5.7745,15.2423,23.8429,84.55,0.4056,1.0224,25.0,normal,high,"Grp2 = oxide (low, >=25.0 sd); Grp1 = oxide (low, >=25.0 sd); Min1 = muscoviticillite (high, >=25.0 sd)"
07THD003,fd02659c-dc3d-52ea-a8eb-c032b91e7624,0d30c7c4-ab07-5a9c-b669-7ed2de5fd936,39f4f0a3-9ca2-5fe9-8ccf-9369ca0ba4ee,50039,50328,240.0,241.0,290,0.863,5.5587,11.8416,20.7575,69.58,0.3869,1.0955,25.0,normal,high,"Min1 = aspectral (low, >=25.0 sd); Min1 = muscoviticillite (high, >=25.0 sd); Grp2 = oxide (low, >=25.0 sd)"
07THD003,fd02659c-dc3d-52ea-a8eb-c032b91e7624,0d30c7c4-ab07-5a9c-b669-7ed2de5fd936,39f4f0a3-9ca2-5fe9-8ccf-9369ca0ba4ee,50329,50632,241.0,242.0,304,0.859,5.7724,13.0434,31.6626,87.55,0.4142,1.1126,25.0,normal,high,"Min1 = aspectral (low, >=25.0 sd); Grp1 = oxide (low, >=25.0 sd); Min2 = goethite (low, >=25.0 sd)"
07THD003,fd02659c-dc3d-52ea-a8eb-c032b91e7624,0d30c7c4-ab07-5a9c-b669-7ed2de5fd936,39f4f0a3-9ca2-5fe9-8ccf-9369ca0ba4ee,50633,50965,242.0,243.0,333,0.863,5.7139,11.354,33.1952,86.93,0.4305,1.0891,25.0,normal,high,"Grp1 = oxide (low, >=25.0 sd); Grp2 = oxide (low, >=25.0 sd); Min2 = goethite (low, >=25.0 sd)"
07THD003,fd02659c-dc3d-52ea-a8eb-c032b91e7624,0d30c7c4-ab07-5a9c-b669-7ed2de5fd936,39f4f0a3-9ca2-5fe9-8ccf-9369ca0ba4ee,50966,51265,243.0,244.0,300,0.863,5.4147,10.8511,16.3881,63.72,0.3954,1.0558,25.0,normal,high,"Grp2 = oxide (low, >=25.0 sd); Grp1 = oxide (low, >=25.0 sd); Min1 = muscoviticillite (high, >=25.0 sd)"
07THD003,fd02659c-dc3d-52ea-a8eb-c032b91e7624,0d30c7c4-ab07-5a9c-b669-7ed2de5fd936,39f4f0a3-9ca2-5fe9-8ccf-9369ca0ba4ee,51266,51550,244.0,245.0,285,0.855,5.7501,14.0466,35.4997,82.71,0.3913,1.0893,25.0,normal,high,"Min1 = muscoviticillite (high, >=25.0 sd); Min1 = hematite (high, >=25.0 sd); Min1 = aspectral (low, >=25.0 sd)"
07THD003,fd02659c-dc3d-52ea-a8eb-c032b91e7624,0d30c7c4-ab07-5a9c-b669-7ed2de5fd936,39f4f0a3-9ca2-5fe9-8ccf-9369ca0ba4ee,51551,51837,245.0,246.0,287,0.861,5.9275,15.0427,29.7825,87.2,0.4018,1.1035,25.0,normal,high,"Grp2 = oxide (low, >=25.0 sd); Min2 = muscovite (high, >=25.0 sd); Min2 = goethite (low, >=25.0 sd)"
07THD003,fd02659c-dc3d-52ea-a8eb-c032b91e7624,0d30c7c4-ab07-5a9c-b669-7ed2de5fd936,39f4f0a3-9ca2-5fe9-8ccf-9369ca0ba4ee,51838,52180,246.0,247.0,343,0.859,5.8659,13.3824,22.9853,85.34,0.4139,1.1006,25.0,normal,high,"Grp2 = oxide (low, >=25.0 sd); Min1 = aspectral (low, >=25.0 sd); Min1 = muscoviticillite (high, >=25.0 sd)"
07THD003,fd02659c-dc3d-52ea-a8eb-c032b91e7624,0d30c7c4-ab07-5a9c-b669-7ed2de5fd936,39f4f0a3-9ca2-5fe9-8ccf-9369ca0ba4ee,52181,52471,247.0,248.0,291,0.859,5.6809,12.6289,20.1397,71.81,0.3876,1.0633,25.0,normal,high,"Grp1 = oxide (low, >=25.0 sd); Grp2 = oxide (low, >=25.0 sd); Min1 = aspectral (low, >=25.0 sd)"
07THD003,fd02659c-dc3d-52ea-a8eb-c032b91e7624,0d30c7c4-ab07-5a9c-b669-7ed2de5fd936,39f4f0a3-9ca2-5fe9-8ccf-9369ca0ba4ee,52472,52760,248.0,249.0,289,0.863,5.7231,14.1137,29.5458,81.46,0.3932,1.061,25.0,normal,high,"Min1 = muscoviticillite (high, >=25.0 sd); Min2 = goethite (low, >=25.0 sd); Min1 = aspectral (low, >=25.0 sd)"
07THD003,fd02659c-dc3d-52ea-a8eb-c032b91e7624,0d30c7c4-ab07-5a9c-b669-7ed2de5fd936,39f4f0a3-9ca2-5fe9-8ccf-9369ca0ba4ee,52761,53103,249.0,250.0,343,0.859,5.8739,13.5735,24.7215,87.41,0.4195,1.0943,25.0,normal,high,"Min1 = muscoviticillite (high, >=25.0 sd); Grp1 = oxide (low, >=25.0 sd); Grp2 = oxide (low, >=25.0 sd)"
07THD003,fd02659c-dc3d-52ea-a8eb-c032b91e7624,0d30c7c4-ab07-5a9c-b669-7ed2de5fd936,39f4f0a3-9ca2-5fe9-8ccf-9369ca0ba4ee,53104,53486,250.0,251.0,383,0.867,5.8935,16.033,36.1154,95.12,0.4449,1.1713,25.0,high,high,"Min1 = muscovite (high, >=25.0 sd); Min2 = goethite (low, >=25.0 sd); Min1 = aspectral (low, >=25.0 sd)"
07THD003,fd02659c-dc3d-52ea-a8eb-c032b91e7624,0d30c7c4-ab07-5a9c-b669-7ed2de5fd936,39f4f0a3-9ca2-5fe9-8ccf-9369ca0ba4ee,53487,54431,251.0,252.0,945,0.867,7.8018,19.6225,51.4212,99.77,0.4983,2.9577,25.0,high,high,"Grp2 = oxide (low, >=25.0 sd); HyLogDiag = kt (high, >=25.0 sd); Grp1 = chlorite (low, >=25.0 sd)"
09ATD015,fd02659c-dc3d-52ea-a8eb-c032b91e7624,47cf05e4-91f5-521d-bda8-cbffa2e9ae71,85089751-1589-5855-a936-d50f21c8d8d4,0,53,63.0,64.0,54,0.837,3.4838,11.826,37.6001,69.5,0.4755,1.7016,25.0,normal,high,"Grp2 = oxide (low, >=25.0 sd); Grp2 = kaolin (high, 23.1 sd); Wt1 uTSAV [mean] (low, 20.4 sd)"
09ATD015,fd02659c-dc3d-52ea-a8eb-c032b91e7624,47cf05e4-91f5-521d-bda8-cbffa2e9ae71,85089751-1589-5855-a936-d50f21c8d8d4,54,209,64.0,65.0,156,0.839,4.5308,10.8163,27.0498,70.64,0.4114,2.018,25.0,normal,high,"Grp2 = oxide (low, >=25.0 sd); Min1 = aspectral (low, >=25.0 sd); Grp1 = oxide (low, 22.2 sd)"
09ATD015,fd02659c-dc3d-52ea-a8eb-c032b91e7624,47cf05e4-91f5-521d-bda8-cbffa2e9ae71,85089751-1589-5855-a936-d50f21c8d8d4,210,349,65.0,66.0,140,0.839,4.3229,9.4842,23.5013,64.6,0.4196,2.0534,25.0,normal,high,"Grp2 = oxide (low, >=25.0 sd); Min1 = aspectral (low, >=25.0 sd); Min1 = hematite (high, 20.0 sd)"
09ATD015,fd02659c-dc3d-52ea-a8eb-c032b91e7624,47cf05e4-91f5-521d-bda8-cbffa2e9ae71,85089751-1589-5855-a936-d50f21c8d8d4,350,514,66.0,67.0,165,0.839,4.5475,10.8901,22.1035,68.47,0.4131,1.961,25.0,normal,high,"Min2 = chlorite-femg (high, >=25.0 sd); Grp2 = oxide (low, >=25.0 sd); Min1 = aspectral (low, >=25.0 sd)"
09ATD015,fd02659c-dc3d-52ea-a8eb-c032b91e7624,47cf05e4-91f5-521d-bda8-cbffa2e9ae71,85089751-1589-5855-a936-d50f21c8d8d4,515,653,67.0,68.0,139,0.839,4.2462,8.0593,18.4111,45.2,0.3859,2.034,25.0,normal,high,"Grp1 = oxide (low, >=25.0 sd); Grp2 = oxide (low, >=25.0 sd); Min1 = aspectral (low, 23.4 sd)"
09ATD015,fd02659c-dc3d-52ea-a8eb-c032b91e7624,47cf05e4-91f5-521d-bda8-cbffa2e9ae71,85089751-1589-5855-a936-d50f21c8d8d4,654,835,68.0,69.0,182,0.839,4.672,7.5201,20.9939,56.46,0.3998,1.9983,25.0,normal,high,"Grp1 = oxide (low, >=25.0 sd); Min1 = aspectral (low, >=25.0 sd); Grp2 = oxide (low, >=25.0 sd)"
09ATD015,fd02659c-dc3d-52ea-a8eb-c032b91e7624,47cf05e4-91f5-521d-bda8-cbffa2e9ae71,85089751-1589-5855-a936-d50f21c8d8d4,836,1020,69.0,70.0,185,0.839,5.0565,14.4452,23.4517,80.34,0.4414,2.027,25.0,normal,high,"Min2 = chlorite-femg (high, >=25.0 sd); Min1 = aspectral (low, >=25.0 sd); Grp2 = oxide (low, >=25.0 sd)"
09ATD015,fd02659c-dc3d-52ea-a8eb-c032b91e7624,47cf05e4-91f5-521d-bda8-cbffa2e9ae71,85089751-1589-5855-a936-d50f21c8d8d4,1021,1165,70.0,71.0,145,0.839,4.2413,4.2216,11.8388,28.15,0.3725,1.6246,25.0,normal,high,"Grp2 = oxide (low, >=25.0 sd); Min1 = aspectral (low, >=25.0 sd); Grp1 = oxide (low, >=25.0 sd)"
09ATD015,fd02659c-dc3d-52ea-a8eb-c032b91e7624,47cf05e4-91f5-521d-bda8-cbffa2e9ae71,85089751-1589-5855-a936-d50f21c8d8d4,1166,1304,71.0,72.0,139,0.839,4.3053,9.0127,30.8143,63.78,0.407,2.2029,25.0,normal,high,"Min1 = hematite (high, >=25.0 sd); Grp2 = oxide (low, >=25.0 sd); Min1 = aspectral (low, 24.9 sd)"
09ATD015,fd02659c-dc3d-52ea-a8eb-c032b91e7624,47cf05e4-91f5-521d-bda8-cbffa2e9ae71,85089751-1589-5855-a936-d50f21c8d8d4,1305,1457,72.0,73.0,153,0.839,4.2893,9.6706,22.4789,58.88,0.3989,1.8858,25.0,normal,high,"Min1 = aspectral (low, >=25.0 sd); Grp2 = oxide (low, >=25.0 sd); Min1 = hematite (high, 23.2 sd)"
09ATD015,fd02659c-dc3d-52ea-a8eb-c032b91e7624,47cf05e4-91f5-521d-bda8-cbffa2e9ae71,85089751-1589-5855-a936-d50f21c8d8d4,1458,1602,73.0,74.0,145,0.839,4.4323,8.8854,19.1672,53.71,0.3937,1.8245,25.0,normal,high,"Grp2 = oxide (low, >=25.0 sd); Min1 = aspectral (low, >=25.0 sd); Grp1 = oxide (low, >=25.0 sd)"
09ATD015,fd02659c-dc3d-52ea-a8eb-c032b91e7624,47cf05e4-91f5-521d-bda8-cbffa2e9ae71,85089751-1589-5855-a936-d50f21c8d8d4,1603,1740,74.0,75.0,138,0.839,4.313,8.424,18.4362,46.79,0.3846,1.6622,25.0,normal,high,"Grp2 = oxide (low, >=25.0 sd); Min1 = aspectral (low, 24.8 sd); Min1 = chlorite-femg (high, 20.0 sd)"
09ATD015,fd02659c-dc3d-52ea-a8eb-c032b91e7624,47cf05e4-91f5-521d-bda8-cbffa2e9ae71,85089751-1589-5855-a936-d50f21c8d8d4,1741,1897,75.0,76.0,157,0.831,4.3516,5.8696,12.2861,33.47,0.3765,1.7427,25.0,normal,high,"Grp2 = oxide (low, >=25.0 sd); Grp1 = oxide (low, >=25.0 sd); Min1 = aspectral (low, >=25.0 sd)"
09ATD015,fd02659c-dc3d-52ea-a8eb-c032b91e7624,47cf05e4-91f5-521d-bda8-cbffa2e9ae71,85089751-1589-5855-a936-d50f21c8d8d4,1898,2044,76.0,77.0,147,0.831,4.0112,4.6572,14.4325,24.31,0.3575,1.5599,25.0,normal,high,"Grp2 = oxide (low, >=25.0 sd); Grp1 = oxide (low, >=25.0 sd); Min1 = aspectral (low, 18.8 sd)"
09ATD015,fd02659c-dc3d-52ea-a8eb-c032b91e7624,47cf05e4-91f5-521d-bda8-cbffa2e9ae71,85089751-1589-5855-a936-d50f21c8d8d4,2045,2191,77.0,78.0,147,0.827,4.2235,5.5475,16.1098,31.46,0.362,1.7489,25.0,normal,high,"Min1 = aspectral (low, >=25.0 sd); Grp2 = oxide (low, >=25.0 sd); Grp1 = oxide (low, >=25.0 sd)"
09ATD015,fd02659c-dc3d-52ea-a8eb-c032b91e7624,47cf05e4-91f5-521d-bda8-cbffa2e9ae71,85089751-1589-5855-a936-d50f21c8d8d4,2192,2345,78.0,79.0,154,0.831,4.4023,6.845,17.1984,39.43,0.37,2.3998,25.0,normal,high,"Grp2 = oxide (low, >=25.0 sd); Grp1 = oxide (low, >=25.0 sd); Min1 = aspectral (low, 23.3 sd)"
09ATD015,fd02659c-dc3d-52ea-a8eb-c032b91e7624,47cf05e4-91f5-521d-bda8-cbffa2e9ae71,85089751-1589-5855-a936-d50f21c8d8d4,2346,2482,79.0,80.0,137,0.823,4.2597,3.2121,7.3964,19.39,0.3529,1.4103,25.0,normal,high,"Grp2 = oxide (low, >=25.0 sd); Grp1 = oxide (low, >=25.0 sd); Min1 = aspectral (low, 21.0 sd)"
09ATD015,fd02659c-dc3d-52ea-a8eb-c032b91e7624,47cf05e4-91f5-521d-bda8-cbffa2e9ae71,85089751-1589-5855-a936-d50f21c8d8d4,2483,2624,80.0,81.0,142,0.835,4.0518,3.4504,7.8159,17.26,0.3544,1.3248,25.0,normal,high,"Grp2 = oxide (low, >=25.0 sd); Grp1 = oxide (low, >=25.0 sd); Min1 = chlorite-femg (high, 18.5 sd)"
09ATD015,fd02659c-dc3d-52ea-a8eb-c032b91e7624,47cf05e4-91f5-521d-bda8-cbffa2e9ae71,85089751-1589-5855-a936-d50f21c8d8d4,2625,2768,81.0,82.0,144,0.827,4.0274,3.439,6.3278,14.45,0.3493,1.4208,25.0,normal,high,"Grp2 = oxide (low, >=25.0 sd); Grp1 = oxide (low, >=25.0 sd); Min2 = goethite (low, 17.8 sd)"
09ATD015,fd02659c-dc3d-52ea-a8eb-c032b91e7624,47cf05e4-91f5-521d-bda8-cbffa2e9ae71,85089751-1589-5855-a936-d50f21c8d8d4,2769,2912,82.0,83.0,144,0.831,4.1675,3.025,8.8623,19.64,0.3621,1.3072,25.0,normal,high,"Grp2 = oxide (low, >=25.0 sd); Grp1 = oxide (low, >=25.0 sd); Min1 = aspectral (low, 18.7 sd)"
09ATD015,fd02659c-dc3d-52ea-a8eb-c032b91e7624,47cf05e4-91f5-521d-bda8-cbffa2e9ae71,85089751-1589-5855-a936-d50f21c8d8d4,2913,3076,83.0,84.0,164,0.839,4.1974,3.1673,9.4848,22.21,0.3692,1.4561,25.0,normal,high,"Grp1 = oxide (low, >=25.0 sd); Grp2 = oxide (low, >=25.0 sd); Min2 = goethite (low, 18.9 sd)"
09ATD015,fd02659c-dc3d-52ea-a8eb-c032b91e7624,47cf05e4-91f5-521d-bda8-cbffa2e9ae71,85089751-1589-5855-a936-d50f21c8d8d4,3077,3256,84.0,85.0,180,0.827,4.3906,3.8323,7.4464,24.62,0.3602,1.2365,25.0,normal,high,"Grp2 = oxide (low, >=25.0 sd); Grp1 = oxide (low, >=25.0 sd); Min2 = goethite (low, 19.9 sd)"
09ATD015,fd02659c-dc3d-52ea-a8eb-c032b91e7624,47cf05e4-91f5-521d-bda8-cbffa2e9ae71,85089751-1589-5855-a936-d50f21c8d8d4,3257,3389,85.0,86.0,133,0.835,3.9804,3.3592,7.5225,16.53,0.3637,1.3637,25.0,normal,high,"Grp1 = oxide (low, >=25.0 sd); Grp2 = oxide (low, >=25.0 sd); Min2 = goethite (low, 17.0 sd)"
09ATD015,fd02659c-dc3d-52ea-a8eb-c032b91e7624,47cf05e4-91f5-521d-bda8-cbffa2e9ae71,85089751-1589-5855-a936-d50f21c8d8d4,3390,3534,86.0,87.0,145,0.827,4.1687,3.1435,5.1844,10.97,0.3396,1.0574,25.0,normal,high,"Grp2 = oxide (low, >=25.0 sd); Grp1 = oxide (low, >=25.0 sd); Min1 = chlorite-femg (high, 20.1 sd)"
09ATD015,fd02659c-dc3d-52ea-a8eb-c032b91e7624,47cf05e4-91f5-521d-bda8-cbffa2e9ae71,85089751-1589-5855-a936-d50f21c8d8d4,3535,3696,87.0,88.0,162,0.823,4.4189,3.0187,5.7586,17.51,0.3446,1.0197,25.0,normal,high,"Grp1 = oxide (low, >=25.0 sd); Grp2 = oxide (low, >=25.0 sd); Min1 = aspectral (low, 22.4 sd)"
09ATD015,fd02659c-dc3d-52ea-a8eb-c032b91e7624,47cf05e4-91f5-521d-bda8-cbffa2e9ae71,85089751-1589-5855-a936-d50f21c8d8d4,3697,3837,88.0,89.0,141,0.823,4.4145,3.5332,14.2554,27.96,0.3475,1.3341,25.0,normal,high,"Grp2 = oxide (low, >=25.0 sd); Grp1 = oxide (low, >=25.0 sd); Min1 = aspectral (low, 23.6 sd)"
09ATD015,fd02659c-dc3d-52ea-a8eb-c032b91e7624,47cf05e4-91f5-521d-bda8-cbffa2e9ae71,85089751-1589-5855-a936-d50f21c8d8d4,3838,3985,89.0,90.0,148,0.823,4.5513,7.1215,10.542,31.05,0.344,2.1755,25.0,normal,high,"Grp1 = oxide (low, >=25.0 sd); Min1 = chlorite-fe (high, >=25.0 sd); Min1 = aspectral (low, >=25.0 sd)"
09ATD015,fd02659c-dc3d-52ea-a8eb-c032b91e7624,47cf05e4-91f5-521d-bda8-cbffa2e9ae71,85089751-1589-5855-a936-d50f21c8d8d4,3986,4146,90.0,91.0,161,0.823,4.575,7.1877,10.8745,32.19,0.3465,2.2406,25.0,normal,high,"Grp2 = oxide (low, >=25.0 sd); Min1 = aspectral (low, >=25.0 sd); Min1 = chlorite-fe (high, >=25.0 sd)"
09ATD015,fd02659c-dc3d-52ea-a8eb-c032b91e7624,47cf05e4-91f5-521d-bda8-cbffa2e9ae71,85089751-1589-5855-a936-d50f21c8d8d4,4147,4289,91.0,92.0,143,0.823,4.4282,7.0429,11.0668,31.57,0.3494,2.0192,25.0,normal,high,"Grp2 = oxide (low, >=25.0 sd); Grp1 = oxide (low, >=25.0 sd); Min1 = chlorite-fe (high, >=25.0 sd)"
09ATD015,fd02659c-dc3d-52ea-a8eb-c032b91e7624,47cf05e4-91f5-521d-bda8-cbffa2e9ae71,85089751-1589-5855-a936-d50f21c8d8d4,4290,4428,92.0,93.0,139,0.823,4.5405,7.0929,10.2675,31.57,0.3475,2.136,25.0,normal,high,"Grp1 = oxide (low, >=25.0 sd); Grp2 = oxide (low, >=25.0 sd); Min1 = chlorite-fe (high, >=25.0 sd)"
09ATD015,fd02659c-dc3d-52ea-a8eb-c032b91e7624,47cf05e4-91f5-521d-bda8-cbffa2e9ae71,85089751-1589-5855-a936-d50f21c8d8d4,4429,4576,93.0,94.0,148,0.823,4.6024,6.8084,9.9911,30.11,0.3434,2.0754,25.0,normal,high,"Grp1 = oxide (low, >=25.0 sd); Grp2 = oxide (low, >=25.0 sd); Min1 = chlorite-fe (high, 24.7 sd)"
09ATD015,fd02659c-dc3d-52ea-a8eb-c032b91e7624,47cf05e4-91f5-521d-bda8-cbffa2e9ae71,85089751-1589-5855-a936-d50f21c8d8d4,4577,4729,94.0,95.0,153,0.823,4.3607,3.897,7.7042,23.06,0.3487,1.5073,25.0,normal,high,"Grp1 = oxide (low, >=25.0 sd); Grp2 = oxide (low, >=25.0 sd); Min1 = aspectral (low, 23.2 sd)"
09ATD015,fd02659c-dc3d-52ea-a8eb-c032b91e7624,47cf05e4-91f5-521d-bda8-cbffa2e9ae71,85089751-1589-5855-a936-d50f21c8d8d4,4730,4869,95.0,96.0,140,0.815,4.335,3.5877,6.4895,19.39,0.3435,1.367,25.0,normal,high,"Min1 = aspectral (low, >=25.0 sd); Grp2 = oxide (low, >=25.0 sd); Grp1 = oxide (low, >=25.0 sd)"
09ATD015,fd02659c-dc3d-52ea-a8eb-c032b91e7624,47cf05e4-91f5-521d-bda8-cbffa2e9ae71,85089751-1589-5855-a936-d50f21c8d8d4,4870,5037,96.0,97.0,168,0.823,4.4165,3.0203,6.6278,18.49,0.3441,1.1349,25.0,normal,high,"Grp1 = oxide (low, >=25.0 sd); Grp2 = oxide (low, >=25.0 sd); Min1 = aspectral (low, 24.4 sd)"
09ATD015,fd02659c-dc3d-52ea-a8eb-c032b91e7624,47cf05e4-91f5-521d-bda8-cbffa2e9ae71,85089751-1589-5855-a936-d50f21c8d8d4,5038,5182,97.0,98.0,145,0.823,4.2725,2.8186,5.4606,11.99,0.3392,1.0728,25.0,normal,high,"Grp2 = oxide (low, >=25.0 sd); Grp1 = oxide (low, >=25.0 sd); Min1 = aspectral (low, 22.4 sd)"
09ATD015,fd02659c-dc3d-52ea-a8eb-c032b91e7624,47cf05e4-91f5-521d-bda8-cbffa2e9ae71,85089751-1589-5855-a936-d50f21c8d8d4,5183,5336,98.0,99.0,154,0.827,4.3686,3.1156,8.7196,23.06,0.3591,1.3617,25.0,normal,high,"Grp2 = oxide (low, >=25.0 sd); Grp1 = oxide (low, >=25.0 sd); Min1 = aspectral (low, 25.0 sd)"
09ATD015,fd02659c-dc3d-52ea-a8eb-c032b91e7624,47cf05e4-91f5-521d-bda8-cbffa2e9ae71,85089751-1589-5855-a936-d50f21c8d8d4,5337,5486,99.0,100.0,150,0.835,4.3501,3.2612,9.1618,23.94,0.3583,1.2456,25.0,normal,high,"Grp2 = oxide (low, >=25.0 sd); Grp1 = oxide (low, >=25.0 sd); Min1 = aspectral (low, 22.3 sd)"
09ATD015,fd02659c-dc3d-52ea-a8eb-c032b91e7624,47cf05e4-91f5-521d-bda8-cbffa2e9ae71,85089751-1589-5855-a936-d50f21c8d8d4,5487,5632,100.0,101.0,146,0.823,4.3636,3.5576,4.8882,15.45,0.3384,1.0339,25.0,normal,high,"Grp1 = oxide (low, >=25.0 sd); Grp2 = oxide (low, >=25.0 sd); Min1 = chlorite-femg (high, 20.6 sd)"
09ATD015,fd02659c-dc3d-52ea-a8eb-c032b91e7624,47cf05e4-91f5-521d-bda8-cbffa2e9ae71,85089751-1589-5855-a936-d50f21c8d8d4,5633,5783,101.0,102.0,151,0.823,4.2921,2.5346,4.3164,8.67,0.3357,0.9704,25.0,normal,high,"Grp2 = oxide (low, >=25.0 sd); Grp1 = oxide (low, >=25.0 sd); Min1 = aspectral (low, 22.2 sd)"
09ATD015,fd02659c-dc3d-52ea-a8eb-c032b91e7624,47cf05e4-91f5-521d-bda8-cbffa2e9ae71,85089751-1589-5855-a936-d50f21c8d8d4,5784,5932,102.0,103.0,149,0.823,4.3475,3.2118,5.4148,14.89,0.3393,1.0002,25.0,normal,high,"Grp2 = oxide (low, >=25.0 sd); Grp1 = oxide (low, >=25.0 sd); Min1 = aspectral (low, 21.8 sd)"
09ATD015,fd02659c-dc3d-52ea-a8eb-c032b91e7624,47cf05e4-91f5-521d-bda8-cbffa2e9ae71,85089751-1589-5855-a936-d50f21c8d8d4,5933,6089,103.0,104.0,157,0.825,4.4041,3.1558,9.9617,24.37,0.3561,1.1875,25.0,normal,high,"Grp1 = oxide (low, >=25.0 sd); Grp2 = oxide (low, >=25.0 sd); Min1 = aspectral (low, 24.8 sd)"
09ATD015,fd02659c-dc3d-52ea-a8eb-c032b91e7624,47cf05e4-91f5-521d-bda8-cbffa2e9ae71,85089751-1589-5855-a936-d50f21c8d8d4,6090,6234,104.0,105.0,145,0.823,4.5358,3.7304,24.0309,40.22,0.3481,1.7046,25.0,normal,high,"Grp1 = oxide (low, >=25.0 sd); Grp2 = oxide (low, >=25.0 sd); Min1 = aspectral (low, >=25.0 sd)"
09ATD015,fd02659c-dc3d-52ea-a8eb-c032b91e7624,47cf05e4-91f5-521d-bda8-cbffa2e9ae71,85089751-1589-5855-a936-d50f21c8d8d4,6235,6386,105.0,106.0,152,0.827,4.4482,3.3438,8.3457,23.54,0.3491,1.0863,25.0,normal,high,"Grp2 = oxide (low, >=25.0 sd); Grp1 = oxide (low, >=25.0 sd); Min1 = aspectral (low, 23.7 sd)"
09ATD015,fd02659c-dc3d-52ea-a8eb-c032b91e7624,47cf05e4-91f5-521d-bda8-cbffa2e9ae71,85089751-1589-5855-a936-d50f21c8d8d4,6387,6550,106.0,107.0,164,0.823,4.433,3.2388,8.081,22.33,0.3475,1.1475,25.0,normal,high,"Grp2 = oxide (low, >=25.0 sd); Min1 = aspectral (low, >=25.0 sd); Grp1 = oxide (low, >=25.0 sd)"
09ATD015,fd02659c-dc3d-52ea-a8eb-c032b91e7624,47cf05e4-91f5-521d-bda8-cbffa2e9ae71,85089751-1589-5855-a936-d50f21c8d8d4,6551,6709,107.0,108.0,159,0.823,4.4633,3.3378,8.8517,23.79,0.3479,1.1273,25.0,normal,high,"Grp2 = oxide (low, >=25.0 sd); Grp1 = oxide (low, >=25.0 sd); Min1 = aspectral (low, 24.0 sd)"
09ATD015,fd02659c-dc3d-52ea-a8eb-c032b91e7624,47cf05e4-91f5-521d-bda8-cbffa2e9ae71,85089751-1589-5855-a936-d50f21c8d8d4,6710,6898,108.0,109.0,189,0.827,4.597,3.6162,8.9287,28.57,0.3673,1.2714,25.0,normal,high,"Grp1 = oxide (low, >=25.0 sd); Grp2 = oxide (low, >=25.0 sd); Min1 = aspectral (low, 24.5 sd)"
09ATD015,fd02659c-dc3d-52ea-a8eb-c032b91e7624,47cf05e4-91f5-521d-bda8-cbffa2e9ae71,85089751-1589-5855-a936-d50f21c8d8d4,6899,7048,109.0,110.0,150,0.827,4.2581,3.5593,7.5088,19.89,0.3473,1.1586,25.0,normal,high,"Grp2 = oxide (low, >=25.0 sd); Grp1 = oxide (low, >=25.0 sd); Min1 = aspectral (low, 20.4 sd)"
09ATD015,fd02659c-dc3d-52ea-a8eb-c032b91e7624,47cf05e4-91f5-521d-bda8-cbffa2e9ae71,85089751-1589-5855-a936-d50f21c8d8d4,7049,7188,110.0,111.0,140,0.823,4.427,3.5821,4.8212,18.12,0.3427,1.0379,25.0,normal,high,"Grp1 = oxide (low, >=25.0 sd); Grp2 = oxide (low, >=25.0 sd); Min1 = aspectral (low, 24.1 sd)"
09ATD015,fd02659c-dc3d-52ea-a8eb-c032b91e7624,47cf05e4-91f5-521d-bda8-cbffa2e9ae71,85089751-1589-5855-a936-d50f21c8d8d4,7189,7340,111.0,112.0,152,0.823,4.331,3.1063,5.7426,16.18,0.3434,1.0292,25.0,normal,high,"Grp2 = oxide (low, >=25.0 sd); Grp1 = oxide (low, >=25.0 sd); Min1 = aspectral (low, 22.5 sd)"
09ATD015,fd02659c-dc3d-52ea-a8eb-c032b91e7624,47cf05e4-91f5-521d-bda8-cbffa2e9ae71,85089751-1589-5855-a936-d50f21c8d8d4,7341,7482,112.0,113.0,142,0.823,4.428,3.4987,6.7385,20.89,0.3441,1.0653,25.0,normal,high,"Grp2 = oxide (low, >=25.0 sd); Grp1 = oxide (low, >=25.0 sd); Min1 = aspectral (low, 24.3 sd)"
09ATD015,fd02659c-dc3d-52ea-a8eb-c032b91e7624,47cf05e4-91f5-521d-bda8-cbffa2e9ae71,85089751-1589-5855-a936-d50f21c8d8d4,7483,7632,113.0,114.0,150,0.823,4.3852,3.376,6.4393,19.41,0.3442,1.0663,25.0,normal,high,"Min1 = aspectral (low, >=25.0 sd); Grp2 = oxide (low, >=25.0 sd); Grp1 = oxide (low, >=25.0 sd)"
09ATD015,fd02659c-dc3d-52ea-a8eb-c032b91e7624,47cf05e4-91f5-521d-bda8-cbffa2e9ae71,85089751-1589-5855-a936-d50f21c8d8d4,7633,7800,114.0,115.0,168,0.827,4.5043,3.2148,9.9891,25.63,0.3544,1.1366,25.0,normal,high,"Grp2 = oxide (low, >=25.0 sd); Grp1 = oxide (low, >=25.0 sd); Min1 = aspectral (low, 24.0 sd)"
09ATD015,fd02659c-dc3d-52ea-a8eb-c032b91e7624,47cf05e4-91f5-521d-bda8-cbffa2e9ae71,85089751-1589-5855-a936-d50f21c8d8d4,7801,7980,115.0,116.0,180,0.823,4.4667,3.3544,6.9857,23.48,0.3579,1.1734,25.0,normal,high,"Grp2 = oxide (low, >=25.0 sd); Grp1 = oxide (low, >=25.0 sd); Min1 = aspectral (low, 22.6 sd)"
09ATD015,fd02659c-dc3d-52ea-a8eb-c032b91e7624,47cf05e4-91f5-521d-bda8-cbffa2e9ae71,85089751-1589-5855-a936-d50f21c8d8d4,7981,8117,116.0,117.0,137,0.823,4.0844,4.6463,5.7541,16.62,0.3486,1.2414,25.0,normal,high,"Grp2 = oxide (low, >=25.0 sd); Grp1 = oxide (low, >=25.0 sd); Min1 = chlorite-femg (high, 17.8 sd)"
09ATD015,fd02659c-dc3d-52ea-a8eb-c032b91e7624,47cf05e4-91f5-521d-bda8-cbffa2e9ae71,85089751-1589-5855-a936-d50f21c8d8d4,8118,8279,117.0,118.0,162,0.823,4.4411,3.3976,5.589,19.12,0.3441,1.0041,25.0,normal,high,"Grp2 = oxide (low, >=25.0 sd); Grp1 = oxide (low, >=25.0 sd); Min1 = aspectral (low, 21.4 sd)"
09ATD015,fd02659c-dc3d-52ea-a8eb-c032b91e7624,47cf05e4-91f5-521d-bda8-cbffa2e9ae71,85089751-1589-5855-a936-d50f21c8d8d4,8280,8425,118.0,119.0,146,0.827,4.1535,2.7693,9.5873,18.02,0.3546,1.5832,25.0,normal,high,"Grp1 = oxide (low, >=25.0 sd); Grp2 = oxide (low, >=25.0 sd); Min1 = aspectral (low, 22.8 sd)"
09ATD015,fd02659c-dc3d-52ea-a8eb-c032b91e7624,47cf05e4-91f5-521d-bda8-cbffa2e9ae71,85089751-1589-5855-a936-d50f21c8d8d4,8426,8564,119.0,120.0,139,0.823,4.3763,3.3287,5.7067,16.7,0.3409,1.0221,25.0,normal,high,"Grp2 = oxide (low, >=25.0 sd); Grp1 = oxide (low, >=25.0 sd); Min1 = aspectral (low, 24.3 sd)"
09ATD015,fd02659c-dc3d-52ea-a8eb-c032b91e7624,47cf05e4-91f5-521d-bda8-cbffa2e9ae71,85089751-1589-5855-a936-d50f21c8d8d4,8565,8727,120.0,121.0,163,0.823,4.4282,4.7038,7.8419,24.46,0.346,1.6901,25.0,normal,high,"Grp1 = oxide (low, >=25.0 sd); Grp2 = oxide (low, >=25.0 sd); Min1 = aspectral (low, 23.9 sd)"
09ATD015,fd02659c-dc3d-52ea-a8eb-c032b91e7624,47cf05e4-91f5-521d-bda8-cbffa2e9ae71,85089751-1589-5855-a936-d50f21c8d8d4,8728,8883,121.0,122.0,156,0.823,4.5827,7.1602,10.6236,31.88,0.3456,2.1321,25.0,normal,high,"Min1 = chlorite-fe (high, >=25.0 sd); Grp2 = oxide (low, >=25.0 sd); Grp1 = oxide (low, >=25.0 sd)"
09ATD015,fd02659c-dc3d-52ea-a8eb-c032b91e7624,47cf05e4-91f5-521d-bda8-cbffa2e9ae71,85089751-1589-5855-a936-d50f21c8d8d4,8884,9197,122.0,123.0,314,0.823,5.1721,6.1795,12.4402,43.93,0.3871,2.7316,25.0,normal,high,"Min2 = goethite (low, >=25.0 sd); Min1 = aspectral (low, >=25.0 sd); Grp2 = oxide (low, >=25.0 sd)"
09ATD015,fd02659c-dc3d-52ea-a8eb-c032b91e7624,47cf05e4-91f5-521d-bda8-cbffa2e9ae71,85089751-1589-5855-a936-d50f21c8d8d4,9198,9353,123.0,124.0,156,0.829,4.2029,3.9565,7.3401,19.43,0.3468,1.1537,25.0,normal,high,"Grp2 = oxide (low, >=25.0 sd); Grp1 = oxide (low, >=25.0 sd); Min2 = goethite (low, 18.6 sd)"
09ATD015,fd02659c-dc3d-52ea-a8eb-c032b91e7624,47cf05e4-91f5-521d-bda8-cbffa2e9ae71,85089751-1589-5855-a936-d50f21c8d8d4,9354,9497,124.0,125.0,144,0.827,4.2672,4.0311,6.323,17.62,0.3408,1.1327,25.0,normal,high,"Grp2 = oxide (low, >=25.0 sd); Grp1 = oxide (low, >=25.0 sd); Min1 = chlorite-femg (high, 20.0 sd)"
09ATD015,fd02659c-dc3d-52ea-a8eb-c032b91e7624,47cf05e4-91f5-521d-bda8-cbffa2e9ae71,85089751-1589-5855-a936-d50f21c8d8d4,9498,9661,125.0,126.0,164,0.823,4.2931,3.7327,7.2409,19.29,0.3425,1.0704,25.0,normal,high,"Grp1 = oxide (low, >=25.0 sd); Grp2 = oxide (low, >=25.0 sd); Min2 = goethite (low, 19.0 sd)"
09ATD015,fd02659c-dc3d-52ea-a8eb-c032b91e7624,47cf05e4-91f5-521d-bda8-cbffa2e9ae71,85089751-1589-5855-a936-d50f21c8d8d4,9662,9799,126.0,127.0,138,0.827,4.3067,3.5073,6.466,19.83,0.3484,1.0363,25.0,normal,high,"Grp2 = oxide (low, >=25.0 sd); Grp1 = oxide (low, >=25.0 sd); Min1 = aspectral (low, 21.1 sd)"
09ATD015,fd02659c-dc3d-52ea-a8eb-c032b91e7624,47cf05e4-91f5-521d-bda8-cbffa2e9ae71,85089751-1589-5855-a936-d50f21c8d8d4,9800,9942,127.0,128.0,143,0.823,4.0733,2.2039,4.912,5.78,0.3379,1.0375,25.0,normal,high,"Grp2 = oxide (low, >=25.0 sd); Grp1 = oxide (low, >=25.0 sd); Min1 = chlorite-femg (high, 19.1 sd)"
09ATD015,fd02659c-dc3d-52ea-a8eb-c032b91e7624,47cf05e4-91f5-521d-bda8-cbffa2e9ae71,85089751-1589-5855-a936-d50f21c8d8d4,9943,10086,128.0,129.0,144,0.823,4.2395,4.2566,6.307,17.22,0.3409,1.1645,25.0,normal,high,"Grp2 = oxide (low, >=25.0 sd); Grp1 = oxide (low, >=25.0 sd); Min1 = chlorite-femg (high, 19.6 sd)"
09ATD015,fd02659c-dc3d-52ea-a8eb-c032b91e7624,47cf05e4-91f5-521d-bda8-cbffa2e9ae71,85089751-1589-5855-a936-d50f21c8d8d4,10087,10262,129.0,130.0,176,0.827,4.4217,3.9062,9.6204,27.29,0.3589,1.5579,25.0,normal,high,"Grp2 = oxide (low, >=25.0 sd); Min1 = aspectral (low, >=25.0 sd); Grp1 = oxide (low, >=25.0 sd)"
09ATD015,fd02659c-dc3d-52ea-a8eb-c032b91e7624,47cf05e4-91f5-521d-bda8-cbffa2e9ae71,85089751-1589-5855-a936-d50f21c8d8d4,10263,10408,130.0,131.0,146,0.823,4.118,2.8509,6.6394,9.9,0.337,1.074,25.0,normal,high,"Grp2 = oxide (low, >=25.0 sd); Grp1 = oxide (low, >=25.0 sd); Min1 = chlorite-femg (high, 20.2 sd)"
09ATD015,fd02659c-dc3d-52ea-a8eb-c032b91e7624,47cf05e4-91f5-521d-bda8-cbffa2e9ae71,85089751-1589-5855-a936-d50f21c8d8d4,10409,10548,131.0,132.0,140,0.823,4.1191,3.2994,11.1885,19.14,0.3449,1.6224,25.0,normal,high,"Grp2 = oxide (low, >=25.0 sd); Grp1 = oxide (low, >=25.0 sd); Min1 = aspectral (low, 20.2 sd)"
09ATD015,fd02659c-dc3d-52ea-a8eb-c032b91e7624,47cf05e4-91f5-521d-bda8-cbffa2e9ae71,85089751-1589-5855-a936-d50f21c8d8d4,10549,10693,132.0,133.0,145,0.823,4.0345,4.3426,6.8366,14.85,0.3419,1.2495,25.0,normal,high,"Grp2 = oxide (low, >=25.0 sd); Grp1 = oxide (low, >=25.0 sd); Min1 = chlorite-femg (high, 18.6 sd)"
09ATD015,fd02659c-dc3d-52ea-a8eb-c032b91e7624,47cf05e4-91f5-521d-bda8-cbffa2e9ae71,85089751-1589-5855-a936-d50f21c8d8d4,10694,10841,133.0,134.0,148,0.823,4.2549,3.7381,9.4308,20.75,0.3422,1.217,25.0,normal,high,"Grp1 = oxide (low, >=25.0 sd); Grp2 = oxide (low, >=25.0 sd); Min1 = chlorite-femg (high, 18.7 sd)"
09ATD015,fd02659c-dc3d-52ea-a8eb-c032b91e7624,47cf05e4-91f5-521d-bda8-cbffa2e9ae71,85089751-1589-5855-a936-d50f21c8d8d4,10842,10982,134.0,135.0,141,0.823,4.2116,3.2624,5.91,13.14,0.3385,1.031,25.0,normal,high,"Grp2 = oxide (low, >=25.0 sd); Grp1 = oxide (low, >=25.0 sd); Min1 = chlorite-femg (high, 19.3 sd)"
09ATD015,fd02659c-dc3d-52ea-a8eb-c032b91e7624,47cf05e4-91f5-521d-bda8-cbffa2e9ae71,85089751-1589-5855-a936-d50f21c8d8d4,10983,11129,135.0,136.0,147,0.823,4.2256,3.7474,5.3496,14.12,0.3387,1.077,25.0,normal,high,"Grp2 = oxide (low, >=25.0 sd); Grp1 = oxide (low, >=25.0 sd); Min1 = chlorite-femg (high, 18.8 sd)"
09ATD015,fd02659c-dc3d-52ea-a8eb-c032b91e7624,47cf05e4-91f5-521d-bda8-cbffa2e9ae71,85089751-1589-5855-a936-d50f21c8d8d4,11130,11274,136.0,137.0,145,0.823,4.3267,2.9959,4.4693,11.03,0.3354,0.9804,25.0,normal,high,"Grp2 = oxide (low, >=25.0 sd); Grp1 = oxide (low, >=25.0 sd); Min1 = aspectral (low, 22.7 sd)"
09ATD015,fd02659c-dc3d-52ea-a8eb-c032b91e7624,47cf05e4-91f5-521d-bda8-cbffa2e9ae71,85089751-1589-5855-a936-d50f21c8d8d4,11275,11420,137.0,138.0,146,0.823,4.228,3.2382,6.3954,12.74,0.3361,1.0063,25.0,normal,high,"Grp2 = oxide (low, >=25.0 sd); Grp1 = oxide (low, >=25.0 sd); Min1 = aspectral (low, 23.2 sd)"
09ATD015,fd02659c-dc3d-52ea-a8eb-c032b91e7624,47cf05e4-91f5-521d-bda8-cbffa2e9ae71,85089751-1589-5855-a936-d50f21c8d8d4,11421,11599,138.0,139.0,179,0.823,4.3131,2.709,6.6504,16.87,0.3484,1.2075,25.0,normal,high,"Grp1 = oxide (low, >=25.0 sd); Grp2 = oxide (low, >=25.0 sd); Min2 = goethite (low, 19.9 sd)"
09ATD015,fd02659c-dc3d-52ea-a8eb-c032b91e7624,47cf05e4-91f5-521d-bda8-cbffa2e9ae71,85089751-1589-5855-a936-d50f21c8d8d4,11600,11746,139.0,140.0,147,0.823,4.3104,2.7567,4.4107,9.53,0.3352,0.9709,25.0,normal,high,"Grp1 = oxide (low, >=25.0 sd); Grp2 = oxide (low, >=25.0 sd); Min1 = aspectral (low, 23.7 sd)"
09ATD015,fd02659c-dc3d-52ea-a8eb-c032b91e7624,47cf05e4-91f5-521d-bda8-cbffa2e9ae71,85089751-1589-5855-a936-d50f21c8d8d4,11747,11903,140.0,141.0,157,0.829,4.3932,2.7092,8.2899,19.1,0.345,1.121,25.0,normal,high,"Grp2 = oxide (low, >=25.0 sd); Grp1 = oxide (low, >=25.0 sd); Min1 = aspectral (low, 22.1 sd)"
09ATD015,fd02659c-dc3d-52ea-a8eb-c032b91e7624,47cf05e4-91f5-521d-bda8-cbffa2e9ae71,85089751-1589-5855-a936-d50f21c8d8d4,11904,12052,141.0,142.0,149,0.823,4.1045,2.5648,5.5514,7.05,0.3368,1.0471,25.0,normal,high,"Grp2 = oxide (low, >=25.0 sd); Grp1 = oxide (low, >=25.0 sd); Min1 = chlorite-femg (high, 18.8 sd)"
09ATD015,fd02659c-dc3d-52ea-a8eb-c032b91e7624,47cf05e4-91f5-521d-bda8-cbffa2e9ae71,85089751-1589-5855-a936-d50f21c8d8d4,12053,12191,142.0,143.0,139,0.823,4.2492,3.1494,4.6526,11.26,0.338,0.9944,25.0,normal,high,"Grp1 = oxide (low, >=25.0 sd); Grp2 = oxide (low, >=25.0 sd); Min1 = chlorite-femg (high, 20.1 sd)"
09ATD015,fd02659c-dc3d-52ea-a8eb-c032b91e7624,47cf05e4-91f5-521d-bda8-cbffa2e9ae71,85089751-1589-5855-a936-d50f21c8d8d4,12192,12337,143.0,144.0,146,0.823,4.1717,3.4653,5.7258,11.61,0.3355,1.0641,25.0,normal,high,"Grp1 = oxide (low, >=25.0 sd); Grp2 = oxide (low, >=25.0 sd); Min1 = chlorite-femg (high, 19.7 sd)"
09ATD015,fd02659c-dc3d-52ea-a8eb-c032b91e7624,47cf05e4-91f5-521d-bda8-cbffa2e9ae71,85089751-1589-5855-a936-d50f21c8d8d4,12338,12497,144.0,145.0,160,0.823,4.3863,3.1167,5.2947,14.8,0.3396,0.9949,25.0,normal,high,"Grp1 = oxide (low, >=25.0 sd); Grp2 = oxide (low, >=25.0 sd); Min1 = aspectral (low, 21.4 sd)"
09ATD015,fd02659c-dc3d-52ea-a8eb-c032b91e7624,47cf05e4-91f5-521d-bda8-cbffa2e9ae71,85089751-1589-5855-a936-d50f21c8d8d4,12498,12637,145.0,146.0,140,0.827,4.015,3.0733,5.8473,10.34,0.3437,1.1105,25.0,normal,high,"Grp2 = oxide (low, >=25.0 sd); Grp1 = oxide (low, >=25.0 sd); Min1 = chlorite-femg (high, 19.6 sd)"
09ATD015,fd02659c-dc3d-52ea-a8eb-c032b91e7624,47cf05e4-91f5-521d-bda8-cbffa2e9ae71,85089751-1589-5855-a936-d50f21c8d8d4,12638,12780,146.0,147.0,143,0.823,4.1122,2.1796,5.1534,6.15,0.3363,1.0012,25.0,normal,high,"Grp2 = oxide (low, >=25.0 sd); Grp1 = oxide (low, >=25.0 sd); Min1 = chlorite-femg (high, 19.7 sd)"
09ATD015,fd02659c-dc3d-52ea-a8eb-c032b91e7624,47cf05e4-91f5-521d-bda8-cbffa2e9ae71,85089751-1589-5855-a936-d50f21c8d8d4,12781,12943,147.0,148.0,163,0.827,4.3239,3.4496,7.5597,21.16,0.3485,1.1032,25.0,normal,high,"Grp2 = oxide (low, >=25.0 sd); Grp1 = oxide (low, >=25.0 sd); Min2 = goethite (low, 19.0 sd)"
09ATD015,fd02659c-dc3d-52ea-a8eb-c032b91e7624,47cf05e4-91f5-521d-bda8-cbffa2e9ae71,85089751-1589-5855-a936-d50f21c8d8d4,12944,13091,148.0,149.0,148,0.825,4.2011,3.8956,5.946,14.14,0.3369,1.1206,25.0,normal,high,"Grp2 = oxide (low, >=25.0 sd); Grp1 = oxide (low, >=25.0 sd); Min1 = chlorite-femg (high, 20.3 sd)"
09ATD015,fd02659c-dc3d-52ea-a8eb-c032b91e7624,47cf05e4-91f5-521d-bda8-cbffa2e9ae71,85089751-1589-5855-a936-d50f21c8d8d4,13092,13243,149.0,150.0,152,0.823,4.1625,2.2801,4.5715,6.32,0.3361,1.0397,25.0,normal,high,"Grp1 = oxide (low, >=25.0 sd); Grp2 = oxide (low, >=25.0 sd); Min1 = chlorite-femg (high, 19.7 sd)"
09ATD015,fd02659c-dc3d-52ea-a8eb-c032b91e7624,47cf05e4-91f5-521d-bda8-cbffa2e9ae71,85089751-1589-5855-a936-d50f21c8d8d4,13244,13395,150.0,151.0,152,0.825,4.0819,2.1797,6.0179,7.8,0.3388,1.0772,25.0,normal,high,"Grp1 = oxide (low, >=25.0 sd); Grp2 = oxide (low, >=25.0 sd); Min1 = chlorite-femg (high, 18.5 sd)"
09ATD015,fd02659c-dc3d-52ea-a8eb-c032b91e7624,47cf05e4-91f5-521d-bda8-cbffa2e9ae71,85089751-1589-5855-a936-d50f21c8d8d4,13396,13532,151.0,152.0,137,0.831,3.937,3.9549,6.7912,16.64,0.3581,1.0941,25.0,normal,high,"Grp1 = oxide (low, >=25.0 sd); Grp2 = oxide (low, >=25.0 sd); Min1 = chlorite-femg (high, 19.2 sd)"
09ATD015,fd02659c-dc3d-52ea-a8eb-c032b91e7624,47cf05e4-91f5-521d-bda8-cbffa2e9ae71,85089751-1589-5855-a936-d50f21c8d8d4,13533,13673,152.0,153.0,141,0.823,3.9907,2.9766,8.5069,11.38,0.34,1.1497,25.0,normal,high,"Grp2 = oxide (low, >=25.0 sd); Grp1 = oxide (low, >=25.0 sd); Min1 = chlorite-femg (high, 19.7 sd)"
09ATD015,fd02659c-dc3d-52ea-a8eb-c032b91e7624,47cf05e4-91f5-521d-bda8-cbffa2e9ae71,85089751-1589-5855-a936-d50f21c8d8d4,13674,13816,153.0,154.0,143,0.823,4.1085,5.4681,7.4241,19.35,0.3461,1.0731,25.0,normal,high,"Grp2 = oxide (low, >=25.0 sd); Grp1 = oxide (low, >=25.0 sd); Min1 = chlorite-femg (high, 19.3 sd)"
09ATD015,fd02659c-dc3d-52ea-a8eb-c032b91e7624,47cf05e4-91f5-521d-bda8-cbffa2e9ae71,85089751-1589-5855-a936-d50f21c8d8d4,13817,13965,154.0,155.0,149,0.823,4.1702,5.2951,5.6565,15.83,0.3399,1.0493,25.0,normal,high,"Grp1 = oxide (low, >=25.0 sd); Grp2 = oxide (low, >=25.0 sd); Min1 = chlorite-femg (high, 19.0 sd)"
09ATD015,fd02659c-dc3d-52ea-a8eb-c032b91e7624,47cf05e4-91f5-521d-bda8-cbffa2e9ae71,85089751-1589-5855-a936-d50f21c8d8d4,13966,14106,155.0,156.0,141,0.823,4.368,6.8931,6.7368,24.46,0.3422,1.0305,25.0,normal,high,"Grp2 = oxide (low, >=25.0 sd); Grp1 = oxide (low, >=25.0 sd); Min2 = muscovite (high, 24.4 sd)"
09ATD015,fd02659c-dc3d-52ea-a8eb-c032b91e7624,47cf05e4-91f5-521d-bda8-cbffa2e9ae71,85089751-1589-5855-a936-d50f21c8d8d4,14107,14280,156.0,157.0,174,0.823,4.4731,5.9952,9.1929,29.15,0.352,1.0614,25.0,normal,high,"Grp1 = oxide (low, >=25.0 sd); Grp2 = oxide (low, >=25.0 sd); Min1 = aspectral (low, 20.0 sd)"
09ATD015,fd02659c-dc3d-52ea-a8eb-c032b91e7624,47cf05e4-91f5-521d-bda8-cbffa2e9ae71,85089751-1589-5855-a936-d50f21c8d8d4,14281,14429,157.0,158.0,149,0.825,4.1204,5.6736,7.2027,19.75,0.3464,1.1863,25.0,normal,high,"Grp2 = oxide (low, >=25.0 sd); Grp1 = oxide (low, >=25.0 sd); Min1 = chlorite-femg (high, 19.6 sd)"
09ATD015,fd02659c-dc3d-52ea-a8eb-c032b91e7624,47cf05e4-91f5-521d-bda8-cbffa2e9ae71,85089751-1589-5855-a936-d50f21c8d8d4,14430,14581,158.0,159.0,152,0.823,4.1331,2.8852,6.0604,9.65,0.3369,1.0161,25.0,normal,high,"Grp1 = oxide (low, >=25.0 sd); Grp2 = oxide (low, >=25.0 sd); Min1 = chlorite-femg (high, 20.1 sd)"
09ATD015,fd02659c-dc3d-52ea-a8eb-c032b91e7624,47cf05e4-91f5-521d-bda8-cbffa2e9ae71,85089751-1589-5855-a936-d50f21c8d8d4,14582,14726,159.0,160.0,145,0.827,4.1033,3.3806,6.1486,12.09,0.3391,1.0849,25.0,normal,high,"Grp1 = oxide (low, >=25.0 sd); Grp2 = oxide (low, >=25.0 sd); Min1 = chlorite-femg (high, 19.0 sd)"
09ATD015,fd02659c-dc3d-52ea-a8eb-c032b91e7624,47cf05e4-91f5-521d-bda8-cbffa2e9ae71,85089751-1589-5855-a936-d50f21c8d8d4,14727,14859,160.0,161.0,133,0.823,4.2263,6.3813,9.5846,26.42,0.354,1.1344,25.0,normal,high,"Grp1 = oxide (low, >=25.0 sd); Grp2 = oxide (low, >=25.0 sd); Min2 = hornblende (high, 20.6 sd)"
09ATD015,fd02659c-dc3d-52ea-a8eb-c032b91e7624,47cf05e4-91f5-521d-bda8-cbffa2e9ae71,85089751-1589-5855-a936-d50f21c8d8d4,14860,14996,161.0,162.0,137,0.817,4.0779,3.7478,8.659,15.01,0.3376,1.4051,25.0,normal,high,"Grp1 = oxide (low, >=25.0 sd); Grp2 = oxide (low, >=25.0 sd); Min1 = aspectral (low, 19.7 sd)"
09ATD015,fd02659c-dc3d-52ea-a8eb-c032b91e7624,47cf05e4-91f5-521d-bda8-cbffa2e9ae71,85089751-1589-5855-a936-d50f21c8d8d4,14997,15155,162.0,163.0,159,0.815,4.2457,3.7296,8.9208,17.45,0.3362,1.3856,25.0,normal,high,"Grp2 = oxide (low, >=25.0 sd); Grp1 = oxide (low, >=25.0 sd); Min1 = aspectral (low, 22.5 sd)"
09ATD015,fd02659c-dc3d-52ea-a8eb-c032b91e7624,47cf05e4-91f5-521d-bda8-cbffa2e9ae71,85089751-1589-5855-a936-d50f21c8d8d4,15156,15304,163.0,164.0,149,0.827,4.072,3.2299,7.2822,13.45,0.3423,1.3374,25.0,normal,high,"Grp2 = oxide (low, >=25.0 sd); Grp1 = oxide (low, >=25.0 sd); Min2 = goethite (low, 18.1 sd)"
09ATD015,fd02659c-dc3d-52ea-a8eb-c032b91e7624,47cf05e4-91f5-521d-bda8-cbffa2e9ae71,85089751-1589-5855-a936-d50f21c8d8d4,15305,15492,164.0,165.0,188,0.827,4.6988,7.8803,8.9744,37.76,0.3749,1.1545,25.0,normal,high,"Grp2 = oxide (low, >=25.0 sd); Grp1 = oxide (low, >=25.0 sd); Min2 = hornblende (high, 23.0 sd)"
09ATD015,fd02659c-dc3d-52ea-a8eb-c032b91e7624,47cf05e4-91f5-521d-bda8-cbffa2e9ae71,85089751-1589-5855-a936-d50f21c8d8d4,15493,15636,165.0,166.0,144,0.827,3.9457,4.4223,8.0511,17.43,0.3495,1.1032,25.0,normal,high,"Grp1 = oxide (low, >=25.0 sd); Grp2 = oxide (low, >=25.0 sd); Min2 = goethite (low, 17.8 sd)"
09ATD015,fd02659c-dc3d-52ea-a8eb-c032b91e7624,47cf05e4-91f5-521d-bda8-cbffa2e9ae71,85089751-1589-5855-a936-d50f21c8d8d4,15637,15781,166.0,167.0,145,0.827,4.0473,4.425,8.2976,20.27,0.36,1.0598,25.0,normal,high,"Grp2 = oxide (low, >=25.0 sd); Grp1 = oxide (low, >=25.0 sd); Min2 = goethite (low, 17.9 sd)"
09ATD015,fd02659c-dc3d-52ea-a8eb-c032b91e7624,47cf05e4-91f5-521d-bda8-cbffa2e9ae71,85089751-1589-5855-a936-d50f21c8d8d4,15782,15923,167.0,168.0,142,0.827,4.2695,6.0066,7.0595,25.69,0.3659,1.0972,25.0,normal,high,"Grp1 = oxide (low, >=25.0 sd); Grp2 = oxide (low, >=25.0 sd); Min2 = goethite (low, 17.7 sd)"
09ATD015,fd02659c-dc3d-52ea-a8eb-c032b91e7624,47cf05e4-91f5-521d-bda8-cbffa2e9ae71,85089751-1589-5855-a936-d50f21c8d8d4,15924,16095,168.0,169.0,172,0.835,4.4589,6.1924,10.7215,35.15,0.3797,1.1613,25.0,normal,high,"Grp1 = oxide (low, >=25.0 sd); Grp2 = oxide (low, >=25.0 sd); Min2 = goethite (low, 18.8 sd)"
09ATD015,fd02659c-dc3d-52ea-a8eb-c032b91e7624,47cf05e4-91f5-521d-bda8-cbffa2e9ae71,85089751-1589-5855-a936-d50f21c8d8d4,16096,16245,169.0,170.0,150,0.835,4.6938,8.9864,14.1235,45.29,0.38,1.1951,25.0,normal,high,"Grp2 = amphibole (high, >=25.0 sd); Grp1 = oxide (low, >=25.0 sd); Min2 = hornblende (high, >=25.0 sd)"
09ATD015,fd02659c-dc3d-52ea-a8eb-c032b91e7624,47cf05e4-91f5-521d-bda8-cbffa2e9ae71,85089751-1589-5855-a936-d50f21c8d8d4,16246,16392,170.0,171.0,147,0.827,4.4185,7.0876,12.7691,34.55,0.3643,1.136,25.0,normal,high,"Grp2 = oxide (low, >=25.0 sd); Grp1 = oxide (low, >=25.0 sd); Min2 = hornblende (high, 23.5 sd)"
09ATD015,fd02659c-dc3d-52ea-a8eb-c032b91e7624,47cf05e4-91f5-521d-bda8-cbffa2e9ae71,85089751-1589-5855-a936-d50f21c8d8d4,16393,16546,171.0,172.0,154,0.827,4.2438,5.5727,10.5415,28.63,0.3719,1.1219,25.0,normal,high,"Grp2 = oxide (low, >=25.0 sd); Grp1 = oxide (low, >=25.0 sd); Min2 = hornblende (high, 18.9 sd)"
09ATD015,fd02659c-dc3d-52ea-a8eb-c032b91e7624,47cf05e4-91f5-521d-bda8-cbffa2e9ae71,85089751-1589-5855-a936-d50f21c8d8d4,16547,16700,172.0,173.0,154,0.821,4.0184,3.8307,8.6482,18.64,0.3549,1.1697,25.0,normal,high,"Grp1 = oxide (low, >=25.0 sd); Grp2 = oxide (low, >=25.0 sd); Min2 = goethite (low, 18.4 sd)"
09ATD015,fd02659c-dc3d-52ea-a8eb-c032b91e7624,47cf05e4-91f5-521d-bda8-cbffa2e9ae71,85089751-1589-5855-a936-d50f21c8d8d4,16701,16842,173.0,174.0,142,0.819,4.0226,4.2137,8.0729,17.43,0.3472,1.3755,25.0,normal,high,"Grp2 = oxide (low, >=25.0 sd); Grp1 = oxide (low, >=25.0 sd); Min1 = chlorite-femg (high, 19.1 sd)"
09ATD015,fd02659c-dc3d-52ea-a8eb-c032b91e7624,47cf05e4-91f5-521d-bda8-cbffa2e9ae71,85089751-1589-5855-a936-d50f21c8d8d4,16843,16999,174.0,175.0,157,0.819,4.077,3.6072,7.3642,16.39,0.3467,1.0837,25.0,normal,high,"Grp1 = oxide (low, >=25.0 sd); Grp2 = oxide (low, >=25.0 sd); Min2 = goethite (low, 18.6 sd)"
09ATD015,fd02659c-dc3d-52ea-a8eb-c032b91e7624,47cf05e4-91f5-521d-bda8-cbffa2e9ae71,85089751-1589-5855-a936-d50f21c8d8d4,17000,17145,175.0,176.0,146,0.819,4.0837,3.3134,5.7826,9.88,0.3363,0.9782,25.0,normal,high,"Grp2 = oxide (low, >=25.0 sd); Grp1 = oxide (low, >=25.0 sd); Min1 = chlorite-femg (high, 19.9 sd)"
09ATD015,fd02659c-dc3d-52ea-a8eb-c032b91e7624,47cf05e4-91f5-521d-bda8-cbffa2e9ae71,85089751-1589-5855-a936-d50f21c8d8d4,17146,17287,176.0,177.0,142,0.823,3.8621,3.4461,8.1203,11.97,0.3398,1.2969,25.0,normal,high,"Grp1 = oxide (low, >=25.0 sd); Grp2 = oxide (low, >=25.0 sd); Min2 = goethite (low, 17.7 sd)"
09ATD015,fd02659c-dc3d-52ea-a8eb-c032b91e7624,47cf05e4-91f5-521d-bda8-cbffa2e9ae71,85089751-1589-5855-a936-d50f21c8d8d4,17288,17435,177.0,178.0,148,0.819,3.9459,2.9047,7.8624,8.76,0.3368,1.3472,25.0,normal,high,"Grp2 = oxide (low, >=25.0 sd); Grp1 = oxide (low, >=25.0 sd); Min2 = goethite (low, 18.1 sd)"
09ATD015,fd02659c-dc3d-52ea-a8eb-c032b91e7624,47cf05e4-91f5-521d-bda8-cbffa2e9ae71,85089751-1589-5855-a936-d50f21c8d8d4,17436,17574,178.0,179.0,139,0.829,3.8156,3.6629,8.701,16.47,0.353,1.0898,25.0,normal,high,"Grp1 = oxide (low, >=25.0 sd); Grp2 = oxide (low, >=25.0 sd); Min2 = goethite (low, 17.5 sd)"
09ATD015,fd02659c-dc3d-52ea-a8eb-c032b91e7624,47cf05e4-91f5-521d-bda8-cbffa2e9ae71,85089751-1589-5855-a936-d50f21c8d8d4,17575,17724,179.0,180.0,150,0.821,4.0549,3.1836,5.762,8.28,0.3354,0.982,25.0,normal,high,"Grp2 = oxide (low, >=25.0 sd); Grp1 = oxide (low, >=25.0 sd); Min1 = chlorite-femg (high, 18.7 sd)"
09ATD015,fd02659c-dc3d-52ea-a8eb-c032b91e7624,47cf05e4-91f5-521d-bda8-cbffa2e9ae71,85089751-1589-5855-a936-d50f21c8d8d4,17725,17877,180.0,181.0,153,0.819,4.0872,4.0552,6.9895,17.6,0.3481,1.4258,25.0,normal,high,"Grp2 = oxide (low, >=25.0 sd); Grp1 = oxide (low, >=25.0 sd); Min2 = goethite (low, 18.4 sd)"
09ATD015,fd02659c-dc3d-52ea-a8eb-c032b91e7624,47cf05e4-91f5-521d-bda8-cbffa2e9ae71,85089751-1589-5855-a936-d50f21c8d8d4,17878,18043,181.0,182.0,166,0.823,4.0566,3.5205,13.4985,22.73,0.3591,1.0907,25.0,normal,high,"Grp2 = oxide (low, >=25.0 sd); Grp1 = oxide (low, >=25.0 sd); Min2 = goethite (low, 19.0 sd)"
09ATD015,fd02659c-dc3d-52ea-a8eb-c032b91e7624,47cf05e4-91f5-521d-bda8-cbffa2e9ae71,85089751-1589-5855-a936-d50f21c8d8d4,18044,18186,182.0,183.0,143,0.819,4.013,3.1615,7.0563,12.18,0.3435,1.4565,25.0,normal,high,"Grp1 = oxide (low, >=25.0 sd); Grp2 = oxide (low, >=25.0 sd); Min2 = goethite (low, 17.8 sd)"
09ATD015,fd02659c-dc3d-52ea-a8eb-c032b91e7624,47cf05e4-91f5-521d-bda8-cbffa2e9ae71,85089751-1589-5855-a936-d50f21c8d8d4,18187,18334,183.0,184.0,148,0.819,3.9348,4.3613,13.0671,20.83,0.3486,1.0353,25.0,normal,high,"Grp2 = oxide (low, >=25.0 sd); Grp1 = oxide (low, >=25.0 sd); Min2 = goethite (low, 18.1 sd)"
09ATD015,fd02659c-dc3d-52ea-a8eb-c032b91e7624,47cf05e4-91f5-521d-bda8-cbffa2e9ae71,85089751-1589-5855-a936-d50f21c8d8d4,18335,18470,184.0,185.0,136,0.823,3.9306,6.2455,18.4719,30.69,0.3573,1.1638,25.0,normal,high,"Grp2 = oxide (low, >=25.0 sd); Grp1 = oxide (low, >=25.0 sd); Grp1 = sulphate (high, 18.2 sd)"
09ATD015,fd02659c-dc3d-52ea-a8eb-c032b91e7624,47cf05e4-91f5-521d-bda8-cbffa2e9ae71,85089751-1589-5855-a936-d50f21c8d8d4,18471,18615,185.0,186.0,145,0.835,3.9026,2.6039,11.7195,14.99,0.3501,1.4091,25.0,normal,high,"Grp2 = oxide (low, >=25.0 sd); Grp1 = oxide (low, >=25.0 sd); Min2 = goethite (low, 17.7 sd)"
09ATD015,fd02659c-dc3d-52ea-a8eb-c032b91e7624,47cf05e4-91f5-521d-bda8-cbffa2e9ae71,85089751-1589-5855-a936-d50f21c8d8d4,18616,18765,186.0,187.0,150,0.823,4.0779,3.1566,5.8829,9.86,0.3382,0.9756,25.0,normal,high,"Grp2 = oxide (low, >=25.0 sd); Grp1 = oxide (low, >=25.0 sd); Min1 = chlorite-femg (high, 19.7 sd)"
09ATD015,fd02659c-dc3d-52ea-a8eb-c032b91e7624,47cf05e4-91f5-521d-bda8-cbffa2e9ae71,85089751-1589-5855-a936-d50f21c8d8d4,18766,18905,187.0,188.0,140,0.823,3.8638,3.349,6.2902,9.32,0.3397,1.116,25.0,normal,high,"Grp1 = oxide (low, >=25.0 sd); Grp2 = oxide (low, >=25.0 sd); Min1 = chlorite-femg (high, 17.9 sd)"
09ATD015,fd02659c-dc3d-52ea-a8eb-c032b91e7624,47cf05e4-91f5-521d-bda8-cbffa2e9ae71,85089751-1589-5855-a936-d50f21c8d8d4,18906,19048,188.0,189.0,143,0.825,3.9077,2.5397,5.9056,6.36,0.3402,1.0865,25.0,normal,high,"Grp2 = oxide (low, >=25.0 sd); Grp1 = oxide (low, >=25.0 sd); Min2 = goethite (low, 17.8 sd)"
09ATD015,fd02659c-dc3d-52ea-a8eb-c032b91e7624,47cf05e4-91f5-521d-bda8-cbffa2e9ae71,85089751-1589-5855-a936-d50f21c8d8d4,19049,19202,189.0,190.0,154,0.827,4.082,3.2368,12.7287,18.58,0.3432,1.6141,25.0,normal,high,"Grp2 = oxide (low, >=25.0 sd); Grp1 = oxide (low, >=25.0 sd); Min1 = aspectral (low, 22.7 sd)"
09ATD015,fd02659c-dc3d-52ea-a8eb-c032b91e7624,47cf05e4-91f5-521d-bda8-cbffa2e9ae71,85089751-1589-5855-a936-d50f21c8d8d4,19203,19340,190.0,191.0,138,0.823,4.0967,2.7378,5.4367,9.01,0.3407,1.0158,25.0,normal,high,"Grp1 = oxide (low, >=25.0 sd); Grp2 = oxide (low, >=25.0 sd); Min1 = chlorite-femg (high, 20.5 sd)"
09ATD015,fd02659c-dc3d-52ea-a8eb-c032b91e7624,47cf05e4-91f5-521d-bda8-cbffa2e9ae71,85089751-1589-5855-a936-d50f21c8d8d4,19341,19488,191.0,192.0,148,0.823,3.9791,3.1777,5.9864,10.03,0.3419,1.1966,25.0,normal,high,"Grp2 = oxide (low, >=25.0 sd); Grp1 = oxide (low, >=25.0 sd); Min1 = chlorite-femg (high, 18.9 sd)"
09ATD015,fd02659c-dc3d-52ea-a8eb-c032b91e7624,47cf05e4-91f5-521d-bda8-cbffa2e9ae71,85089751-1589-5855-a936-d50f21c8d8d4,19489,19647,192.0,193.0,159,0.823,4.0754,3.4988,7.6061,17.14,0.3502,1.1006,25.0,normal,high,"Grp1 = oxide (low, >=25.0 sd); Grp2 = oxide (low, >=25.0 sd); Min2 = goethite (low, 18.7 sd)"
09ATD015,fd02659c-dc3d-52ea-a8eb-c032b91e7624,47cf05e4-91f5-521d-bda8-cbffa2e9ae71,85089751-1589-5855-a936-d50f21c8d8d4,19648,19786,193.0,194.0,139,0.823,3.9963,3.4195,5.42,11.18,0.3438,0.9826,25.0,normal,high,"Grp2 = oxide (low, >=25.0 sd); Grp1 = oxide (low, >=25.0 sd); Min1 = chlorite-femg (high, 20.3 sd)"
09ATD015,fd02659c-dc3d-52ea-a8eb-c032b91e7624,47cf05e4-91f5-521d-bda8-cbffa2e9ae71,85089751-1589-5855-a936-d50f21c8d8d4,19787,19929,194.0,195.0,143,0.825,4.1212,2.4039,5.2872,6.53,0.3359,1.0097,25.0,normal,high,"Grp2 = oxide (low, >=25.0 sd); Grp1 = oxide (low, >=25.0 sd); Min1 = aspectral (low, 21.6 sd)"
09ATD015,fd02659c-dc3d-52ea-a8eb-c032b91e7624,47cf05e4-91f5-521d-bda8-cbffa2e9ae71,85089751-1589-5855-a936-d50f21c8d8d4,19930,20092,195.0,196.0,163,0.825,4.0917,2.778,9.37,15.14,0.3452,1.4762,25.0,normal,high,"Grp2 = oxide (low, >=25.0 sd); Grp1 = oxide (low, >=25.0 sd); Min1 = aspectral (low, 20.9 sd)"
09ATD015,fd02659c-dc3d-52ea-a8eb-c032b91e7624,47cf05e4-91f5-521d-bda8-cbffa2e9ae71,85089751-1589-5855-a936-d50f21c8d8d4,20093,20239,196.0,197.0,147,0.823,4.3184,2.8076,4.3501,10.68,0.337,0.9847,25.0,normal,high,"Grp2 = oxide (low, >=25.0 sd); Grp1 = oxide (low, >=25.0 sd); Min1 = aspectral (low, 24.6 sd)"
09ATD015,fd02659c-dc3d-52ea-a8eb-c032b91e7624,47cf05e4-91f5-521d-bda8-cbffa2e9ae71,85089751-1589-5855-a936-d50f21c8d8d4,20240,20386,197.0,198.0,147,0.825,4.246,3.0384,6.6547,14.55,0.341,1.1506,25.0,normal,high,"Grp2 = oxide (low, >=25.0 sd); Grp1 = oxide (low, >=25.0 sd); Min1 = aspectral (low, 24.1 sd)"
09ATD015,fd02659c-dc3d-52ea-a8eb-c032b91e7624,47cf05e4-91f5-521d-bda8-cbffa2e9ae71,85089751-1589-5855-a936-d50f21c8d8d4,20387,20540,198.0,199.0,154,0.823,4.2565,2.4725,5.5656,11.24,0.3406,1.016,25.0,normal,high,"Grp2 = oxide (low, >=25.0 sd); Grp1 = oxide (low, >=25.0 sd); Min1 = aspectral (low, 23.7 sd)"
09ATD015,fd02659c-dc3d-52ea-a8eb-c032b91e7624,47cf05e4-91f5-521d-bda8-cbffa2e9ae71,85089751-1589-5855-a936-d50f21c8d8d4,20541,20679,199.0,200.0,139,0.823,4.1603,2.8596,4.6298,7.67,0.3359,1.0059,25.0,normal,high,"Grp2 = oxide (low, >=25.0 sd); Grp1 = oxide (low, >=25.0 sd); Min1 = aspectral (low, 23.2 sd)"
09ATD015,fd02659c-dc3d-52ea-a8eb-c032b91e7624,47cf05e4-91f5-521d-bda8-cbffa2e9ae71,85089751-1589-5855-a936-d50f21c8d8d4,20680,20822,200.0,201.0,143,0.823,4.1931,2.7412,4.7691,7.57,0.335,1.0058,25.0,normal,high,"Grp1 = oxide (low, >=25.0 sd); Grp2 = oxide (low, >=25.0 sd); Min1 = aspectral (low, 22.5 sd)"
09ATD015,fd02659c-dc3d-52ea-a8eb-c032b91e7624,47cf05e4-91f5-521d-bda8-cbffa2e9ae71,85089751-1589-5855-a936-d50f21c8d8d4,20823,20978,201.0,202.0,156,0.823,4.3253,2.6338,6.9246,16.43,0.3447,1.0876,25.0,normal,high,"Grp2 = oxide (low, >=25.0 sd); Grp1 = oxide (low, >=25.0 sd); Min1 = aspectral (low, >=25.0 sd)"
09ATD015,fd02659c-dc3d-52ea-a8eb-c032b91e7624,47cf05e4-91f5-521d-bda8-cbffa2e9ae71,85089751-1589-5855-a936-d50f21c8d8d4,20979,21117,202.0,203.0,139,0.806,4.3304,3.1517,5.0104,14.22,0.3402,1.0065,25.0,normal,high,"Grp2 = oxide (low, >=25.0 sd); Grp1 = oxide (low, >=25.0 sd); Min1 = aspectral (low, 24.9 sd)"
09ATD015,fd02659c-dc3d-52ea-a8eb-c032b91e7624,47cf05e4-91f5-521d-bda8-cbffa2e9ae71,85089751-1589-5855-a936-d50f21c8d8d4,21118,21269,203.0,204.0,152,0.827,4.2347,2.6258,5.8207,13.09,0.3448,1.1073,25.0,normal,high,"Grp2 = oxide (low, >=25.0 sd); Grp1 = oxide (low, >=25.0 sd); Min1 = aspectral (low, 22.5 sd)"
09ATD015,fd02659c-dc3d-52ea-a8eb-c032b91e7624,47cf05e4-91f5-521d-bda8-cbffa2e9ae71,85089751-1589-5855-a936-d50f21c8d8d4,21270,21412,204.0,205.0,143,0.823,4.1035,2.4772,7.2511,10.07,0.3392,1.1667,25.0,normal,high,"Grp2 = oxide (low, >=25.0 sd); Grp1 = oxide (low, >=25.0 sd); Min1 = aspectral (low, 22.5 sd)"
09ATD015,fd02659c-dc3d-52ea-a8eb-c032b91e7624,47cf05e4-91f5-521d-bda8-cbffa2e9ae71,85089751-1589-5855-a936-d50f21c8d8d4,21413,21554,205.0,206.0,142,0.825,4.1654,2.6733,4.7103,6.65,0.3342,1.0032,25.0,normal,high,"Grp1 = oxide (low, >=25.0 sd); Grp2 = oxide (low, >=25.0 sd); Min1 = aspectral (low, 23.4 sd)"
09ATD015,fd02659c-dc3d-52ea-a8eb-c032b91e7624,47cf05e4-91f5-521d-bda8-cbffa2e9ae71,85089751-1589-5855-a936-d50f21c8d8d4,21555,21691,206.0,207.0,137,0.823,4.0708,2.8382,11.8069,16.87,0.3458,1.2978,25.0,normal,high,"Grp1 = oxide (low, >=25.0 sd); Grp2 = oxide (low, >=25.0 sd); Min1 = aspectral (low, 23.0 sd)"
09ATD015,fd02659c-dc3d-52ea-a8eb-c032b91e7624,47cf05e4-91f5-521d-bda8-cbffa2e9ae71,85089751-1589-5855-a936-d50f21c8d8d4,21692,21850,207.0,208.0,159,0.831,4.1411,3.2317,12.6571,21.87,0.3536,1.528,25.0,normal,high,"Grp2 = oxide (low, >=25.0 sd); Grp1 = oxide (low, >=25.0 sd); Min1 = aspectral (low, 20.9 sd)"
09ATD015,fd02659c-dc3d-52ea-a8eb-c032b91e7624,47cf05e4-91f5-521d-bda8-cbffa2e9ae71,85089751-1589-5855-a936-d50f21c8d8d4,21851,21990,208.0,209.0,140,0.827,4.2114,3.0787,5.7066,12.78,0.3411,1.0189,25.0,normal,high,"Grp1 = oxide (low, >=25.0 sd); Grp2 = oxide (low, >=25.0 sd); Min1 = aspectral (low, 24.6 sd)"
09ATD015,fd02659c-dc3d-52ea-a8eb-c032b91e7624,47cf05e4-91f5-521d-bda8-cbffa2e9ae71,85089751-1589-5855-a936-d50f21c8d8d4,21991,22127,209.0,210.0,137,0.823,3.7871,2.8179,10.3093,13.41,0.347,1.4175,25.0,normal,high,"Grp2 = oxide (low, >=25.0 sd); Grp1 = oxide (low, >=25.0 sd); Min1 = aspectral (low, 18.3 sd)"
09ATD015,fd02659c-dc3d-52ea-a8eb-c032b91e7624,47cf05e4-91f5-521d-bda8-cbffa2e9ae71,85089751-1589-5855-a936-d50f21c8d8d4,22128,22283,210.0,211.0,156,0.821,4.1957,4.9871,18.012,30.69,0.3464,1.0648,25.0,normal,high,"Grp2 = oxide (low, >=25.0 sd); Grp1 = oxide (low, >=25.0 sd); Min1 = aspectral (low, 20.0 sd)"
09ATD015,fd02659c-dc3d-52ea-a8eb-c032b91e7624,47cf05e4-91f5-521d-bda8-cbffa2e9ae71,85089751-1589-5855-a936-d50f21c8d8d4,22284,22418,211.0,212.0,135,0.819,3.8996,5.5736,18.3943,28.54,0.3517,1.0897,25.0,normal,high,"Grp2 = oxide (low, >=25.0 sd); Grp1 = oxide (low, >=25.0 sd); Min2 = goethite (low, 17.3 sd)"
09ATD015,fd02659c-dc3d-52ea-a8eb-c032b91e7624,47cf05e4-91f5-521d-bda8-cbffa2e9ae71,85089751-1589-5855-a936-d50f21c8d8d4,22419,22561,212.0,213.0,143,0.823,4.0073,2.0701,8.7292,11.91,0.346,1.3846,25.0,normal,high,"Grp2 = oxide (low, >=25.0 sd); Grp1 = oxide (low, >=25.0 sd); Min1 = aspectral (low, 23.3 sd)"
09ATD015,fd02659c-dc3d-52ea-a8eb-c032b91e7624,47cf05e4-91f5-521d-bda8-cbffa2e9ae71,85089751-1589-5855-a936-d50f21c8d8d4,22562,22739,213.0,214.0,178,0.823,4.4638,2.9706,6.4898,19.62,0.3474,1.2141,25.0,normal,high,"Grp2 = oxide (low, >=25.0 sd); Grp1 = oxide (low, >=25.0 sd); Min1 = aspectral (low, >=25.0 sd)"
09ATD015,fd02659c-dc3d-52ea-a8eb-c032b91e7624,47cf05e4-91f5-521d-bda8-cbffa2e9ae71,85089751-1589-5855-a936-d50f21c8d8d4,22740,22881,214.0,215.0,142,0.827,4.2326,2.8605,8.5694,16.31,0.3426,1.1445,25.0,normal,high,"Grp2 = oxide (low, >=25.0 sd); Grp1 = oxide (low, >=25.0 sd); Min1 = aspectral (low, 23.7 sd)"
09ATD015,fd02659c-dc3d-52ea-a8eb-c032b91e7624,47cf05e4-91f5-521d-bda8-cbffa2e9ae71,85089751-1589-5855-a936-d50f21c8d8d4,22882,23020,215.0,216.0,139,0.823,4.2701,2.8971,4.4208,10.53,0.3378,0.9789,25.0,normal,high,"Grp1 = oxide (low, >=25.0 sd); Grp2 = oxide (low, >=25.0 sd); Min1 = aspectral (low, 24.5 sd)"
09ATD015,fd02659c-dc3d-52ea-a8eb-c032b91e7624,47cf05e4-91f5-521d-bda8-cbffa2e9ae71,85089751-1589-5855-a936-d50f21c8d8d4,23021,23170,216.0,217.0,150,0.823,4.2993,2.6375,4.7455,9.61,0.3361,0.9876,25.0,normal,high,"Grp2 = oxide (low, >=25.0 sd); Grp1 = oxide (low, >=25.0 sd); Min1 = aspectral (low, 24.4 sd)"
09ATD015,fd02659c-dc3d-52ea-a8eb-c032b91e7624,47cf05e4-91f5-521d-bda8-cbffa2e9ae71,85089751-1589-5855-a936-d50f21c8d8d4,23171,23312,217.0,218.0,142,0.823,4.2387,2.7515,5.8361,10.74,0.3374,1.0005,25.0,normal,high,"Grp1 = oxide (low, >=25.0 sd); Grp2 = oxide (low, >=25.0 sd); Min1 = aspectral (low, 24.5 sd)"
09ATD015,fd02659c-dc3d-52ea-a8eb-c032b91e7624,47cf05e4-91f5-521d-bda8-cbffa2e9ae71,85089751-1589-5855-a936-d50f21c8d8d4,23313,23458,218.0,219.0,146,0.823,4.259,2.6721,3.852,7.57,0.3337,0.981,25.0,normal,high,"Grp1 = oxide (low, >=25.0 sd); Grp2 = oxide (low, >=25.0 sd); Min1 = aspectral (low, 24.3 sd)"
09ATD015,fd02659c-dc3d-52ea-a8eb-c032b91e7624,47cf05e4-91f5-521d-bda8-cbffa2e9ae71,85089751-1589-5855-a936-d50f21c8d8d4,23459,23609,219.0,220.0,151,0.823,4.2768,2.5533,3.9206,7.84,0.3346,0.9857,25.0,normal,high,"Grp1 = oxide (low, >=25.0 sd); Grp2 = oxide (low, >=25.0 sd); Min1 = aspectral (low, 23.9 sd)"
09ATD015,fd02659c-dc3d-52ea-a8eb-c032b91e7624,47cf05e4-91f5-521d-bda8-cbffa2e9ae71,85089751-1589-5855-a936-d50f21c8d8d4,23610,23753,220.0,221.0,144,0.823,4.2195,2.5883,3.9522,6.51,0.3331,0.978,25.0,normal,high,"Grp1 = oxide (low, >=25.0 sd); Grp2 = oxide (low, >=25.0 sd); Min1 = aspectral (low, 23.4 sd)"
09ATD015,fd02659c-dc3d-52ea-a8eb-c032b91e7624,47cf05e4-91f5-521d-bda8-cbffa2e9ae71,85089751-1589-5855-a936-d50f21c8d8d4,23754,23895,221.0,222.0,142,0.823,4.0419,2.9182,8.0372,12.45,0.342,1.227,25.0,normal,high,"Grp2 = oxide (low, >=25.0 sd); Grp1 = oxide (low, >=25.0 sd); Min1 = aspectral (low, 17.8 sd)"
09ATD015,fd02659c-dc3d-52ea-a8eb-c032b91e7624,47cf05e4-91f5-521d-bda8-cbffa2e9ae71,85089751-1589-5855-a936-d50f21c8d8d4,23896,24063,222.0,223.0,168,0.823,4.2665,2.6427,7.4539,14.87,0.342,1.1529,25.0,normal,high,"Grp1 = oxide (low, >=25.0 sd); Grp2 = oxide (low, >=25.0 sd); Min1 = aspectral (low, 21.6 sd)"
09ATD015,fd02659c-dc3d-52ea-a8eb-c032b91e7624,47cf05e4-91f5-521d-bda8-cbffa2e9ae71,85089751-1589-5855-a936-d50f21c8d8d4,24064,24200,223.0,224.0,137,0.823,4.1188,2.5686,4.1384,6.63,0.3387,1.0172,25.0,normal,high,"Grp2 = oxide (low, >=25.0 sd); Grp1 = oxide (low, >=25.0 sd); Min1 = chlorite-femg (high, 19.9 sd)"
09ATD015,fd02659c-dc3d-52ea-a8eb-c032b91e7624,47cf05e4-91f5-521d-bda8-cbffa2e9ae71,85089751-1589-5855-a936-d50f21c8d8d4,24201,24350,224.0,225.0,150,0.823,4.31,2.6827,4.6355,9.7,0.3357,0.9863,25.0,normal,high,"Grp2 = oxide (low, >=25.0 sd); Grp1 = oxide (low, >=25.0 sd); Min1 = aspectral (low, 24.2 sd)"
09ATD015,fd02659c-dc3d-52ea-a8eb-c032b91e7624,47cf05e4-91f5-521d-bda8-cbffa2e9ae71,85089751-1589-5855-a936-d50f21c8d8d4,24351,24503,225.0,226.0,153,0.823,4.2365,3.4283,4.9144,11.76,0.3362,1.2448,25.0,normal,high,"Grp2 = oxide (low, >=25.0 sd); Grp1 = oxide (low, >=25.0 sd); Min1 = aspectral (low, 23.0 sd)"
09ATD015,fd02659c-dc3d-52ea-a8eb-c032b91e7624,47cf05e4-91f5-521d-bda8-cbffa2e9ae71,85089751-1589-5855-a936-d50f21c8d8d4,24504,24640,226.0,227.0,137,0.823,3.7389,3.0765,12.3306,15.1,0.3451,1.0767,25.0,normal,high,"Grp1 = oxide (low, >=25.0 sd); Grp2 = oxide (low, >=25.0 sd); Min2 = goethite (low, 17.4 sd)"
09ATD015,fd02659c-dc3d-52ea-a8eb-c032b91e7624,47cf05e4-91f5-521d-bda8-cbffa2e9ae71,85089751-1589-5855-a936-d50f21c8d8d4,24641,24782,227.0,228.0,142,0.823,4.1468,3.1965,4.9612,9.42,0.3363,1.3279,25.0,normal,high,"Grp1 = oxide (low, >=25.0 sd); Grp2 = oxide (low, >=25.0 sd); Min1 = chlorite-femg (high, 19.9 sd)"
09ATD015,fd02659c-dc3d-52ea-a8eb-c032b91e7624,47cf05e4-91f5-521d-bda8-cbffa2e9ae71,85089751-1589-5855-a936-d50f21c8d8d4,24783,24938,228.0,229.0,156,0.823,4.2663,3.768,5.6821,14.72,0.337,1.1277,25.0,normal,high,"Grp1 = oxide (low, >=25.0 sd); Grp2 = oxide (low, >=25.0 sd); Min1 = aspectral (low, 23.3 sd)"
09ATD015,fd02659c-dc3d-52ea-a8eb-c032b91e7624,47cf05e4-91f5-521d-bda8-cbffa2e9ae71,85089751-1589-5855-a936-d50f21c8d8d4,24939,25089,229.0,230.0,151,0.823,4.1732,3.3729,5.0099,10.57,0.3357,1.0734,25.0,normal,high,"Grp1 = oxide (low, >=25.0 sd); Grp2 = oxide (low, >=25.0 sd); Min1 = aspectral (low, 19.2 sd)"
09ATD015,fd02659c-dc3d-52ea-a8eb-c032b91e7624,47cf05e4-91f5-521d-bda8-cbffa2e9ae71,85089751-1589-5855-a936-d50f21c8d8d4,25090,25227,230.0,231.0,138,0.825,4.0385,3.0737,6.722,10.13,0.339,1.0071,25.0,normal,high,"Grp2 = oxide (low, >=25.0 sd); Grp1 = oxide (low, >=25.0 sd); Min1 = chlorite-femg (high, 19.5 sd)"
09ATD015,fd02659c-dc3d-52ea-a8eb-c032b91e7624,47cf05e4-91f5-521d-bda8-cbffa2e9ae71,85089751-1589-5855-a936-d50f21c8d8d4,25228,25422,231.0,232.0,195,0.819,4.3836,3.6364,8.2142,24.56,0.3576,1.443,25.0,normal,high,"Grp1 = oxide (low, >=25.0 sd); Grp2 = oxide (low, >=25.0 sd); Min2 = goethite (low, 20.8 sd)"
09ATD015,fd02659c-dc3d-52ea-a8eb-c032b91e7624,47cf05e4-91f5-521d-bda8-cbffa2e9ae71,85089751-1589-5855-a936-d50f21c8d8d4,25423,25565,232.0,233.0,143,0.823,4.0197,3.4737,6.2931,11.99,0.3414,1.0044,25.0,normal,high,"Grp1 = oxide (low, >=25.0 sd); Grp2 = oxide (low, >=25.0 sd); Min1 = chlorite-femg (high, 19.6 sd)"
09ATD015,fd02659c-dc3d-52ea-a8eb-c032b91e7624,47cf05e4-91f5-521d-bda8-cbffa2e9ae71,85089751-1589-5855-a936-d50f21c8d8d4,25566,25714,233.0,234.0,149,0.819,4.0466,3.4746,6.3026,10.68,0.3369,0.9849,25.0,normal,high,"Grp1 = oxide (low, >=25.0 sd); Grp2 = oxide (low, >=25.0 sd); Min1 = chlorite-femg (high, 19.0 sd)"
09ATD015,fd02659c-dc3d-52ea-a8eb-c032b91e7624,47cf05e4-91f5-521d-bda8-cbffa2e9ae71,85089751-1589-5855-a936-d50f21c8d8d4,25715,25882,234.0,235.0,168,0.829,4.2041,3.1579,19.8756,30.55,0.3536,1.4684,25.0,normal,high,"Grp2 = oxide (low, >=25.0 sd); Grp1 = oxide (low, >=25.0 sd); Min2 = goethite (low, 19.1 sd)"
09ATD015,fd02659c-dc3d-52ea-a8eb-c032b91e7624,47cf05e4-91f5-521d-bda8-cbffa2e9ae71,85089751-1589-5855-a936-d50f21c8d8d4,25883,26027,235.0,236.0,145,0.825,5.4271,8.3181,13.7782,50.04,0.3819,1.0805,25.0,normal,high,"Min1 = hornblende (high, >=25.0 sd); Grp1 = amphibole (high, >=25.0 sd); Min1 = talc (high, >=25.0 sd)"
09ATD015,fd02659c-dc3d-52ea-a8eb-c032b91e7624,47cf05e4-91f5-521d-bda8-cbffa2e9ae71,85089751-1589-5855-a936-d50f21c8d8d4,26028,26167,236.0,237.0,140,0.841,4.8326,6.058,12.3446,39.99,0.3844,1.0125,25.0,normal,high,"Grp1 = amphibole (high, >=25.0 sd); Grp2 = oxide (low, >=25.0 sd); Min1 = hornblende (high, >=25.0 sd)"
09ATD015,fd02659c-dc3d-52ea-a8eb-c032b91e7624,47cf05e4-91f5-521d-bda8-cbffa2e9ae71,85089751-1589-5855-a936-d50f21c8d8d4,26168,26316,237.0,238.0,149,0.829,4.5327,7.2813,7.9276,30.98,0.356,1.0064,25.0,normal,high,"Grp2 = oxide (low, >=25.0 sd); Grp1 = oxide (low, >=25.0 sd); Min1 = hornblende (high, >=25.0 sd)"
09ATD015,fd02659c-dc3d-52ea-a8eb-c032b91e7624,47cf05e4-91f5-521d-bda8-cbffa2e9ae71,85089751-1589-5855-a936-d50f21c8d8d4,26317,26455,238.0,239.0,139,0.831,4.6433,6.4311,7.947,31.84,0.3675,1.0291,25.0,normal,high,"Grp1 = oxide (low, >=25.0 sd); Grp2 = oxide (low, >=25.0 sd); Min1 = hornblende (high, >=25.0 sd)"
09ATD015,fd02659c-dc3d-52ea-a8eb-c032b91e7624,47cf05e4-91f5-521d-bda8-cbffa2e9ae71,85089751-1589-5855-a936-d50f21c8d8d4,26456,26616,239.0,240.0,161,0.833,4.5827,6.2694,13.4272,37.53,0.378,0.9961,25.0,normal,high,"Grp2 = oxide (low, >=25.0 sd); Grp1 = oxide (low, >=25.0 sd); Min1 = hornblende (high, 24.5 sd)"
09ATD015,fd02659c-dc3d-52ea-a8eb-c032b91e7624,47cf05e4-91f5-521d-bda8-cbffa2e9ae71,85089751-1589-5855-a936-d50f21c8d8d4,26617,26770,240.0,241.0,154,0.829,4.6411,5.9307,9.0193,33.07,0.373,0.9868,25.0,normal,high,"Grp2 = oxide (low, >=25.0 sd); Min1 = actinolite (high, >=25.0 sd); Grp1 = amphibole (high, >=25.0 sd)"
09ATD015,fd02659c-dc3d-52ea-a8eb-c032b91e7624,47cf05e4-91f5-521d-bda8-cbffa2e9ae71,85089751-1589-5855-a936-d50f21c8d8d4,26771,26909,241.0,242.0,139,0.835,4.8373,6.4602,9.6098,44.41,0.4002,0.9929,25.0,normal,high,"Grp1 = amphibole (high, >=25.0 sd); Grp1 = oxide (low, >=25.0 sd); Grp2 = oxide (low, >=25.0 sd)"
09ATD015,fd02659c-dc3d-52ea-a8eb-c032b91e7624,47cf05e4-91f5-521d-bda8-cbffa2e9ae71,85089751-1589-5855-a936-d50f21c8d8d4,26910,27049,242.0,243.0,140,0.829,4.7614,6.6306,8.0526,36.05,0.38,0.9892,25.0,normal,high,"Grp2 = oxide (low, >=25.0 sd); Grp1 = oxide (low, >=25.0 sd); Min1 = actinolite (high, >=25.0 sd)"
09ATD015,fd02659c-dc3d-52ea-a8eb-c032b91e7624,47cf05e4-91f5-521d-bda8-cbffa2e9ae71,85089751-1589-5855-a936-d50f21c8d8d4,27050,27201,243.0,244.0,152,0.833,4.5494,7.0128,11.2976,36.41,0.3746,0.9854,25.0,normal,high,"Min1 = actinolite (high, >=25.0 sd); Grp2 = oxide (low, >=25.0 sd); Grp1 = amphibole (high, >=25.0 sd)"
09ATD015,fd02659c-dc3d-52ea-a8eb-c032b91e7624,47cf05e4-91f5-521d-bda8-cbffa2e9ae71,85089751-1589-5855-a936-d50f21c8d8d4,27202,27352,244.0,245.0,151,0.823,4.6801,6.703,9.0282,33.13,0.3636,1.0,25.0,normal,high,"Grp2 = oxide (low, >=25.0 sd); Grp1 = oxide (low, >=25.0 sd); Min1 = actinolite (high, >=25.0 sd)"
09ATD015,fd02659c-dc3d-52ea-a8eb-c032b91e7624,47cf05e4-91f5-521d-bda8-cbffa2e9ae71,85089751-1589-5855-a936-d50f21c8d8d4,27353,27491,245.0,246.0,139,0.819,4.2094,5.317,9.9864,26.15,0.3653,0.9922,25.0,normal,high,"Grp1 = oxide (low, >=25.0 sd); Grp2 = oxide (low, >=25.0 sd); Grp1 = amphibole (high, 21.4 sd)"
09ATD015,fd02659c-dc3d-52ea-a8eb-c032b91e7624,47cf05e4-91f5-521d-bda8-cbffa2e9ae71,85089751-1589-5855-a936-d50f21c8d8d4,27492,27645,246.0,247.0,154,0.829,4.6775,7.2183,9.2634,36.28,0.3753,1.0,25.0,normal,high,"Grp2 = oxide (low, >=25.0 sd); Min1 = actinolite (high, >=25.0 sd); Grp1 = oxide (low, >=25.0 sd)"
09ATD015,fd02659c-dc3d-52ea-a8eb-c032b91e7624,47cf05e4-91f5-521d-bda8-cbffa2e9ae71,85089751-1589-5855-a936-d50f21c8d8d4,27646,27791,247.0,248.0,146,0.829,4.5395,6.7083,7.9748,32.4,0.372,0.9998,25.0,normal,high,"Min1 = actinolite (high, >=25.0 sd); Grp1 = amphibole (high, >=25.0 sd); Grp2 = oxide (low, >=25.0 sd)"
09ATD015,fd02659c-dc3d-52ea-a8eb-c032b91e7624,47cf05e4-91f5-521d-bda8-cbffa2e9ae71,85089751-1589-5855-a936-d50f21c8d8d4,27792,27956,248.0,249.0,165,0.829,4.4452,5.5362,9.3105,31.73,0.3749,0.9935,25.0,normal,high,"Grp1 = oxide (low, >=25.0 sd); Grp2 = oxide (low, >=25.0 sd); Min1 = actinolite (high, 22.9 sd)"
09ATD015,fd02659c-dc3d-52ea-a8eb-c032b91e7624,47cf05e4-91f5-521d-bda8-cbffa2e9ae71,85089751-1589-5855-a936-d50f21c8d8d4,27957,28119,249.0,250.0,163,0.833,4.6884,6.4097,10.3099,36.32,0.3775,1.0062,25.0,normal,high,"Grp1 = oxide (low, >=25.0 sd); Grp2 = oxide (low, >=25.0 sd); Grp1 = amphibole (high, 21.5 sd)"
09ATD015,fd02659c-dc3d-52ea-a8eb-c032b91e7624,47cf05e4-91f5-521d-bda8-cbffa2e9ae71,85089751-1589-5855-a936-d50f21c8d8d4,28120,28256,250.0,251.0,137,0.823,4.6085,6.4994,7.7164,31.65,0.3689,0.9931,25.0,normal,high,"Grp1 = oxide (low, >=25.0 sd); Grp2 = oxide (low, >=25.0 sd); Grp1 = amphibole (high, >=25.0 sd)"
09ATD015,fd02659c-dc3d-52ea-a8eb-c032b91e7624,47cf05e4-91f5-521d-bda8-cbffa2e9ae71,85089751-1589-5855-a936-d50f21c8d8d4,28257,28403,251.0,252.0,147,0.829,4.4056,6.4472,6.2599,27.27,0.3635,0.9937,25.0,normal,high,"Grp2 = oxide (low, >=25.0 sd); Min1 = actinolite (high, >=25.0 sd); Grp1 = oxide (low, >=25.0 sd)"
09ATD015,fd02659c-dc3d-52ea-a8eb-c032b91e7624,47cf05e4-91f5-521d-bda8-cbffa2e9ae71,85089751-1589-5855-a936-d50f21c8d8d4,28404,28563,252.0,253.0,160,0.821,4.051,3.7734,10.4665,20.25,0.3512,1.0048,25.0,normal,high,"Grp2 = oxide (low, >=25.0 sd); Grp1 = oxide (low, >=25.0 sd); Min2 = goethite (low, 18.8 sd)"
09ATD015,fd02659c-dc3d-52ea-a8eb-c032b91e7624,47cf05e4-91f5-521d-bda8-cbffa2e9ae71,85089751-1589-5855-a936-d50f21c8d8d4,28564,28705,253.0,254.0,142,0.823,4.0323,4.4522,11.3339,22.04,0.3552,0.9872,25.0,normal,high,"Grp2 = oxide (low, >=25.0 sd); Grp1 = oxide (low, >=25.0 sd); Min2 = goethite (low, 17.7 sd)"
09ATD015,fd02659c-dc3d-52ea-a8eb-c032b91e7624,47cf05e4-91f5-521d-bda8-cbffa2e9ae71,85089751-1589-5855-a936-d50f21c8d8d4,28706,28844,254.0,255.0,139,0.829,4.4002,6.2205,8.3914,29.57,0.3659,1.0082,25.0,normal,high,"Grp2 = oxide (low, >=25.0 sd); Grp1 = oxide (low, >=25.0 sd); Min1 = actinolite (high, 24.3 sd)"
09ATD015,fd02659c-dc3d-52ea-a8eb-c032b91e7624,47cf05e4-91f5-521d-bda8-cbffa2e9ae71,85089751-1589-5855-a936-d50f21c8d8d4,28845,28998,255.0,256.0,154,0.831,5.2631,6.069,8.7368,39.74,0.3804,1.0353,25.0,normal,high,"Grp1 = oxide (low, >=25.0 sd); Min1 = actinolite (high, >=25.0 sd); Min1 = hornblende (high, >=25.0 sd)"
09ATD015,fd02659c-dc3d-52ea-a8eb-c032b91e7624,47cf05e4-91f5-521d-bda8-cbffa2e9ae71,85089751-1589-5855-a936-d50f21c8d8d4,28999,29140,256.0,257.0,142,0.827,4.2518,6.6094,8.9267,28.29,0.3647,1.0562,25.0,normal,high,"Grp1 = oxide (low, >=25.0 sd); Grp2 = oxide (low, >=25.0 sd); Min2 = goethite (low, 17.7 sd)"
09ATD015,fd02659c-dc3d-52ea-a8eb-c032b91e7624,47cf05e4-91f5-521d-bda8-cbffa2e9ae71,85089751-1589-5855-a936-d50f21c8d8d4,29141,29297,257.0,258.0,157,0.827,4.4128,4.3333,16.5589,38.16,0.3824,0.9947,25.0,normal,high,"Grp1 = oxide (low, >=25.0 sd); Grp2 = oxide (low, >=25.0 sd); Min2 = goethite (low, 17.4 sd)"
09ATD015,fd02659c-dc3d-52ea-a8eb-c032b91e7624,47cf05e4-91f5-521d-bda8-cbffa2e9ae71,85089751-1589-5855-a936-d50f21c8d8d4,29298,29439,258.0,259.0,142,0.831,3.7929,4.1724,10.1654,19.6,0.362,1.0062,25.0,normal,high,"Grp1 = oxide (low, >=25.0 sd); Grp2 = oxide (low, >=25.0 sd); Min2 = goethite (low, 17.3 sd)"
09ATD015,fd02659c-dc3d-52ea-a8eb-c032b91e7624,47cf05e4-91f5-521d-bda8-cbffa2e9ae71,85089751-1589-5855-a936-d50f21c8d8d4,29440,29581,259.0,260.0,142,0.831,3.8405,4.3923,7.799,18.1,0.3637,1.0115,25.0,normal,high,"Grp2 = oxide (low, >=25.0 sd); Grp1 = oxide (low, >=25.0 sd); Min2 = goethite (low, 17.3 sd)"
09ATD015,fd02659c-dc3d-52ea-a8eb-c032b91e7624,47cf05e4-91f5-521d-bda8-cbffa2e9ae71,85089751-1589-5855-a936-d50f21c8d8d4,29582,29729,260.0,261.0,148,0.833,3.8399,3.6771,10.5258,19.18,0.362,1.0527,25.0,normal,high,"Grp2 = oxide (low, >=25.0 sd); Grp1 = oxide (low, >=25.0 sd); Min2 = goethite (low, 17.5 sd)"
09ATD015,fd02659c-dc3d-52ea-a8eb-c032b91e7624,47cf05e4-91f5-521d-bda8-cbffa2e9ae71,85089751-1589-5855-a936-d50f21c8d8d4,29730,29886,261.0,262.0,157,0.835,4.5752,5.5892,9.4262,32.94,0.3751,0.9918,25.0,normal,high,"Grp1 = oxide (low, >=25.0 sd); Grp2 = oxide (low, >=25.0 sd); Min1 = actinolite (high, 23.6 sd)"
09ATD015,fd02659c-dc3d-52ea-a8eb-c032b91e7624,47cf05e4-91f5-521d-bda8-cbffa2e9ae71,85089751-1589-5855-a936-d50f21c8d8d4,29887,30023,262.0,263.0,137,0.835,5.1874,6.9812,11.5681,44.95,0.3871,1.0401,25.0,normal,high,"Grp1 = oxide (low, >=25.0 sd); Grp2 = oxide (low, >=25.0 sd); Grp1 = amphibole (high, >=25.0 sd)"
09ATD015,fd02659c-dc3d-52ea-a8eb-c032b91e7624,47cf05e4-91f5-521d-bda8-cbffa2e9ae71,85089751-1589-5855-a936-d50f21c8d8d4,30024,30165,263.0,264.0,142,0.833,4.8441,7.4161,11.5317,43.24,0.3872,1.0324,25.0,normal,high,"Min1 = actinolite (high, >=25.0 sd); Grp1 = amphibole (high, >=25.0 sd); Grp1 = oxide (low, >=25.0 sd)"
09ATD015,fd02659c-dc3d-52ea-a8eb-c032b91e7624,47cf05e4-91f5-521d-bda8-cbffa2e9ae71,85089751-1589-5855-a936-d50f21c8d8d4,30166,30316,264.0,265.0,151,0.829,4.6787,5.5882,7.7292,30.96,0.3705,0.9803,25.0,normal,high,"Grp1 = oxide (low, >=25.0 sd); Grp1 = amphibole (high, >=25.0 sd); Grp2 = oxide (low, >=25.0 sd)"
09ATD015,fd02659c-dc3d-52ea-a8eb-c032b91e7624,47cf05e4-91f5-521d-bda8-cbffa2e9ae71,85089751-1589-5855-a936-d50f21c8d8d4,30317,30458,265.0,266.0,142,0.819,3.9225,4.8498,10.9598,19.58,0.3478,1.0103,25.0,normal,high,"Grp1 = oxide (low, >=25.0 sd); Grp2 = oxide (low, >=25.0 sd); Min2 = goethite (low, 17.7 sd)"
09ATD015,fd02659c-dc3d-52ea-a8eb-c032b91e7624,47cf05e4-91f5-521d-bda8-cbffa2e9ae71,85089751-1589-5855-a936-d50f21c8d8d4,30459,30612,266.0,267.0,154,0.823,4.0241,4.98,11.2535,21.73,0.3509,1.0154,25.0,normal,high,"Grp2 = oxide (low, >=25.0 sd); Grp1 = oxide (low, >=25.0 sd); Min2 = goethite (low, 18.3 sd)"
09ATD015,fd02659c-dc3d-52ea-a8eb-c032b91e7624,47cf05e4-91f5-521d-bda8-cbffa2e9ae71,85089751-1589-5855-a936-d50f21c8d8d4,30613,30777,267.0,268.0,165,0.827,4.0963,3.8402,12.3635,23.58,0.3594,1.0277,25.0,normal,high,"Grp2 = oxide (low, >=25.0 sd); Grp1 = oxide (low, >=25.0 sd); Min2 = goethite (low, 18.9 sd)"
09ATD015,fd02659c-dc3d-52ea-a8eb-c032b91e7624,47cf05e4-91f5-521d-bda8-cbffa2e9ae71,85089751-1589-5855-a936-d50f21c8d8d4,30778,30913,268.0,269.0,136,0.827,3.7671,3.4985,11.3108,18.35,0.3556,1.2885,25.0,normal,high,"Grp2 = oxide (low, >=25.0 sd); Grp1 = oxide (low, >=25.0 sd); Min2 = goethite (low, 17.3 sd)"
09ATD015,fd02659c-dc3d-52ea-a8eb-c032b91e7624,47cf05e4-91f5-521d-bda8-cbffa2e9ae71,85089751-1589-5855-a936-d50f21c8d8d4,30914,31057,269.0,270.0,144,0.827,3.8957,4.5977,11.2186,20.02,0.3509,1.0054,25.0,normal,high,"Grp2 = oxide (low, >=25.0 sd); Grp1 = oxide (low, >=25.0 sd); Min2 = goethite (low, 17.5 sd)"
09ATD015,fd02659c-dc3d-52ea-a8eb-c032b91e7624,47cf05e4-91f5-521d-bda8-cbffa2e9ae71,85089751-1589-5855-a936-d50f21c8d8d4,31058,31205,270.0,271.0,148,0.827,3.9928,5.3002,13.7173,23.27,0.3529,1.0238,25.0,normal,high,"Grp2 = oxide (low, >=25.0 sd); Grp1 = oxide (low, >=25.0 sd); Min2 = goethite (low, 17.9 sd)"
09ATD015,fd02659c-dc3d-52ea-a8eb-c032b91e7624,47cf05e4-91f5-521d-bda8-cbffa2e9ae71,85089751-1589-5855-a936-d50f21c8d8d4,31206,31345,271.0,272.0,140,0.808,3.9814,5.7002,12.6001,22.31,0.3483,1.0248,25.0,normal,high,"Grp1 = oxide (low, >=25.0 sd); Grp2 = oxide (low, >=25.0 sd); Min2 = goethite (low, 17.6 sd)"
09ATD015,fd02659c-dc3d-52ea-a8eb-c032b91e7624,47cf05e4-91f5-521d-bda8-cbffa2e9ae71,85089751-1589-5855-a936-d50f21c8d8d4,31346,31486,272.0,273.0,141,0.815,3.9106,5.445,9.789,18.27,0.344,1.021,25.0,normal,high,"Grp2 = oxide (low, >=25.0 sd); Grp1 = oxide (low, >=25.0 sd); Min2 = goethite (low, 17.6 sd)"
09ATD015,fd02659c-dc3d-52ea-a8eb-c032b91e7624,47cf05e4-91f5-521d-bda8-cbffa2e9ae71,85089751-1589-5855-a936-d50f21c8d8d4,31487,31633,273.0,274.0,147,0.831,4.4619,6.5819,8.3866,30.88,0.3639,1.0144,25.0,normal,high,"Grp1 = oxide (low, >=25.0 sd); Grp2 = oxide (low, >=25.0 sd); Min1 = hornblende (high, 23.6 sd)"
09ATD015,fd02659c-dc3d-52ea-a8eb-c032b91e7624,47cf05e4-91f5-521d-bda8-cbffa2e9ae71,85089751-1589-5855-a936-d50f21c8d8d4,31634,31775,274.0,275.0,142,0.827,4.2551,6.5845,10.7077,28.79,0.3571,1.0827,25.0,normal,high,"Grp2 = oxide (low, >=25.0 sd); Grp1 = oxide (low, >=25.0 sd); Min1 = hornblende (high, 19.1 sd)"
09ATD015,fd02659c-dc3d-52ea-a8eb-c032b91e7624,47cf05e4-91f5-521d-bda8-cbffa2e9ae71,85089751-1589-5855-a936-d50f21c8d8d4,31776,31912,275.0,276.0,137,0.827,3.8359,4.4634,7.2003,16.14,0.3529,1.1584,25.0,normal,high,"Grp2 = oxide (low, >=25.0 sd); Grp1 = oxide (low, >=25.0 sd); Min2 = goethite (low, 17.4 sd)"
09ATD015,fd02659c-dc3d-52ea-a8eb-c032b91e7624,47cf05e4-91f5-521d-bda8-cbffa2e9ae71,85089751-1589-5855-a936-d50f21c8d8d4,31913,32054,276.0,277.0,142,0.823,3.8743,2.6413,8.4237,9.95,0.3417,1.2278,25.0,normal,high,"Grp1 = oxide (low, >=25.0 sd); Grp2 = oxide (low, >=25.0 sd); Min2 = goethite (low, 17.7 sd)"
09ATD015,fd02659c-dc3d-52ea-a8eb-c032b91e7624,47cf05e4-91f5-521d-bda8-cbffa2e9ae71,85089751-1589-5855-a936-d50f21c8d8d4,32055,32195,277.0,278.0,141,0.819,4.1236,3.3327,6.9861,11.32,0.3318,1.0476,25.0,normal,high,"Grp2 = oxide (low, >=25.0 sd); Grp1 = oxide (low, >=25.0 sd); Min1 = chlorite-femg (high, 19.3 sd)"
09ATD015,fd02659c-dc3d-52ea-a8eb-c032b91e7624,47cf05e4-91f5-521d-bda8-cbffa2e9ae71,85089751-1589-5855-a936-d50f21c8d8d4,32196,32343,278.0,279.0,148,0.823,4.1817,3.2428,4.8269,9.28,0.3316,1.0259,25.0,normal,high,"Grp2 = oxide (low, >=25.0 sd); Grp1 = oxide (low, >=25.0 sd); Min1 = aspectral (low, 20.6 sd)"
09ATD015,fd02659c-dc3d-52ea-a8eb-c032b91e7624,47cf05e4-91f5-521d-bda8-cbffa2e9ae71,85089751-1589-5855-a936-d50f21c8d8d4,32344,32505,279.0,280.0,162,0.815,4.281,3.4099,8.5315,18.91,0.3411,1.1074,25.0,normal,high,"Grp2 = oxide (low, >=25.0 sd); Grp1 = oxide (low, >=25.0 sd); Min1 = aspectral (low, 19.2 sd)"
09ATD015,fd02659c-dc3d-52ea-a8eb-c032b91e7624,47cf05e4-91f5-521d-bda8-cbffa2e9ae71,85089751-1589-5855-a936-d50f21c8d8d4,32506,32646,280.0,281.0,141,0.823,4.1778,3.6149,4.9942,10.78,0.3326,1.0816,25.0,normal,high,"Grp1 = oxide (low, >=25.0 sd); Grp2 = oxide (low, >=25.0 sd); Min1 = aspectral (low, 22.9 sd)"
09ATD015,fd02659c-dc3d-52ea-a8eb-c032b91e7624,47cf05e4-91f5-521d-bda8-cbffa2e9ae71,85089751-1589-5855-a936-d50f21c8d8d4,32647,32796,281.0,282.0,150,0.823,4.3808,5.65,6.7814,20.7,0.3377,1.0519,25.0,normal,high,"Grp1 = oxide (low, >=25.0 sd); Grp2 = oxide (low, >=25.0 sd); Min1 = aspectral (low, 24.6 sd)"
09ATD015,fd02659c-dc3d-52ea-a8eb-c032b91e7624,47cf05e4-91f5-521d-bda8-cbffa2e9ae71,85089751-1589-5855-a936-d50f21c8d8d4,32797,32944,282.0,283.0,148,0.827,4.497,7.2383,14.0919,34.28,0.3481,1.4925,25.0,normal,high,"Grp1 = oxide (low, >=25.0 sd); Grp2 = oxide (low, >=25.0 sd); Min1 = aspectral (low, 24.9 sd)"
09ATD015,fd02659c-dc3d-52ea-a8eb-c032b91e7624,47cf05e4-91f5-521d-bda8-cbffa2e9ae71,85089751-1589-5855-a936-d50f21c8d8d4,32945,33084,283.0,284.0,140,0.823,4.0227,2.8938,7.5074,10.11,0.3391,1.0774,25.0,normal,high,"Grp1 = oxide (low, >=25.0 sd); Grp2 = oxide (low, >=25.0 sd); Min1 = chlorite-femg (high, 17.9 sd)"
09ATD015,fd02659c-dc3d-52ea-a8eb-c032b91e7624,47cf05e4-91f5-521d-bda8-cbffa2e9ae71,85089751-1589-5855-a936-d50f21c8d8d4,33085,33226,284.0,285.0,142,0.823,4.2795,5.207,6.358,17.18,0.3362,1.0325,25.0,normal,high,"Grp2 = oxide (low, >=25.0 sd); Grp1 = oxide (low, >=25.0 sd); Min1 = aspectral (low, 22.6 sd)"
09ATD015,fd02659c-dc3d-52ea-a8eb-c032b91e7624,47cf05e4-91f5-521d-bda8-cbffa2e9ae71,85089751-1589-5855-a936-d50f21c8d8d4,33227,33371,285.0,286.0,145,0.823,4.2036,3.5336,8.2891,16.66,0.3385,1.0334,25.0,normal,high,"Grp2 = oxide (low, >=25.0 sd); Grp1 = oxide (low, >=25.0 sd); Min1 = chlorite-femg (high, 19.7 sd)"
09ATD015,fd02659c-dc3d-52ea-a8eb-c032b91e7624,47cf05e4-91f5-521d-bda8-cbffa2e9ae71,85089751-1589-5855-a936-d50f21c8d8d4,33372,33511,286.0,287.0,140,0.823,4.2109,3.9463,6.018,13.8,0.3353,1.1538,25.0,normal,high,"Grp1 = oxide (low, >=25.0 sd); Grp2 = oxide (low, >=25.0 sd); Min1 = aspectral (low, 23.9 sd)"
09ATD015,fd02659c-dc3d-52ea-a8eb-c032b91e7624,47cf05e4-91f5-521d-bda8-cbffa2e9ae71,85089751-1589-5855-a936-d50f21c8d8d4,33512,33652,287.0,288.0,141,0.823,4.3951,6.1528,6.9043,22.64,0.3397,1.0487,25.0,normal,high,"Grp1 = oxide (low, >=25.0 sd); Grp2 = oxide (low, >=25.0 sd); Min1 = aspectral (low, 24.9 sd)"
09ATD015,fd02659c-dc3d-52ea-a8eb-c032b91e7624,47cf05e4-91f5-521d-bda8-cbffa2e9ae71,85089751-1589-5855-a936-d50f21c8d8d4,33653,33810,288.0,289.0,158,0.827,4.39,5.4835,7.2707,22.91,0.3422,1.0431,25.0,normal,high,"Grp1 = oxide (low, >=25.0 sd); Grp2 = oxide (low, >=25.0 sd); Min1 = aspectral (low, 24.5 sd)"
09ATD015,fd02659c-dc3d-52ea-a8eb-c032b91e7624,47cf05e4-91f5-521d-bda8-cbffa2e9ae71,85089751-1589-5855-a936-d50f21c8d8d4,33811,33951,289.0,290.0,141,0.825,4.3055,4.5242,5.569,17.2,0.3392,1.0876,25.0,normal,high,"Grp2 = oxide (low, >=25.0 sd); Grp1 = oxide (low, >=25.0 sd); Min1 = aspectral (low, 24.0 sd)"
09ATD015,fd02659c-dc3d-52ea-a8eb-c032b91e7624,47cf05e4-91f5-521d-bda8-cbffa2e9ae71,85089751-1589-5855-a936-d50f21c8d8d4,33952,34117,290.0,291.0,166,0.823,4.1866,2.09,7.6015,13.64,0.3446,1.2553,25.0,normal,high,"Grp1 = oxide (low, >=25.0 sd); Grp2 = oxide (low, >=25.0 sd); Min1 = aspectral (low, 20.8 sd)"
09ATD015,fd02659c-dc3d-52ea-a8eb-c032b91e7624,47cf05e4-91f5-521d-bda8-cbffa2e9ae71,85089751-1589-5855-a936-d50f21c8d8d4,34118,34252,291.0,292.0,135,0.823,3.9816,2.1742,4.2367,4.38,0.3398,1.0286,25.0,normal,high,"Grp1 = oxide (low, >=25.0 sd); Grp2 = oxide (low, >=25.0 sd); Min1 = aspectral (low, 18.1 sd)"
09ATD015,fd02659c-dc3d-52ea-a8eb-c032b91e7624,47cf05e4-91f5-521d-bda8-cbffa2e9ae71,85089751-1589-5855-a936-d50f21c8d8d4,34253,34399,292.0,293.0,147,0.823,4.2263,2.4058,3.8239,6.55,0.3346,0.9785,25.0,normal,high,"Grp1 = oxide (low, >=25.0 sd); Grp2 = oxide (low, >=25.0 sd); Min1 = aspectral (low, 22.2 sd)"
09ATD015,fd02659c-dc3d-52ea-a8eb-c032b91e7624,47cf05e4-91f5-521d-bda8-cbffa2e9ae71,85089751-1589-5855-a936-d50f21c8d8d4,34400,34538,293.0,294.0,139,0.823,4.1185,2.3848,4.4366,5.78,0.3366,1.0338,25.0,normal,high,"Grp2 = oxide (low, >=25.0 sd); Grp1 = oxide (low, >=25.0 sd); Min1 = chlorite-femg (high, 20.1 sd)"
09ATD015,fd02659c-dc3d-52ea-a8eb-c032b91e7624,47cf05e4-91f5-521d-bda8-cbffa2e9ae71,85089751-1589-5855-a936-d50f21c8d8d4,34539,34687,294.0,295.0,149,0.823,4.1249,2.1155,5.298,7.01,0.3372,1.0038,25.0,normal,high,"Grp1 = oxide (low, >=25.0 sd); Grp2 = oxide (low, >=25.0 sd); Min1 = chlorite-femg (high, 19.2 sd)"
09ATD015,fd02659c-dc3d-52ea-a8eb-c032b91e7624,47cf05e4-91f5-521d-bda8-cbffa2e9ae71,85089751-1589-5855-a936-d50f21c8d8d4,34688,34825,295.0,296.0,138,0.823,4.0363,2.5086,3.7905,3.98,0.3367,1.0196,25.0,normal,high,"Grp2 = oxide (low, >=25.0 sd); Grp1 = oxide (low, >=25.0 sd); Min1 = chlorite-femg (high, 20.5 sd)"
09ATD015,fd02659c-dc3d-52ea-a8eb-c032b91e7624,47cf05e4-91f5-521d-bda8-cbffa2e9ae71,85089751-1589-5855-a936-d50f21c8d8d4,34826,34964,296.0,297.0,139,0.823,4.1282,2.7642,4.1932,6.11,0.3351,1.0095,25.0,normal,high,"Grp2 = oxide (low, >=25.0 sd); Grp1 = oxide (low, >=25.0 sd); Min1 = aspectral (low, 21.2 sd)"
09ATD015,fd02659c-dc3d-52ea-a8eb-c032b91e7624,47cf05e4-91f5-521d-bda8-cbffa2e9ae71,85089751-1589-5855-a936-d50f21c8d8d4,34965,35116,297.0,298.0,152,0.823,4.1926,2.1603,4.4169,5.96,0.3342,1.0127,25.0,normal,high,"Grp2 = oxide (low, >=25.0 sd); Grp1 = oxide (low, >=25.0 sd); Min1 = aspectral (low, 22.9 sd)"
09ATD015,fd02659c-dc3d-52ea-a8eb-c032b91e7624,47cf05e4-91f5-521d-bda8-cbffa2e9ae71,85089751-1589-5855-a936-d50f21c8d8d4,35117,35275,298.0,299.0,159,0.823,4.1728,2.1617,4.2507,6.11,0.3358,0.9992,25.0,normal,high,"Grp2 = oxide (low, >=25.0 sd); Grp1 = oxide (low, >=25.0 sd); Min1 = chlorite-femg (high, 19.6 sd)"
09ATD015,fd02659c-dc3d-52ea-a8eb-c032b91e7624,47cf05e4-91f5-521d-bda8-cbffa2e9ae71,85089751-1589-5855-a936-d50f21c8d8d4,35276,35412,299.0,300.0,137,0.823,3.9984,2.1459,4.0505,3.5,0.3376,1.0367,25.0,normal,high,"Grp2 = oxide (low, >=25.0 sd); Grp1 = oxide (low, >=25.0 sd); Min1 = chlorite-femg (high, 19.1 sd)"
09ATD015,fd02659c-dc3d-52ea-a8eb-c032b91e7624,47cf05e4-91f5-521d-bda8-cbffa2e9ae71,85089751-1589-5855-a936-d50f21c8d8d4,35413,35563,300.0,301.0,151,0.823,4.2876,2.9257,5.2948,11.91,0.3378,0.981,25.0,normal,high,"Grp2 = oxide (low, >=25.0 sd); Grp1 = oxide (low, >=25.0 sd); Min1 = aspectral (low, 20.5 sd)"
09ATD015,fd02659c-dc3d-52ea-a8eb-c032b91e7624,47cf05e4-91f5-521d-bda8-cbffa2e9ae71,85089751-1589-5855-a936-d50f21c8d8d4,35564,35716,301.0,302.0,153,0.823,4.2306,2.8211,7.2311,15.1,0.3439,1.0988,25.0,normal,high,"Grp1 = oxide (low, >=25.0 sd); Grp2 = oxide (low, >=25.0 sd); Min1 = aspectral (low, 19.7 sd)"
09ATD015,fd02659c-dc3d-52ea-a8eb-c032b91e7624,47cf05e4-91f5-521d-bda8-cbffa2e9ae71,85089751-1589-5855-a936-d50f21c8d8d4,35717,35862,302.0,303.0,146,0.823,4.083,2.7078,5.9308,7.61,0.3364,1.0153,25.0,normal,high,"Grp1 = oxide (low, >=25.0 sd); Grp2 = oxide (low, >=25.0 sd); Min1 = chlorite-femg (high, 18.9 sd)"
09ATD015,fd02659c-dc3d-52ea-a8eb-c032b91e7624,47cf05e4-91f5-521d-bda8-cbffa2e9ae71,85089751-1589-5855-a936-d50f21c8d8d4,35863,36010,303.0,304.0,148,0.829,3.9129,4.3389,22.9014,32.19,0.355,1.2843,25.0,normal,high,"Grp1 = oxide (low, >=25.0 sd); Grp2 = oxide (low, >=25.0 sd); Min2 = goethite (low, 18.1 sd)"
09ATD015,fd02659c-dc3d-52ea-a8eb-c032b91e7624,47cf05e4-91f5-521d-bda8-cbffa2e9ae71,85089751-1589-5855-a936-d50f21c8d8d4,36011,36148,304.0,305.0,138,0.829,3.7733,4.9574,19.1263,29.94,0.3676,1.2726,25.0,normal,high,"Grp2 = oxide (low, >=25.0 sd); Grp1 = oxide (low, >=25.0 sd); Min2 = goethite (low, 17.5 sd)"
09ATD015,fd02659c-dc3d-52ea-a8eb-c032b91e7624,47cf05e4-91f5-521d-bda8-cbffa2e9ae71,85089751-1589-5855-a936-d50f21c8d8d4,36149,36292,305.0,306.0,144,0.829,3.9173,6.5964,24.4234,38.34,0.3692,1.5959,25.0,normal,high,"Grp1 = oxide (low, >=25.0 sd); Grp2 = oxide (low, >=25.0 sd); Min2 = goethite (low, 17.8 sd)"
09ATD015,fd02659c-dc3d-52ea-a8eb-c032b91e7624,47cf05e4-91f5-521d-bda8-cbffa2e9ae71,85089751-1589-5855-a936-d50f21c8d8d4,36293,36438,306.0,307.0,146,0.831,4.0214,7.482,27.3881,43.58,0.3748,1.5732,25.0,normal,high,"Grp1 = oxide (low, >=25.0 sd); Grp2 = oxide (low, >=25.0 sd); Grp2 = epidote (high, 20.0 sd)"
09ATD015,fd02659c-dc3d-52ea-a8eb-c032b91e7624,47cf05e4-91f5-521d-bda8-cbffa2e9ae71,85089751-1589-5855-a936-d50f21c8d8d4,36439,36585,307.0,308.0,147,0.821,4.1632,3.7404,14.0099,23.25,0.345,1.5119,25.0,normal,high,"Grp1 = oxide (low, >=25.0 sd); Grp2 = oxide (low, >=25.0 sd); Min1 = chlorite-femg (high, 20.7 sd)"
09ATD015,fd02659c-dc3d-52ea-a8eb-c032b91e7624,47cf05e4-91f5-521d-bda8-cbffa2e9ae71,85089751-1589-5855-a936-d50f21c8d8d4,36586,36731,308.0,309.0,146,0.823,4.265,2.6115,4.2538,8.07,0.3351,0.9806,25.0,normal,high,"Grp1 = oxide (low, >=25.0 sd); Grp2 = oxide (low, >=25.0 sd); Min1 = aspectral (low, 24.0 sd)"
09ATD015,fd02659c-dc3d-52ea-a8eb-c032b91e7624,47cf05e4-91f5-521d-bda8-cbffa2e9ae71,85089751-1589-5855-a936-d50f21c8d8d4,36732,36876,309.0,310.0,145,0.823,4.1575,2.2541,5.1396,7.61,0.3377,0.9875,25.0,normal,high,"Grp2 = oxide (low, >=25.0 sd); Grp1 = oxide (low, >=25.0 sd); Min1 = aspectral (low, 19.9 sd)"
09ATD015,fd02659c-dc3d-52ea-a8eb-c032b91e7624,47cf05e4-91f5-521d-bda8-cbffa2e9ae71,85089751-1589-5855-a936-d50f21c8d8d4,36877,37014,310.0,311.0,138,0.823,4.174,3.1697,4.5675,9.51,0.3368,1.013,25.0,normal,high,"Grp1 = oxide (low, >=25.0 sd); Grp2 = oxide (low, >=25.0 sd); Min1 = aspectral (low, 23.5 sd)"
09ATD015,fd02659c-dc3d-52ea-a8eb-c032b91e7624,47cf05e4-91f5-521d-bda8-cbffa2e9ae71,85089751-1589-5855-a936-d50f21c8d8d4,37015,37151,311.0,312.0,137,0.823,4.0625,2.7893,5.6236,9.47,0.3425,1.0635,25.0,normal,high,"Grp2 = oxide (low, >=25.0 sd); Grp1 = oxide (low, >=25.0 sd); Min1 = chlorite-femg (high, 20.2 sd)"
09ATD015,fd02659c-dc3d-52ea-a8eb-c032b91e7624,47cf05e4-91f5-521d-bda8-cbffa2e9ae71,85089751-1589-5855-a936-d50f21c8d8d4,37152,37315,312.0,313.0,164,0.823,4.2468,2.2572,5.3409,9.95,0.3389,1.0293,25.0,normal,high,"Grp1 = oxide (low, >=25.0 sd); Grp2 = oxide (low, >=25.0 sd); Min1 = aspectral (low, 21.0 sd)"
09ATD015,fd02659c-dc3d-52ea-a8eb-c032b91e7624,47cf05e4-91f5-521d-bda8-cbffa2e9ae71,85089751-1589-5855-a936-d50f21c8d8d4,37316,37467,313.0,314.0,152,0.823,4.0546,2.8884,7.7237,12.76,0.3438,1.2099,25.0,normal,high,"Grp1 = oxide (low, >=25.0 sd); Grp2 = oxide (low, >=25.0 sd); Min1 = chlorite-femg (high, 18.9 sd)"
09ATD015,fd02659c-dc3d-52ea-a8eb-c032b91e7624,47cf05e4-91f5-521d-bda8-cbffa2e9ae71,85089751-1589-5855-a936-d50f21c8d8d4,37468,37609,314.0,315.0,142,0.823,4.0163,2.2213,5.6968,6.44,0.3397,1.0791,25.0,normal,high,"Grp2 = oxide (low, >=25.0 sd); Grp1 = oxide (low, >=25.0 sd); Min1 = chlorite-femg (high, 19.8 sd)"
09ATD015,fd02659c-dc3d-52ea-a8eb-c032b91e7624,47cf05e4-91f5-521d-bda8-cbffa2e9ae71,85089751-1589-5855-a936-d50f21c8d8d4,37610,37764,315.0,316.0,155,0.823,4.2613,3.1037,5.9022,12.55,0.3371,1.0308,25.0,normal,high,"Grp1 = oxide (low, >=25.0 sd); Grp2 = oxide (low, >=25.0 sd); Min1 = aspectral (low, 22.6 sd)"
09ATD015,fd02659c-dc3d-52ea-a8eb-c032b91e7624,47cf05e4-91f5-521d-bda8-cbffa2e9ae71,85089751-1589-5855-a936-d50f21c8d8d4,37765,37906,316.0,317.0,142,0.823,4.305,2.892,4.907,12.14,0.3394,0.9726,25.0,normal,high,"Grp2 = oxide (low, >=25.0 sd); Grp1 = oxide (low, >=25.0 sd); Min1 = aspectral (low, 24.3 sd)"
09ATD015,fd02659c-dc3d-52ea-a8eb-c032b91e7624,47cf05e4-91f5-521d-bda8-cbffa2e9ae71,85089751-1589-5855-a936-d50f21c8d8d4,37907,38045,317.0,318.0,139,0.827,4.2822,2.9569,6.6444,17.14,0.348,0.997,25.0,normal,high,"Grp1 = oxide (low, >=25.0 sd); Grp2 = oxide (low, >=25.0 sd); Min1 = aspectral (low, 21.6 sd)"
09ATD015,fd02659c-dc3d-52ea-a8eb-c032b91e7624,47cf05e4-91f5-521d-bda8-cbffa2e9ae71,85089751-1589-5855-a936-d50f21c8d8d4,38046,38194,318.0,319.0,149,0.823,4.1243,2.0777,5.6142,7.36,0.3375,1.0155,25.0,normal,high,"Grp1 = oxide (low, >=25.0 sd); Grp2 = oxide (low, >=25.0 sd); Min1 = chlorite-femg (high, 18.6 sd)"
09ATD015,fd02659c-dc3d-52ea-a8eb-c032b91e7624,47cf05e4-91f5-521d-bda8-cbffa2e9ae71,85089751-1589-5855-a936-d50f21c8d8d4,38195,38342,319.0,320.0,148,0.823,4.3768,3.2294,4.5931,13.89,0.3381,0.998,25.0,normal,high,"Grp1 = oxide (low, >=25.0 sd); Grp2 = oxide (low, >=25.0 sd); Min1 = aspectral (low, 22.7 sd)"
09ATD015,fd02659c-dc3d-52ea-a8eb-c032b91e7624,47cf05e4-91f5-521d-bda8-cbffa2e9ae71,85089751-1589-5855-a936-d50f21c8d8d4,38343,38487,320.0,321.0,145,0.823,4.1013,2.604,6.5058,10.11,0.3407,1.0986,25.0,normal,high,"Grp2 = oxide (low, >=25.0 sd); Grp1 = oxide (low, >=25.0 sd); Min1 = aspectral (low, 18.8 sd)"
09ATD015,fd02659c-dc3d-52ea-a8eb-c032b91e7624,47cf05e4-91f5-521d-bda8-cbffa2e9ae71,85089751-1589-5855-a936-d50f21c8d8d4,38488,38643,321.0,322.0,156,0.827,4.2522,2.4658,6.8745,13.32,0.3415,1.0437,25.0,normal,high,"Grp2 = oxide (low, >=25.0 sd); Grp1 = oxide (low, >=25.0 sd); Min1 = chlorite-femg (high, 19.9 sd)"
09ATD015,fd02659c-dc3d-52ea-a8eb-c032b91e7624,47cf05e4-91f5-521d-bda8-cbffa2e9ae71,85089751-1589-5855-a936-d50f21c8d8d4,38644,38813,322.0,323.0,170,0.823,4.4407,3.0075,8.0233,21.68,0.3495,1.2189,25.0,normal,high,"Grp2 = oxide (low, >=25.0 sd); Min1 = aspectral (low, >=25.0 sd); Grp1 = oxide (low, >=25.0 sd)"
09ATD015,fd02659c-dc3d-52ea-a8eb-c032b91e7624,47cf05e4-91f5-521d-bda8-cbffa2e9ae71,85089751-1589-5855-a936-d50f21c8d8d4,38814,38957,323.0,324.0,144,0.827,4.3036,3.1852,14.0594,24.73,0.3484,1.5624,25.0,normal,high,"Grp1 = oxide (low, >=25.0 sd); Grp2 = oxide (low, >=25.0 sd); Min1 = aspectral (low, 24.7 sd)"
09ATD015,fd02659c-dc3d-52ea-a8eb-c032b91e7624,47cf05e4-91f5-521d-bda8-cbffa2e9ae71,85089751-1589-5855-a936-d50f21c8d8d4,38958,39106,324.0,325.0,149,0.827,4.3001,3.208,15.8246,27.56,0.3531,1.66,25.0,normal,high,"Grp2 = oxide (low, >=25.0 sd); Grp1 = oxide (low, >=25.0 sd); Min1 = aspectral (low, 24.7 sd)"
09ATD015,fd02659c-dc3d-52ea-a8eb-c032b91e7624,47cf05e4-91f5-521d-bda8-cbffa2e9ae71,85089751-1589-5855-a936-d50f21c8d8d4,39107,39244,325.0,326.0,138,0.823,4.2951,3.1531,10.8931,22.71,0.3509,1.3644,25.0,normal,high,"Grp1 = oxide (low, >=25.0 sd); Grp2 = oxide (low, >=25.0 sd); Min1 = aspectral (low, 24.2 sd)"
09ATD015,fd02659c-dc3d-52ea-a8eb-c032b91e7624,47cf05e4-91f5-521d-bda8-cbffa2e9ae71,85089751-1589-5855-a936-d50f21c8d8d4,39245,39390,326.0,327.0,146,0.823,4.3173,2.8256,6.8029,15.3,0.3406,0.9896,25.0,normal,high,"Grp2 = oxide (low, >=25.0 sd); Grp1 = oxide (low, >=25.0 sd); Min1 = aspectral (low, >=25.0 sd)"
09ATD015,fd02659c-dc3d-52ea-a8eb-c032b91e7624,47cf05e4-91f5-521d-bda8-cbffa2e9ae71,85089751-1589-5855-a936-d50f21c8d8d4,39391,39543,327.0,328.0,153,0.823,4.2128,2.3008,5.4291,9.26,0.3383,1.0024,25.0,normal,high,"Grp2 = oxide (low, >=25.0 sd); Grp1 = oxide (low, >=25.0 sd); Min1 = aspectral (low, 21.5 sd)"
09ATD015,fd02659c-dc3d-52ea-a8eb-c032b91e7624,47cf05e4-91f5-521d-bda8-cbffa2e9ae71,85089751-1589-5855-a936-d50f21c8d8d4,39544,39687,328.0,329.0,144,0.823,4.2925,2.8106,4.437,10.68,0.338,0.9838,25.0,normal,high,"Grp1 = oxide (low, >=25.0 sd); Grp2 = oxide (low, >=25.0 sd); Min1 = aspectral (low, 23.4 sd)"
09ATD015,fd02659c-dc3d-52ea-a8eb-c032b91e7624,47cf05e4-91f5-521d-bda8-cbffa2e9ae71,85089751-1589-5855-a936-d50f21c8d8d4,39688,39833,329.0,330.0,146,0.825,4.2645,2.9667,9.0545,16.66,0.3397,1.1849,25.0,normal,high,"Grp2 = oxide (low, >=25.0 sd); Grp1 = oxide (low, >=25.0 sd); Min1 = aspectral (low, 24.7 sd)"
09ATD015,fd02659c-dc3d-52ea-a8eb-c032b91e7624,47cf05e4-91f5-521d-bda8-cbffa2e9ae71,85089751-1589-5855-a936-d50f21c8d8d4,39834,39996,330.0,331.0,163,0.827,4.3235,2.5946,6.0912,14.01,0.3415,1.0776,25.0,normal,high,"Grp2 = oxide (low, >=25.0 sd); Grp1 = oxide (low, >=25.0 sd); Min1 = aspectral (low, >=25.0 sd)"
09ATD015,fd02659c-dc3d-52ea-a8eb-c032b91e7624,47cf05e4-91f5-521d-bda8-cbffa2e9ae71,85089751-1589-5855-a936-d50f21c8d8d4,39997,40147,331.0,332.0,151,0.823,4.287,2.5083,7.7186,14.64,0.3409,1.0538,25.0,normal,high,"Grp1 = oxide (low, >=25.0 sd); Grp2 = oxide (low, >=25.0 sd); Min1 = aspectral (low, 24.3 sd)"
09ATD015,fd02659c-dc3d-52ea-a8eb-c032b91e7624,47cf05e4-91f5-521d-bda8-cbffa2e9ae71,85089751-1589-5855-a936-d50f21c8d8d4,40148,40291,332.0,333.0,144,0.823,4.3469,3.0903,4.0312,11.95,0.3371,0.9837,25.0,normal,high,"Grp2 = oxide (low, >=25.0 sd); Grp1 = oxide (low, >=25.0 sd); Min1 = aspectral (low, 23.2 sd)"
09ATD015,fd02659c-dc3d-52ea-a8eb-c032b91e7624,47cf05e4-91f5-521d-bda8-cbffa2e9ae71,85089751-1589-5855-a936-d50f21c8d8d4,40292,40439,333.0,334.0,148,0.823,4.4207,3.2334,14.3685,25.65,0.3427,1.3007,25.0,normal,high,"Grp2 = oxide (low, >=25.0 sd); Grp1 = oxide (low, >=25.0 sd); Min1 = aspectral (low, 24.2 sd)"
09ATD015,fd02659c-dc3d-52ea-a8eb-c032b91e7624,47cf05e4-91f5-521d-bda8-cbffa2e9ae71,85089751-1589-5855-a936-d50f21c8d8d4,40440,40580,334.0,335.0,141,0.823,4.4982,3.7238,14.9214,29.55,0.3459,1.3903,25.0,normal,high,"Grp2 = oxide (low, >=25.0 sd); Grp1 = oxide (low, >=25.0 sd); Min1 = aspectral (low, 24.0 sd)"
09ATD015,fd02659c-dc3d-52ea-a8eb-c032b91e7624,47cf05e4-91f5-521d-bda8-cbffa2e9ae71,85089751-1589-5855-a936-d50f21c8d8d4,40581,40724,335.0,336.0,144,0.823,4.3684,3.2517,4.6332,14.03,0.3382,1.0018,25.0,normal,high,"Grp2 = oxide (low, >=25.0 sd); Grp1 = oxide (low, >=25.0 sd); Min1 = aspectral (low, 22.3 sd)"
09ATD015,fd02659c-dc3d-52ea-a8eb-c032b91e7624,47cf05e4-91f5-521d-bda8-cbffa2e9ae71,85089751-1589-5855-a936-d50f21c8d8d4,40725,40877,336.0,337.0,153,0.823,4.3151,3.11,5.4244,14.2,0.3403,0.9953,25.0,normal,high,"Grp2 = oxide (low, >=25.0 sd); Grp1 = oxide (low, >=25.0 sd); Min1 = aspectral (low, 20.5 sd)"
09ATD015,fd02659c-dc3d-52ea-a8eb-c032b91e7624,47cf05e4-91f5-521d-bda8-cbffa2e9ae71,85089751-1589-5855-a936-d50f21c8d8d4,40878,41023,337.0,338.0,146,0.823,4.3058,2.7354,4.2213,9.34,0.3357,0.9805,25.0,normal,high,"Grp2 = oxide (low, >=25.0 sd); Grp1 = oxide (low, >=25.0 sd); Min1 = aspectral (low, 24.3 sd)"
09ATD015,fd02659c-dc3d-52ea-a8eb-c032b91e7624,47cf05e4-91f5-521d-bda8-cbffa2e9ae71,85089751-1589-5855-a936-d50f21c8d8d4,41024,41175,338.0,339.0,152,0.823,4.1717,2.6303,5.4942,7.61,0.3345,1.0174,25.0,normal,high,"Grp1 = oxide (low, >=25.0 sd); Grp2 = oxide (low, >=25.0 sd); Min1 = aspectral (low, 21.0 sd)"
09ATD015,fd02659c-dc3d-52ea-a8eb-c032b91e7624,47cf05e4-91f5-521d-bda8-cbffa2e9ae71,85089751-1589-5855-a936-d50f21c8d8d4,41176,41357,339.0,340.0,182,0.823,4.4342,3.7428,8.2238,25.56,0.3566,1.1372,25.0,normal,high,"Grp2 = oxide (low, >=25.0 sd); Grp1 = oxide (low, >=25.0 sd); Min2 = goethite (low, 20.0 sd)"
09ATD015,fd02659c-dc3d-52ea-a8eb-c032b91e7624,47cf05e4-91f5-521d-bda8-cbffa2e9ae71,85089751-1589-5855-a936-d50f21c8d8d4,41358,41508,340.0,341.0,151,0.823,4.2538,3.2171,6.5647,14.01,0.3375,1.049,25.0,normal,high,"Grp2 = oxide (low, >=25.0 sd); Grp1 = oxide (low, >=25.0 sd); Min1 = aspectral (low, >=25.0 sd)"
09ATD015,fd02659c-dc3d-52ea-a8eb-c032b91e7624,47cf05e4-91f5-521d-bda8-cbffa2e9ae71,85089751-1589-5855-a936-d50f21c8d8d4,41509,41645,341.0,342.0,137,0.823,4.2741,2.9078,4.933,12.72,0.3416,0.985,25.0,normal,high,"Grp1 = oxide (low, >=25.0 sd); Grp2 = oxide (low, >=25.0 sd); Min1 = aspectral (low, 23.6 sd)"
09ATD015,fd02659c-dc3d-52ea-a8eb-c032b91e7624,47cf05e4-91f5-521d-bda8-cbffa2e9ae71,85089751-1589-5855-a936-d50f21c8d8d4,41646,41792,342.0,343.0,147,0.823,4.3122,2.7888,4.8943,11.05,0.3374,0.9982,25.0,normal,high,"Grp1 = oxide (low, >=25.0 sd); Grp2 = oxide (low, >=25.0 sd); Min1 = aspectral (low, 23.1 sd)"
09ATD015,fd02659c-dc3d-52ea-a8eb-c032b91e7624,47cf05e4-91f5-521d-bda8-cbffa2e9ae71,85089751-1589-5855-a936-d50f21c8d8d4,41793,41931,343.0,344.0,139,0.825,4.1825,2.7376,6.277,13.07,0.3442,1.1036,25.0,normal,high,"Grp2 = oxide (low, >=25.0 sd); Grp1 = oxide (low, >=25.0 sd); Min1 = aspectral (low, 19.9 sd)"
09ATD015,fd02659c-dc3d-52ea-a8eb-c032b91e7624,47cf05e4-91f5-521d-bda8-cbffa2e9ae71,85089751-1589-5855-a936-d50f21c8d8d4,41932,42077,344.0,345.0,146,0.827,4.1849,3.1998,7.779,16.64,0.344,1.0301,25.0,normal,high,"Grp2 = oxide (low, >=25.0 sd); Grp1 = oxide (low, >=25.0 sd); Min1 = chlorite-femg (high, 20.8 sd)"
09ATD015,fd02659c-dc3d-52ea-a8eb-c032b91e7624,47cf05e4-91f5-521d-bda8-cbffa2e9ae71,85089751-1589-5855-a936-d50f21c8d8d4,42078,42226,345.0,346.0,149,0.823,4.1179,2.1206,6.666,8.19,0.3364,1.0212,25.0,normal,high,"Grp1 = oxide (low, >=25.0 sd); Grp2 = oxide (low, >=25.0 sd); Min1 = chlorite-femg (high, 18.8 sd)"
09ATD015,fd02659c-dc3d-52ea-a8eb-c032b91e7624,47cf05e4-91f5-521d-bda8-cbffa2e9ae71,85089751-1589-5855-a936-d50f21c8d8d4,42227,42362,346.0,347.0,136,0.823,4.198,2.6808,4.3618,9.67,0.3413,0.9738,25.0,normal,high,"Grp2 = oxide (low, >=25.0 sd); Grp1 = oxide (low, >=25.0 sd); Min1 = aspectral (low, 22.2 sd)"
09ATD015,fd02659c-dc3d-52ea-a8eb-c032b91e7624,47cf05e4-91f5-521d-bda8-cbffa2e9ae71,85089751-1589-5855-a936-d50f21c8d8d4,42363,42508,347.0,348.0,146,0.823,4.2915,2.8134,4.5801,9.34,0.3342,0.9871,25.0,normal,high,"Grp2 = oxide (low, >=25.0 sd); Grp1 = oxide (low, >=25.0 sd); Min1 = aspectral (low, 24.9 sd)"
09ATD015,fd02659c-dc3d-52ea-a8eb-c032b91e7624,47cf05e4-91f5-521d-bda8-cbffa2e9ae71,85089751-1589-5855-a936-d50f21c8d8d4,42509,42662,348.0,349.0,154,0.823,4.2904,3.1841,5.1165,11.76,0.3355,1.0198,25.0,normal,high,"Grp2 = oxide (low, >=25.0 sd); Grp1 = oxide (low, >=25.0 sd); Min1 = aspectral (low, 24.6 sd)"
09ATD015,fd02659c-dc3d-52ea-a8eb-c032b91e7624,47cf05e4-91f5-521d-bda8-cbffa2e9ae71,85089751-1589-5855-a936-d50f21c8d8d4,42663,42794,349.0,350.0,132,0.815,4.1323,3.2933,5.1395,12.01,0.3414,1.0221,25.0,normal,high,"Grp2 = oxide (low, >=25.0 sd); Grp1 = oxide (low, >=25.0 sd); Min1 = aspectral (low, 24.1 sd)"
09ATD015,fd02659c-dc3d-52ea-a8eb-c032b91e7624,47cf05e4-91f5-521d-bda8-cbffa2e9ae71,85089751-1589-5855-a936-d50f21c8d8d4,42795,42952,350.0,351.0,158,0.823,4.2503,2.7943,7.3299,13.95,0.3401,1.0576,25.0,normal,high,"Grp1 = oxide (low, >=25.0 sd); Grp2 = oxide (low, >=25.0 sd); Min1 = aspectral (low, 21.8 sd)"
09ATD015,fd02659c-dc3d-52ea-a8eb-c032b91e7624,47cf05e4-91f5-521d-bda8-cbffa2e9ae71,85089751-1589-5855-a936-d50f21c8d8d4,42953,43102,351.0,352.0,150,0.823,4.3182,2.9064,5.154,13.12,0.3398,0.9715,25.0,normal,high,"Grp1 = oxide (low, >=25.0 sd); Grp2 = oxide (low, >=25.0 sd); Min1 = aspectral (low, 21.9 sd)"
09ATD015,fd02659c-dc3d-52ea-a8eb-c032b91e7624,47cf05e4-91f5-521d-bda8-cbffa2e9ae71,85089751-1589-5855-a936-d50f21c8d8d4,43103,43246,352.0,353.0,144,0.823,4.4422,3.2456,22.185,35.63,0.3441,1.5938,25.0,normal,high,"Grp2 = oxide (low, >=25.0 sd); Grp1 = oxide (low, >=25.0 sd); Min1 = aspectral (low, 23.9 sd)"
09ATD015,fd02659c-dc3d-52ea-a8eb-c032b91e7624,47cf05e4-91f5-521d-bda8-cbffa2e9ae71,85089751-1589-5855-a936-d50f21c8d8d4,43247,43392,353.0,354.0,146,0.825,4.3251,2.948,17.2013,26.29,0.3418,1.3832,25.0,normal,high,"Grp2 = oxide (low, >=25.0 sd); Grp1 = oxide (low, >=25.0 sd); Min1 = aspectral (low, 24.5 sd)"
09ATD015,fd02659c-dc3d-52ea-a8eb-c032b91e7624,47cf05e4-91f5-521d-bda8-cbffa2e9ae71,85089751-1589-5855-a936-d50f21c8d8d4,43393,43542,354.0,355.0,150,0.825,4.3185,2.8011,7.535,16.37,0.3418,1.1097,25.0,normal,high,"Grp2 = oxide (low, >=25.0 sd); Grp1 = oxide (low, >=25.0 sd); Min1 = aspectral (low, >=25.0 sd)"
09ATD015,fd02659c-dc3d-52ea-a8eb-c032b91e7624,47cf05e4-91f5-521d-bda8-cbffa2e9ae71,85089751-1589-5855-a936-d50f21c8d8d4,43543,43695,355.0,356.0,153,0.823,4.2852,3.29,10.1312,21.52,0.3457,1.5966,25.0,normal,high,"Grp1 = oxide (low, >=25.0 sd); Grp2 = oxide (low, >=25.0 sd); Min1 = aspectral (low, >=25.0 sd)"
09ATD015,fd02659c-dc3d-52ea-a8eb-c032b91e7624,47cf05e4-91f5-521d-bda8-cbffa2e9ae71,85089751-1589-5855-a936-d50f21c8d8d4,43696,43840,356.0,357.0,145,0.825,4.1778,2.9882,6.4735,11.91,0.3383,1.4669,25.0,normal,high,"Grp1 = oxide (low, >=25.0 sd); Min1 = aspectral (low, >=25.0 sd); Grp2 = oxide (low, >=25.0 sd)"
09ATD015,fd02659c-dc3d-52ea-a8eb-c032b91e7624,47cf05e4-91f5-521d-bda8-cbffa2e9ae71,85089751-1589-5855-a936-d50f21c8d8d4,43841,44014,357.0,358.0,174,0.823,4.4695,3.0069,14.5535,27.11,0.3488,1.4849,25.0,normal,high,"Grp1 = oxide (low, >=25.0 sd); Grp2 = oxide (low, >=25.0 sd); Min1 = aspectral (low, >=25.0 sd)"
09ATD015,fd02659c-dc3d-52ea-a8eb-c032b91e7624,47cf05e4-91f5-521d-bda8-cbffa2e9ae71,85089751-1589-5855-a936-d50f21c8d8d4,44015,44167,358.0,359.0,153,0.823,4.3381,2.7432,6.731,16.74,0.3444,1.0453,25.0,normal,high,"Grp2 = oxide (low, >=25.0 sd); Grp1 = oxide (low, >=25.0 sd); Min1 = aspectral (low, 24.9 sd)"
09ATD015,fd02659c-dc3d-52ea-a8eb-c032b91e7624,47cf05e4-91f5-521d-bda8-cbffa2e9ae71,85089751-1589-5855-a936-d50f21c8d8d4,44168,44308,359.0,360.0,141,0.827,4.1463,2.336,4.6363,7.44,0.3388,0.986,25.0,normal,high,"Grp1 = oxide (low, >=25.0 sd); Grp2 = oxide (low, >=25.0 sd); Min1 = aspectral (low, 19.9 sd)"
09ATD015,fd02659c-dc3d-52ea-a8eb-c032b91e7624,47cf05e4-91f5-521d-bda8-cbffa2e9ae71,85089751-1589-5855-a936-d50f21c8d8d4,44309,44457,360.0,361.0,149,0.831,4.274,4.2155,21.7319,34.59,0.3441,1.8049,25.0,normal,high,"Grp1 = oxide (low, >=25.0 sd); Grp2 = oxide (low, >=25.0 sd); Min1 = chlorite-femg (high, 19.8 sd)"
09ATD015,fd02659c-dc3d-52ea-a8eb-c032b91e7624,47cf05e4-91f5-521d-bda8-cbffa2e9ae71,85089751-1589-5855-a936-d50f21c8d8d4,44458,44596,361.0,362.0,139,0.831,4.2452,5.6964,31.9517,43.95,0.3647,2.8968,25.0,normal,high,"Grp1 = oxide (low, >=25.0 sd); Grp2 = oxide (low, >=25.0 sd); Grp2 = epidote (high, 23.0 sd)"
09ATD015,fd02659c-dc3d-52ea-a8eb-c032b91e7624,47cf05e4-91f5-521d-bda8-cbffa2e9ae71,85089751-1589-5855-a936-d50f21c8d8d4,44597,44745,362.0,363.0,149,0.831,4.1206,3.3922,9.2597,19.22,0.35,1.1486,25.0,normal,high,"Grp1 = oxide (low, >=25.0 sd); Grp2 = oxide (low, >=25.0 sd); Min1 = chlorite-femg (high, 18.8 sd)"
09ATD015,fd02659c-dc3d-52ea-a8eb-c032b91e7624,47cf05e4-91f5-521d-bda8-cbffa2e9ae71,85089751-1589-5855-a936-d50f21c8d8d4,44746,44894,363.0,364.0,149,0.819,4.1967,3.7009,7.3904,17.7,0.343,1.0536,25.0,normal,high,"Grp1 = oxide (low, >=25.0 sd); Grp2 = oxide (low, >=25.0 sd); Min1 = chlorite-femg (high, 19.2 sd)"
09ATD015,fd02659c-dc3d-52ea-a8eb-c032b91e7624,47cf05e4-91f5-521d-bda8-cbffa2e9ae71,85089751-1589-5855-a936-d50f21c8d8d4,44895,45033,364.0,365.0,139,0.819,4.1111,3.4423,6.6431,14.45,0.3426,1.0494,25.0,normal,high,"Grp1 = oxide (low, >=25.0 sd); Grp2 = oxide (low, >=25.0 sd); Min1 = chlorite-femg (high, 19.9 sd)"
09ATD015,fd02659c-dc3d-52ea-a8eb-c032b91e7624,47cf05e4-91f5-521d-bda8-cbffa2e9ae71,85089751-1589-5855-a936-d50f21c8d8d4,45034,45181,365.0,366.0,148,0.81,4.2775,3.9582,8.5638,20.58,0.3417,1.0863,25.0,normal,high,"Grp1 = oxide (low, >=25.0 sd); Grp2 = oxide (low, >=25.0 sd); Min1 = aspectral (low, 22.1 sd)"
09ATD015,fd02659c-dc3d-52ea-a8eb-c032b91e7624,47cf05e4-91f5-521d-bda8-cbffa2e9ae71,85089751-1589-5855-a936-d50f21c8d8d4,45182,45331,366.0,367.0,150,0.823,4.2857,3.8469,6.4047,17.91,0.341,1.0388,25.0,normal,high,"Grp2 = oxide (low, >=25.0 sd); Grp1 = oxide (low, >=25.0 sd); Min1 = aspectral (low, 22.9 sd)"
09ATD015,fd02659c-dc3d-52ea-a8eb-c032b91e7624,47cf05e4-91f5-521d-bda8-cbffa2e9ae71,85089751-1589-5855-a936-d50f21c8d8d4,45332,45470,367.0,368.0,139,0.823,4.2185,2.8068,6.6028,12.91,0.3409,1.0282,25.0,normal,high,"Grp2 = oxide (low, >=25.0 sd); Grp1 = oxide (low, >=25.0 sd); Min1 = aspectral (low, 24.3 sd)"
09ATD015,fd02659c-dc3d-52ea-a8eb-c032b91e7624,47cf05e4-91f5-521d-bda8-cbffa2e9ae71,85089751-1589-5855-a936-d50f21c8d8d4,45471,45610,368.0,369.0,140,0.823,4.1553,2.4531,9.2661,16.22,0.3492,1.258,25.0,normal,high,"Grp1 = oxide (low, >=25.0 sd); Grp2 = oxide (low, >=25.0 sd); Min1 = aspectral (low, 24.8 sd)"
09ATD015,fd02659c-dc3d-52ea-a8eb-c032b91e7624,47cf05e4-91f5-521d-bda8-cbffa2e9ae71,85089751-1589-5855-a936-d50f21c8d8d4,45611,46029,369.0,370.0,419,0.823,5.987,9.3459,29.2442,82.74,0.4182,2.32,25.0,normal,high,"Grp2 = oxide (low, >=25.0 sd); Min1 = aspectral (low, >=25.0 sd); Grp1 = oxide (low, >=25.0 sd)"
09ATD019,fd02659c-dc3d-52ea-a8eb-c032b91e7624,28802f55-a962-5c3c-95e4-594252b909f2,d9afc2a4-6146-51b8-a896-8bfe3133d87e,0,152,79.0,80.0,153,0.835,4.1493,3.0324,9.4635,19.27,0.3575,1.0879,25.0,normal,high,"Grp2 = oxide (low, >=25.0 sd); Grp1 = oxide (low, >=25.0 sd); Min1 = chlorite-femg (high, 19.0 sd)"
09ATD019,fd02659c-dc3d-52ea-a8eb-c032b91e7624,28802f55-a962-5c3c-95e4-594252b909f2,d9afc2a4-6146-51b8-a896-8bfe3133d87e,153,297,80.0,81.0,145,0.827,4.2751,7.0454,8.0142,26.06,0.3479,1.1132,25.0,normal,high,"Grp1 = oxide (low, >=25.0 sd); Grp2 = oxide (low, >=25.0 sd); Min2 = muscovite (high, 23.0 sd)"
09ATD019,fd02659c-dc3d-52ea-a8eb-c032b91e7624,28802f55-a962-5c3c-95e4-594252b909f2,d9afc2a4-6146-51b8-a896-8bfe3133d87e,298,437,81.0,82.0,140,0.823,4.2044,6.2394,6.7842,20.89,0.3433,1.0279,25.0,normal,high,"Grp2 = oxide (low, >=25.0 sd); Grp1 = oxide (low, >=25.0 sd); Min2 = muscovite (high, 21.2 sd)"
09ATD019,fd02659c-dc3d-52ea-a8eb-c032b91e7624,28802f55-a962-5c3c-95e4-594252b909f2,d9afc2a4-6146-51b8-a896-8bfe3133d87e,438,606,82.0,83.0,169,0.831,4.3283,3.5106,9.5917,24.0,0.3505,1.1297,25.0,normal,high,"Grp2 = oxide (low, >=25.0 sd); Grp1 = oxide (low, >=25.0 sd); Min1 = chlorite-femg (high, 22.0 sd)"
09ATD019,fd02659c-dc3d-52ea-a8eb-c032b91e7624,28802f55-a962-5c3c-95e4-594252b909f2,d9afc2a4-6146-51b8-a896-8bfe3133d87e,607,752,83.0,84.0,146,0.831,4.3322,12.1245,19.1876,51.04,0.3589,3.2053,25.0,normal,high,"Grp1 = oxide (low, >=25.0 sd); Grp2 = oxide (low, >=25.0 sd); Grp1 = kaolin (high, 24.4 sd)"
09ATD019,fd02659c-dc3d-52ea-a8eb-c032b91e7624,28802f55-a962-5c3c-95e4-594252b909f2,d9afc2a4-6146-51b8-a896-8bfe3133d87e,753,904,84.0,85.0,152,0.839,4.5483,13.8823,25.6341,70.14,0.397,2.3661,25.0,normal,high,"Grp2 = oxide (low, >=25.0 sd); Grp1 = kaolin (high, >=25.0 sd); Grp1 = oxide (low, >=25.0 sd)"
09ATD019,fd02659c-dc3d-52ea-a8eb-c032b91e7624,28802f55-a962-5c3c-95e4-594252b909f2,d9afc2a4-6146-51b8-a896-8bfe3133d87e,905,1056,85.0,86.0,152,0.827,4.1795,5.658,10.4604,25.67,0.3576,1.258,25.0,normal,high,"Grp1 = oxide (low, >=25.0 sd); Grp2 = oxide (low, >=25.0 sd); Min1 = aspectral (low, 20.2 sd)"
09ATD019,fd02659c-dc3d-52ea-a8eb-c032b91e7624,28802f55-a962-5c3c-95e4-594252b909f2,d9afc2a4-6146-51b8-a896-8bfe3133d87e,1057,1202,86.0,87.0,146,0.827,4.2105,5.2743,7.6243,20.85,0.3455,1.0409,25.0,normal,high,"Grp2 = oxide (low, >=25.0 sd); Grp1 = oxide (low, >=25.0 sd); Min1 = chlorite-femg (high, 19.3 sd)"
09ATD019,fd02659c-dc3d-52ea-a8eb-c032b91e7624,28802f55-a962-5c3c-95e4-594252b909f2,d9afc2a4-6146-51b8-a896-8bfe3133d87e,1203,1372,87.0,88.0,170,0.823,4.2496,3.7849,10.42,23.75,0.3507,1.3452,25.0,normal,high,"Grp2 = oxide (low, >=25.0 sd); Grp1 = oxide (low, >=25.0 sd); Min2 = goethite (low, 19.4 sd)"
09ATD019,fd02659c-dc3d-52ea-a8eb-c032b91e7624,28802f55-a962-5c3c-95e4-594252b909f2,d9afc2a4-6146-51b8-a896-8bfe3133d87e,1373,1510,88.0,89.0,138,0.823,3.9932,2.9321,6.3387,9.9,0.3421,0.983,25.0,normal,high,"Grp1 = oxide (low, >=25.0 sd); Grp2 = oxide (low, >=25.0 sd); Min1 = chlorite-femg (high, 19.0 sd)"
09ATD019,fd02659c-dc3d-52ea-a8eb-c032b91e7624,28802f55-a962-5c3c-95e4-594252b909f2,d9afc2a4-6146-51b8-a896-8bfe3133d87e,1511,1646,89.0,90.0,136,0.823,4.0131,3.2783,5.6296,10.2,0.3412,0.9769,25.0,normal,high,"Grp1 = oxide (low, >=25.0 sd); Grp2 = oxide (low, >=25.0 sd); Min1 = chlorite-femg (high, 20.5 sd)"
09ATD019,fd02659c-dc3d-52ea-a8eb-c032b91e7624,28802f55-a962-5c3c-95e4-594252b909f2,d9afc2a4-6146-51b8-a896-8bfe3133d87e,1647,1796,90.0,91.0,150,0.819,4.2575,4.7076,11.2767,25.58,0.3499,1.5274,25.0,normal,high,"Grp2 = oxide (low, >=25.0 sd); Grp1 = oxide (low, >=25.0 sd); Min1 = aspectral (low, 20.6 sd)"
09ATD019,fd02659c-dc3d-52ea-a8eb-c032b91e7624,28802f55-a962-5c3c-95e4-594252b909f2,d9afc2a4-6146-51b8-a896-8bfe3133d87e,1797,1938,91.0,92.0,142,0.812,4.064,3.369,6.0589,11.74,0.3405,0.9818,25.0,normal,high,"Grp2 = oxide (low, >=25.0 sd); Grp1 = oxide (low, >=25.0 sd); Min1 = chlorite-femg (high, 20.2 sd)"
09ATD019,fd02659c-dc3d-52ea-a8eb-c032b91e7624,28802f55-a962-5c3c-95e4-594252b909f2,d9afc2a4-6146-51b8-a896-8bfe3133d87e,1939,2072,92.0,93.0,134,0.823,4.0241,3.5045,10.9911,19.08,0.349,1.2412,25.0,normal,high,"Grp1 = oxide (low, >=25.0 sd); Grp2 = oxide (low, >=25.0 sd); Min1 = chlorite-femg (high, 19.7 sd)"
09ATD019,fd02659c-dc3d-52ea-a8eb-c032b91e7624,28802f55-a962-5c3c-95e4-594252b909f2,d9afc2a4-6146-51b8-a896-8bfe3133d87e,2073,2222,93.0,94.0,150,0.819,4.2334,3.823,20.3152,28.21,0.335,1.8339,25.0,normal,high,"Grp2 = oxide (low, >=25.0 sd); Grp1 = oxide (low, >=25.0 sd); Grp2 = kaolin (high, 20.8 sd)"
09ATD019,fd02659c-dc3d-52ea-a8eb-c032b91e7624,28802f55-a962-5c3c-95e4-594252b909f2,d9afc2a4-6146-51b8-a896-8bfe3133d87e,2223,2356,94.0,95.0,134,0.835,3.9506,3.8392,7.7278,18.6,0.367,1.6307,25.0,normal,high,"Grp2 = oxide (low, >=25.0 sd); Grp1 = oxide (low, >=25.0 sd); Min1 = chlorite-femg (high, 17.5 sd)"
09ATD019,fd02659c-dc3d-52ea-a8eb-c032b91e7624,28802f55-a962-5c3c-95e4-594252b909f2,d9afc2a4-6146-51b8-a896-8bfe3133d87e,2357,2499,95.0,96.0,143,0.827,4.3838,6.9937,13.4603,35.4,0.3725,1.169,25.0,normal,high,"Grp2 = oxide (low, >=25.0 sd); Grp1 = oxide (low, >=25.0 sd); Min2 = goethite (low, 17.8 sd)"
09ATD019,fd02659c-dc3d-52ea-a8eb-c032b91e7624,28802f55-a962-5c3c-95e4-594252b909f2,d9afc2a4-6146-51b8-a896-8bfe3133d87e,2500,2643,96.0,97.0,144,0.827,4.3731,7.1256,9.271,32.38,0.3704,1.1744,25.0,normal,high,"Grp1 = oxide (low, >=25.0 sd); Grp2 = oxide (low, >=25.0 sd); Min2 = hornblende (high, 20.7 sd)"
09ATD019,fd02659c-dc3d-52ea-a8eb-c032b91e7624,28802f55-a962-5c3c-95e4-594252b909f2,d9afc2a4-6146-51b8-a896-8bfe3133d87e,2644,2788,97.0,98.0,145,0.827,4.4351,6.8759,10.5511,33.49,0.3686,1.1906,25.0,normal,high,"Grp1 = oxide (low, >=25.0 sd); Grp2 = oxide (low, >=25.0 sd); Min2 = goethite (low, 17.9 sd)"
09ATD019,fd02659c-dc3d-52ea-a8eb-c032b91e7624,28802f55-a962-5c3c-95e4-594252b909f2,d9afc2a4-6146-51b8-a896-8bfe3133d87e,2789,2935,98.0,99.0,147,0.835,4.2151,5.1331,16.1607,34.84,0.3815,1.2131,25.0,normal,high,"Grp1 = oxide (low, >=25.0 sd); Grp2 = oxide (low, >=25.0 sd); Min2 = goethite (low, 16.8 sd)"
09ATD019,fd02659c-dc3d-52ea-a8eb-c032b91e7624,28802f55-a962-5c3c-95e4-594252b909f2,d9afc2a4-6146-51b8-a896-8bfe3133d87e,2936,3096,99.0,100.0,161,0.831,4.8214,8.7802,18.8415,51.31,0.3803,1.2145,25.0,normal,high,"Grp1 = oxide (low, >=25.0 sd); Grp2 = oxide (low, >=25.0 sd); Min2 = hornblende (high, 20.5 sd)"
09ATD019,fd02659c-dc3d-52ea-a8eb-c032b91e7624,28802f55-a962-5c3c-95e4-594252b909f2,d9afc2a4-6146-51b8-a896-8bfe3133d87e,3097,3249,100.0,101.0,153,0.827,4.9388,8.683,12.6391,41.76,0.3658,1.082,25.0,normal,high,"Grp2 = oxide (low, >=25.0 sd); Grp1 = oxide (low, >=25.0 sd); Grp1 = other-mgoh (high, >=25.0 sd)"
09ATD019,fd02659c-dc3d-52ea-a8eb-c032b91e7624,28802f55-a962-5c3c-95e4-594252b909f2,d9afc2a4-6146-51b8-a896-8bfe3133d87e,3250,3394,101.0,102.0,145,0.827,5.0525,9.0474,9.7237,45.39,0.3825,1.2053,25.0,normal,high,"Grp2 = oxide (low, >=25.0 sd); Grp1 = other-mgoh (high, >=25.0 sd); Grp2 = other-mgoh (high, >=25.0 sd)"
09ATD019,fd02659c-dc3d-52ea-a8eb-c032b91e7624,28802f55-a962-5c3c-95e4-594252b909f2,d9afc2a4-6146-51b8-a896-8bfe3133d87e,3395,3537,102.0,103.0,143,0.831,4.9174,9.2168,11.1392,47.0,0.3857,1.2036,25.0,normal,high,"Min1 = talc (high, >=25.0 sd); Grp2 = other-mgoh (high, >=25.0 sd); Min2 = talc (high, >=25.0 sd)"
09ATD019,fd02659c-dc3d-52ea-a8eb-c032b91e7624,28802f55-a962-5c3c-95e4-594252b909f2,d9afc2a4-6146-51b8-a896-8bfe3133d87e,3538,3675,103.0,104.0,138,0.827,4.9053,9.7981,10.256,45.23,0.3778,1.1605,25.0,normal,high,"Grp1 = oxide (low, >=25.0 sd); Grp1 = other-mgoh (high, >=25.0 sd); Min1 = talc (high, >=25.0 sd)"
09ATD019,fd02659c-dc3d-52ea-a8eb-c032b91e7624,28802f55-a962-5c3c-95e4-594252b909f2,d9afc2a4-6146-51b8-a896-8bfe3133d87e,3676,3816,104.0,105.0,141,0.827,4.9123,10.0224,10.2409,46.52,0.3804,1.2203,25.0,normal,high,"Min1 = talc (high, >=25.0 sd); Grp1 = oxide (low, >=25.0 sd); Grp2 = oxide (low, >=25.0 sd)"
09ATD019,fd02659c-dc3d-52ea-a8eb-c032b91e7624,28802f55-a962-5c3c-95e4-594252b909f2,d9afc2a4-6146-51b8-a896-8bfe3133d87e,3817,3965,105.0,106.0,149,0.827,3.9846,6.4857,13.0862,25.13,0.3548,1.4513,25.0,normal,high,"Grp2 = oxide (low, >=25.0 sd); Grp1 = oxide (low, >=25.0 sd); Min1 = chlorite-mg (high, 20.0 sd)"
09ATD019,fd02659c-dc3d-52ea-a8eb-c032b91e7624,28802f55-a962-5c3c-95e4-594252b909f2,d9afc2a4-6146-51b8-a896-8bfe3133d87e,3966,4085,106.0,107.0,120,0.825,3.8297,7.4556,12.6328,27.02,0.3668,1.581,25.0,normal,high,"Grp2 = oxide (low, >=25.0 sd); Grp1 = oxide (low, >=25.0 sd); Min1 = chlorite-mg (high, 23.4 sd)"
09ATD019,fd02659c-dc3d-52ea-a8eb-c032b91e7624,28802f55-a962-5c3c-95e4-594252b909f2,d9afc2a4-6146-51b8-a896-8bfe3133d87e,4086,4271,107.0,108.0,186,0.827,4.6363,8.1977,16.8708,43.74,0.3685,1.3047,25.0,normal,high,"Grp2 = oxide (low, >=25.0 sd); Grp1 = oxide (low, >=25.0 sd); Min2 = goethite (low, 20.3 sd)"
09ATD019,fd02659c-dc3d-52ea-a8eb-c032b91e7624,28802f55-a962-5c3c-95e4-594252b909f2,d9afc2a4-6146-51b8-a896-8bfe3133d87e,4272,4414,108.0,109.0,143,0.827,4.3647,5.2234,11.8711,30.36,0.3661,1.027,25.0,normal,high,"Grp1 = oxide (low, >=25.0 sd); Grp2 = oxide (low, >=25.0 sd); Min2 = goethite (low, 17.8 sd)"
09ATD019,fd02659c-dc3d-52ea-a8eb-c032b91e7624,28802f55-a962-5c3c-95e4-594252b909f2,d9afc2a4-6146-51b8-a896-8bfe3133d87e,4415,4554,109.0,110.0,140,0.823,4.2471,6.2068,17.9166,35.38,0.3611,1.0644,25.0,normal,high,"Grp1 = oxide (low, >=25.0 sd); Grp2 = oxide (low, >=25.0 sd); Min1 = aspectral (low, >=25.0 sd)"
09ATD019,fd02659c-dc3d-52ea-a8eb-c032b91e7624,28802f55-a962-5c3c-95e4-594252b909f2,d9afc2a4-6146-51b8-a896-8bfe3133d87e,4555,4709,110.0,111.0,155,0.827,4.3154,4.9422,11.0238,28.69,0.3659,1.0167,25.0,normal,high,"Grp2 = oxide (low, >=25.0 sd); Grp1 = oxide (low, >=25.0 sd); Min1 = aspectral (low, 20.3 sd)"
09ATD019,fd02659c-dc3d-52ea-a8eb-c032b91e7624,28802f55-a962-5c3c-95e4-594252b909f2,d9afc2a4-6146-51b8-a896-8bfe3133d87e,4710,4866,111.0,112.0,157,0.827,4.4906,5.8649,8.0719,29.11,0.3607,1.006,25.0,normal,high,"Grp1 = oxide (low, >=25.0 sd); Grp2 = oxide (low, >=25.0 sd); Min1 = hornblende (high, 20.7 sd)"
09ATD019,fd02659c-dc3d-52ea-a8eb-c032b91e7624,28802f55-a962-5c3c-95e4-594252b909f2,d9afc2a4-6146-51b8-a896-8bfe3133d87e,4867,5010,112.0,113.0,144,0.823,4.19,8.1359,11.0897,30.92,0.3558,1.0461,25.0,normal,high,"Grp2 = oxide (low, >=25.0 sd); Grp1 = oxide (low, >=25.0 sd); Min1 = hornblende (high, 19.7 sd)"
09ATD019,fd02659c-dc3d-52ea-a8eb-c032b91e7624,28802f55-a962-5c3c-95e4-594252b909f2,d9afc2a4-6146-51b8-a896-8bfe3133d87e,5011,5150,113.0,114.0,140,0.829,4.174,4.9679,10.7263,26.54,0.3695,1.0032,25.0,normal,high,"Grp2 = oxide (low, >=25.0 sd); Grp1 = oxide (low, >=25.0 sd); Min1 = aspectral (low, 20.2 sd)"
09ATD019,fd02659c-dc3d-52ea-a8eb-c032b91e7624,28802f55-a962-5c3c-95e4-594252b909f2,d9afc2a4-6146-51b8-a896-8bfe3133d87e,5151,5273,114.0,115.0,123,0.827,4.4263,6.826,8.3678,37.32,0.3898,1.0164,25.0,normal,high,"Grp1 = oxide (low, >=25.0 sd); Grp2 = oxide (low, >=25.0 sd); Min1 = hornblende (high, 23.0 sd)"
09ATD019,fd02659c-dc3d-52ea-a8eb-c032b91e7624,28802f55-a962-5c3c-95e4-594252b909f2,d9afc2a4-6146-51b8-a896-8bfe3133d87e,5274,5430,115.0,116.0,157,0.827,4.3262,4.9286,15.971,35.03,0.375,1.0082,25.0,normal,high,"Grp2 = oxide (low, >=25.0 sd); Grp1 = oxide (low, >=25.0 sd); Min2 = goethite (low, 18.6 sd)"
09ATD019,fd02659c-dc3d-52ea-a8eb-c032b91e7624,28802f55-a962-5c3c-95e4-594252b909f2,d9afc2a4-6146-51b8-a896-8bfe3133d87e,5431,5562,116.0,117.0,132,0.827,4.7922,8.5771,8.8424,41.56,0.382,1.0603,25.0,normal,high,"Grp2 = oxide (low, >=25.0 sd); Grp2 = other-mgoh (high, >=25.0 sd); Min2 = talc (high, >=25.0 sd)"
09ATD019,fd02659c-dc3d-52ea-a8eb-c032b91e7624,28802f55-a962-5c3c-95e4-594252b909f2,d9afc2a4-6146-51b8-a896-8bfe3133d87e,5563,5710,117.0,118.0,148,0.827,4.2761,6.0652,10.4832,30.13,0.3721,1.0374,25.0,normal,high,"Grp1 = oxide (low, >=25.0 sd); Grp2 = oxide (low, >=25.0 sd); Min2 = goethite (low, 18.1 sd)"
09ATD019,fd02659c-dc3d-52ea-a8eb-c032b91e7624,28802f55-a962-5c3c-95e4-594252b909f2,d9afc2a4-6146-51b8-a896-8bfe3133d87e,5711,5858,118.0,119.0,148,0.829,4.2391,4.8364,8.9162,25.83,0.3695,1.0082,25.0,normal,high,"Grp1 = oxide (low, >=25.0 sd); Grp2 = oxide (low, >=25.0 sd); Min2 = goethite (low, 18.1 sd)"
09ATD019,fd02659c-dc3d-52ea-a8eb-c032b91e7624,28802f55-a962-5c3c-95e4-594252b909f2,d9afc2a4-6146-51b8-a896-8bfe3133d87e,5859,5995,119.0,120.0,137,0.827,3.8431,5.8422,9.6614,20.68,0.3553,1.5005,25.0,normal,high,"Grp2 = oxide (low, >=25.0 sd); Grp1 = oxide (low, >=25.0 sd); Min2 = goethite (low, 17.4 sd)"
09ATD019,fd02659c-dc3d-52ea-a8eb-c032b91e7624,28802f55-a962-5c3c-95e4-594252b909f2,d9afc2a4-6146-51b8-a896-8bfe3133d87e,5996,6141,120.0,121.0,146,0.821,3.7993,3.7218,7.6438,13.84,0.3451,1.1495,25.0,normal,high,"Grp1 = oxide (low, >=25.0 sd); Grp2 = oxide (low, >=25.0 sd); Min2 = goethite (low, 18.0 sd)"
09ATD019,fd02659c-dc3d-52ea-a8eb-c032b91e7624,28802f55-a962-5c3c-95e4-594252b909f2,d9afc2a4-6146-51b8-a896-8bfe3133d87e,6142,6317,121.0,122.0,176,0.827,4.403,5.9954,16.633,36.61,0.3656,1.0699,25.0,normal,high,"Grp1 = oxide (low, >=25.0 sd); Grp2 = oxide (low, >=25.0 sd); Min2 = goethite (low, 19.7 sd)"
09ATD019,fd02659c-dc3d-52ea-a8eb-c032b91e7624,28802f55-a962-5c3c-95e4-594252b909f2,d9afc2a4-6146-51b8-a896-8bfe3133d87e,6318,6440,122.0,123.0,123,0.815,4.0352,5.3111,10.9454,23.87,0.3662,1.0183,25.0,normal,high,"Grp2 = oxide (low, >=25.0 sd); Grp1 = oxide (low, >=25.0 sd); Min1 = aspectral (low, 23.0 sd)"
09ATD019,fd02659c-dc3d-52ea-a8eb-c032b91e7624,28802f55-a962-5c3c-95e4-594252b909f2,d9afc2a4-6146-51b8-a896-8bfe3133d87e,6441,6555,123.0,124.0,115,0.823,3.7174,4.3855,16.3691,26.88,0.373,0.9944,25.0,normal,high,"Grp2 = oxide (low, >=25.0 sd); Grp1 = oxide (low, >=25.0 sd); Min2 = goethite (low, 15.9 sd)"
09ATD019,fd02659c-dc3d-52ea-a8eb-c032b91e7624,28802f55-a962-5c3c-95e4-594252b909f2,d9afc2a4-6146-51b8-a896-8bfe3133d87e,6556,6716,124.0,125.0,161,0.829,4.0409,3.7348,10.4159,21.18,0.3621,1.3817,25.0,normal,high,"Grp2 = oxide (low, >=25.0 sd); Grp1 = oxide (low, >=25.0 sd); Min2 = goethite (low, 18.9 sd)"
09ATD019,fd02659c-dc3d-52ea-a8eb-c032b91e7624,28802f55-a962-5c3c-95e4-594252b909f2,d9afc2a4-6146-51b8-a896-8bfe3133d87e,6717,6878,125.0,126.0,162,0.823,4.0426,2.8113,14.5425,19.87,0.353,1.3443,25.0,normal,high,"Grp1 = oxide (low, >=25.0 sd); Grp2 = oxide (low, >=25.0 sd); Min2 = goethite (low, 18.9 sd)"
09ATD019,fd02659c-dc3d-52ea-a8eb-c032b91e7624,28802f55-a962-5c3c-95e4-594252b909f2,d9afc2a4-6146-51b8-a896-8bfe3133d87e,6879,7017,126.0,127.0,139,0.823,3.9462,4.0369,9.3216,18.58,0.3527,1.1364,25.0,normal,high,"Grp1 = oxide (low, >=25.0 sd); Grp2 = oxide (low, >=25.0 sd); Min1 = chlorite-femg (high, 18.3 sd)"
09ATD019,fd02659c-dc3d-52ea-a8eb-c032b91e7624,28802f55-a962-5c3c-95e4-594252b909f2,d9afc2a4-6146-51b8-a896-8bfe3133d87e,7018,7126,127.0,128.0,109,0.823,3.5837,3.4539,11.208,20.29,0.3727,1.4359,25.0,normal,high,"Grp1 = oxide (low, >=25.0 sd); Grp2 = oxide (low, >=25.0 sd); Min2 = goethite (low, 15.5 sd)"
09ATD019,fd02659c-dc3d-52ea-a8eb-c032b91e7624,28802f55-a962-5c3c-95e4-594252b909f2,d9afc2a4-6146-51b8-a896-8bfe3133d87e,7127,7296,128.0,129.0,170,0.821,4.1235,3.8979,15.803,26.96,0.356,1.3097,25.0,normal,high,"Grp1 = oxide (low, >=25.0 sd); Grp2 = oxide (low, >=25.0 sd); Min2 = goethite (low, 19.4 sd)"
09ATD019,fd02659c-dc3d-52ea-a8eb-c032b91e7624,28802f55-a962-5c3c-95e4-594252b909f2,d9afc2a4-6146-51b8-a896-8bfe3133d87e,7297,7454,129.0,130.0,158,0.819,4.0868,3.996,8.0329,19.64,0.3549,1.0659,25.0,normal,high,"Grp2 = oxide (low, >=25.0 sd); Grp1 = oxide (low, >=25.0 sd); Min2 = goethite (low, 18.7 sd)"
09ATD019,fd02659c-dc3d-52ea-a8eb-c032b91e7624,28802f55-a962-5c3c-95e4-594252b909f2,d9afc2a4-6146-51b8-a896-8bfe3133d87e,7455,7602,130.0,131.0,148,0.815,4.0634,4.3172,6.9429,14.1,0.3388,1.0933,25.0,normal,high,"Grp1 = oxide (low, >=25.0 sd); Grp2 = oxide (low, >=25.0 sd); Min1 = chlorite-femg (high, 19.5 sd)"
09ATD019,fd02659c-dc3d-52ea-a8eb-c032b91e7624,28802f55-a962-5c3c-95e4-594252b909f2,d9afc2a4-6146-51b8-a896-8bfe3133d87e,7603,7753,131.0,132.0,151,0.821,4.0769,4.0686,7.1341,15.55,0.3419,1.0555,25.0,normal,high,"Grp1 = oxide (low, >=25.0 sd); Grp2 = oxide (low, >=25.0 sd); Min1 = chlorite-femg (high, 19.2 sd)"
09ATD019,fd02659c-dc3d-52ea-a8eb-c032b91e7624,28802f55-a962-5c3c-95e4-594252b909f2,d9afc2a4-6146-51b8-a896-8bfe3133d87e,7754,7926,132.0,133.0,173,0.821,4.2243,4.0168,7.7077,20.89,0.3494,1.1089,25.0,normal,high,"Grp2 = oxide (low, >=25.0 sd); Grp1 = oxide (low, >=25.0 sd); Min2 = goethite (low, 19.5 sd)"
09ATD019,fd02659c-dc3d-52ea-a8eb-c032b91e7624,28802f55-a962-5c3c-95e4-594252b909f2,d9afc2a4-6146-51b8-a896-8bfe3133d87e,7927,8067,133.0,134.0,141,0.817,3.9624,4.0359,6.4247,13.18,0.3421,1.0603,25.0,normal,high,"Grp2 = oxide (low, >=25.0 sd); Grp1 = oxide (low, >=25.0 sd); Min1 = chlorite-femg (high, 18.0 sd)"
09ATD019,fd02659c-dc3d-52ea-a8eb-c032b91e7624,28802f55-a962-5c3c-95e4-594252b909f2,d9afc2a4-6146-51b8-a896-8bfe3133d87e,8068,8213,134.0,135.0,146,0.819,3.8649,3.6367,10.243,16.66,0.3459,1.4694,25.0,normal,high,"Grp2 = oxide (low, >=25.0 sd); Grp1 = oxide (low, >=25.0 sd); Min2 = goethite (low, 18.0 sd)"
09ATD019,fd02659c-dc3d-52ea-a8eb-c032b91e7624,28802f55-a962-5c3c-95e4-594252b909f2,d9afc2a4-6146-51b8-a896-8bfe3133d87e,8214,8353,135.0,136.0,140,0.819,3.9261,3.1164,8.053,11.84,0.342,1.1079,25.0,normal,high,"Grp2 = oxide (low, >=25.0 sd); Grp1 = oxide (low, >=25.0 sd); Min2 = goethite (low, 17.6 sd)"
09ATD019,fd02659c-dc3d-52ea-a8eb-c032b91e7624,28802f55-a962-5c3c-95e4-594252b909f2,d9afc2a4-6146-51b8-a896-8bfe3133d87e,8354,8496,136.0,137.0,143,0.819,3.8716,3.0983,10.5507,14.85,0.3461,1.3995,25.0,normal,high,"Grp1 = oxide (low, >=25.0 sd); Grp2 = oxide (low, >=25.0 sd); Min2 = goethite (low, 17.8 sd)"
09ATD019,fd02659c-dc3d-52ea-a8eb-c032b91e7624,28802f55-a962-5c3c-95e4-594252b909f2,d9afc2a4-6146-51b8-a896-8bfe3133d87e,8497,8640,137.0,138.0,144,0.817,3.8853,2.6649,9.4206,11.41,0.3431,1.2095,25.0,normal,high,"Grp1 = oxide (low, >=25.0 sd); Grp2 = oxide (low, >=25.0 sd); Min2 = goethite (low, 17.8 sd)"
09ATD019,fd02659c-dc3d-52ea-a8eb-c032b91e7624,28802f55-a962-5c3c-95e4-594252b909f2,d9afc2a4-6146-51b8-a896-8bfe3133d87e,8641,8781,138.0,139.0,141,0.81,4.0397,3.1712,5.7528,9.26,0.3387,0.9842,25.0,normal,high,"Grp1 = oxide (low, >=25.0 sd); Grp2 = oxide (low, >=25.0 sd); Min1 = chlorite-femg (high, 18.7 sd)"
09ATD019,fd02659c-dc3d-52ea-a8eb-c032b91e7624,28802f55-a962-5c3c-95e4-594252b909f2,d9afc2a4-6146-51b8-a896-8bfe3133d87e,8782,8925,139.0,140.0,144,0.815,4.0388,3.0774,5.3175,8.07,0.3384,0.9869,25.0,normal,high,"Grp2 = oxide (low, >=25.0 sd); Grp1 = oxide (low, >=25.0 sd); Min1 = chlorite-femg (high, 18.9 sd)"
09ATD019,fd02659c-dc3d-52ea-a8eb-c032b91e7624,28802f55-a962-5c3c-95e4-594252b909f2,d9afc2a4-6146-51b8-a896-8bfe3133d87e,8926,9068,140.0,141.0,143,0.81,4.026,3.9001,6.3189,13.84,0.3426,1.0198,25.0,normal,high,"Grp1 = oxide (low, >=25.0 sd); Grp2 = oxide (low, >=25.0 sd); Min1 = chlorite-femg (high, 19.7 sd)"
09ATD019,fd02659c-dc3d-52ea-a8eb-c032b91e7624,28802f55-a962-5c3c-95e4-594252b909f2,d9afc2a4-6146-51b8-a896-8bfe3133d87e,9069,9186,141.0,142.0,118,0.81,3.7574,3.5409,9.8615,18.29,0.3631,1.254,25.0,normal,high,"Grp1 = oxide (low, >=25.0 sd); Grp2 = oxide (low, >=25.0 sd); Min2 = goethite (low, 16.1 sd)"
09ATD019,fd02659c-dc3d-52ea-a8eb-c032b91e7624,28802f55-a962-5c3c-95e4-594252b909f2,d9afc2a4-6146-51b8-a896-8bfe3133d87e,9187,9321,142.0,143.0,135,0.815,3.9997,3.6194,12.2219,19.79,0.349,1.2241,25.0,normal,high,"Grp2 = oxide (low, >=25.0 sd); Grp1 = oxide (low, >=25.0 sd); Min1 = chlorite-femg (high, 19.5 sd)"
09ATD019,fd02659c-dc3d-52ea-a8eb-c032b91e7624,28802f55-a962-5c3c-95e4-594252b909f2,d9afc2a4-6146-51b8-a896-8bfe3133d87e,9322,9500,143.0,144.0,179,0.827,4.3163,3.3641,8.7042,21.21,0.3457,1.1883,25.0,normal,high,"Grp1 = oxide (low, >=25.0 sd); Grp2 = oxide (low, >=25.0 sd); Min1 = chlorite-femg (high, 20.4 sd)"
09ATD019,fd02659c-dc3d-52ea-a8eb-c032b91e7624,28802f55-a962-5c3c-95e4-594252b909f2,d9afc2a4-6146-51b8-a896-8bfe3133d87e,9501,9646,144.0,145.0,146,0.825,4.3549,7.4139,28.7394,47.31,0.3579,1.7622,25.0,normal,high,"Grp1 = oxide (low, >=25.0 sd); Grp2 = oxide (low, >=25.0 sd); Min1 = aspectral (low, 22.1 sd)"
09ATD019,fd02659c-dc3d-52ea-a8eb-c032b91e7624,28802f55-a962-5c3c-95e4-594252b909f2,d9afc2a4-6146-51b8-a896-8bfe3133d87e,9647,9802,145.0,146.0,156,0.831,4.0747,6.0938,19.8541,34.3,0.3616,1.4234,25.0,normal,high,"Grp2 = oxide (low, >=25.0 sd); Grp1 = oxide (low, >=25.0 sd); Min2 = goethite (low, 18.6 sd)"
09ATD019,fd02659c-dc3d-52ea-a8eb-c032b91e7624,28802f55-a962-5c3c-95e4-594252b909f2,d9afc2a4-6146-51b8-a896-8bfe3133d87e,9803,9956,146.0,147.0,154,0.823,4.3853,5.6395,14.4811,31.07,0.3493,1.0884,25.0,normal,high,"Grp2 = oxide (low, >=25.0 sd); Grp1 = oxide (low, >=25.0 sd); Min1 = aspectral (low, 22.9 sd)"
09ATD019,fd02659c-dc3d-52ea-a8eb-c032b91e7624,28802f55-a962-5c3c-95e4-594252b909f2,d9afc2a4-6146-51b8-a896-8bfe3133d87e,9957,10094,147.0,148.0,138,0.831,3.8016,4.9273,12.3649,20.87,0.3535,2.0242,25.0,normal,high,"Grp1 = oxide (low, >=25.0 sd); Grp2 = oxide (low, >=25.0 sd); Min2 = goethite (low, 17.5 sd)"
09ATD019,fd02659c-dc3d-52ea-a8eb-c032b91e7624,28802f55-a962-5c3c-95e4-594252b909f2,d9afc2a4-6146-51b8-a896-8bfe3133d87e,10095,10250,148.0,149.0,156,0.827,4.0845,3.1079,7.6261,12.59,0.3402,1.1375,25.0,normal,high,"Grp1 = oxide (low, >=25.0 sd); Grp2 = oxide (low, >=25.0 sd); Min1 = aspectral (low, 18.7 sd)"
09ATD019,fd02659c-dc3d-52ea-a8eb-c032b91e7624,28802f55-a962-5c3c-95e4-594252b909f2,d9afc2a4-6146-51b8-a896-8bfe3133d87e,10251,10382,149.0,150.0,132,0.827,4.0674,4.8842,9.504,25.46,0.3787,1.1397,25.0,normal,high,"Grp2 = oxide (low, >=25.0 sd); Grp1 = oxide (low, >=25.0 sd); Min2 = goethite (low, 17.1 sd)"
09ATD019,fd02659c-dc3d-52ea-a8eb-c032b91e7624,28802f55-a962-5c3c-95e4-594252b909f2,d9afc2a4-6146-51b8-a896-8bfe3133d87e,10383,10534,150.0,151.0,152,0.827,4.0527,3.7641,8.0409,17.24,0.3468,1.1737,25.0,normal,high,"Grp2 = oxide (low, >=25.0 sd); Grp1 = oxide (low, >=25.0 sd); Min2 = goethite (low, 18.3 sd)"
09ATD019,fd02659c-dc3d-52ea-a8eb-c032b91e7624,28802f55-a962-5c3c-95e4-594252b909f2,d9afc2a4-6146-51b8-a896-8bfe3133d87e,10535,10662,151.0,152.0,128,0.827,3.8662,3.0154,12.1783,17.01,0.3546,1.4067,25.0,normal,high,"Grp2 = oxide (low, >=25.0 sd); Grp1 = oxide (low, >=25.0 sd); Min2 = goethite (low, 16.8 sd)"
09ATD019,fd02659c-dc3d-52ea-a8eb-c032b91e7624,28802f55-a962-5c3c-95e4-594252b909f2,d9afc2a4-6146-51b8-a896-8bfe3133d87e,10663,10813,152.0,153.0,151,0.819,4.0087,4.808,21.3621,29.75,0.3436,1.3787,25.0,normal,high,"Grp1 = oxide (low, >=25.0 sd); Grp2 = oxide (low, >=25.0 sd); HyLogDiag = pz (high, 21.0 sd)"
09ATD019,fd02659c-dc3d-52ea-a8eb-c032b91e7624,28802f55-a962-5c3c-95e4-594252b909f2,d9afc2a4-6146-51b8-a896-8bfe3133d87e,10814,10965,153.0,154.0,152,0.827,4.9648,7.7456,8.5908,38.43,0.3747,1.0554,25.0,normal,high,"Min1 = talc (high, >=25.0 sd); Grp1 = other-mgoh (high, >=25.0 sd); Grp1 = oxide (low, >=25.0 sd)"
09ATD019,fd02659c-dc3d-52ea-a8eb-c032b91e7624,28802f55-a962-5c3c-95e4-594252b909f2,d9afc2a4-6146-51b8-a896-8bfe3133d87e,10966,11132,154.0,155.0,167,0.823,4.7858,7.8942,9.9722,38.78,0.3732,1.0917,25.0,normal,high,"Min1 = talc (high, >=25.0 sd); Grp2 = oxide (low, >=25.0 sd); Grp1 = oxide (low, >=25.0 sd)"
09ATD019,fd02659c-dc3d-52ea-a8eb-c032b91e7624,28802f55-a962-5c3c-95e4-594252b909f2,d9afc2a4-6146-51b8-a896-8bfe3133d87e,11133,11288,155.0,156.0,156,0.829,4.6961,7.9581,11.3564,39.41,0.3736,1.0844,25.0,normal,high,"Grp2 = oxide (low, >=25.0 sd); Grp1 = other-mgoh (high, >=25.0 sd); Min1 = talc (high, >=25.0 sd)"
09ATD019,fd02659c-dc3d-52ea-a8eb-c032b91e7624,28802f55-a962-5c3c-95e4-594252b909f2,d9afc2a4-6146-51b8-a896-8bfe3133d87e,11289,11420,156.0,157.0,132,0.831,4.3689,8.2661,12.3561,37.95,0.3744,1.1055,25.0,normal,high,"Grp1 = other-mgoh (high, >=25.0 sd); Min1 = talc (high, >=25.0 sd); Grp1 = oxide (low, >=25.0 sd)"
09ATD019,fd02659c-dc3d-52ea-a8eb-c032b91e7624,28802f55-a962-5c3c-95e4-594252b909f2,d9afc2a4-6146-51b8-a896-8bfe3133d87e,11421,11552,157.0,158.0,132,0.831,4.4618,7.5716,11.4768,38.89,0.3816,1.0488,25.0,normal,high,"Grp1 = other-mgoh (high, >=25.0 sd); Min1 = talc (high, >=25.0 sd); Grp1 = oxide (low, >=25.0 sd)"
09ATD019,fd02659c-dc3d-52ea-a8eb-c032b91e7624,28802f55-a962-5c3c-95e4-594252b909f2,d9afc2a4-6146-51b8-a896-8bfe3133d87e,11553,11690,158.0,159.0,138,0.819,4.4425,8.4657,11.1184,36.41,0.3609,1.1379,25.0,normal,high,"Grp1 = oxide (low, >=25.0 sd); Min1 = talc (high, >=25.0 sd); Grp2 = oxide (low, >=25.0 sd)"
09ATD019,fd02659c-dc3d-52ea-a8eb-c032b91e7624,28802f55-a962-5c3c-95e4-594252b909f2,d9afc2a4-6146-51b8-a896-8bfe3133d87e,11691,11837,159.0,160.0,147,0.839,4.4429,7.9904,11.376,37.78,0.3738,1.0746,25.0,normal,high,"Grp2 = oxide (low, >=25.0 sd); Min1 = talc (high, >=25.0 sd); Grp1 = oxide (low, >=25.0 sd)"
09ATD019,fd02659c-dc3d-52ea-a8eb-c032b91e7624,28802f55-a962-5c3c-95e4-594252b909f2,d9afc2a4-6146-51b8-a896-8bfe3133d87e,11838,11986,160.0,161.0,149,0.823,4.5911,7.7092,6.72,32.05,0.3631,1.0605,25.0,normal,high,"Grp1 = other-mgoh (high, >=25.0 sd); Min1 = talc (high, >=25.0 sd); Grp1 = oxide (low, >=25.0 sd)"
09ATD019,fd02659c-dc3d-52ea-a8eb-c032b91e7624,28802f55-a962-5c3c-95e4-594252b909f2,d9afc2a4-6146-51b8-a896-8bfe3133d87e,11987,12128,161.0,162.0,142,0.825,4.6226,6.8939,8.6898,33.32,0.3684,1.0353,25.0,normal,high,"Grp1 = other-mgoh (high, >=25.0 sd); Grp1 = oxide (low, >=25.0 sd); Min1 = talc (high, >=25.0 sd)"
09ATD019,fd02659c-dc3d-52ea-a8eb-c032b91e7624,28802f55-a962-5c3c-95e4-594252b909f2,d9afc2a4-6146-51b8-a896-8bfe3133d87e,12129,12272,162.0,163.0,144,0.815,4.5364,7.518,8.2822,32.55,0.36,1.0609,25.0,normal,high,"Grp1 = oxide (low, >=25.0 sd); Grp2 = oxide (low, >=25.0 sd); Min1 = talc (high, >=25.0 sd)"
09ATD019,fd02659c-dc3d-52ea-a8eb-c032b91e7624,28802f55-a962-5c3c-95e4-594252b909f2,d9afc2a4-6146-51b8-a896-8bfe3133d87e,12273,12418,163.0,164.0,146,0.815,4.2436,5.8137,9.6672,25.48,0.3506,1.0676,25.0,normal,high,"Grp2 = oxide (low, >=25.0 sd); Grp1 = oxide (low, >=25.0 sd); Min1 = talc (high, 18.6 sd)"
09ATD019,fd02659c-dc3d-52ea-a8eb-c032b91e7624,28802f55-a962-5c3c-95e4-594252b909f2,d9afc2a4-6146-51b8-a896-8bfe3133d87e,12419,12594,164.0,165.0,176,0.835,4.9787,7.7366,9.6052,43.85,0.3888,1.0459,25.0,normal,high,"Grp1 = other-mgoh (high, >=25.0 sd); Grp1 = oxide (low, >=25.0 sd); Grp2 = oxide (low, >=25.0 sd)"
09ATD019,fd02659c-dc3d-52ea-a8eb-c032b91e7624,28802f55-a962-5c3c-95e4-594252b909f2,d9afc2a4-6146-51b8-a896-8bfe3133d87e,12595,12714,165.0,166.0,120,0.825,4.7578,7.5676,10.4716,45.29,0.3961,1.0538,25.0,normal,high,"Grp1 = other-mgoh (high, >=25.0 sd); Grp1 = oxide (low, >=25.0 sd); Min1 = talc (high, >=25.0 sd)"
09ATD019,fd02659c-dc3d-52ea-a8eb-c032b91e7624,28802f55-a962-5c3c-95e4-594252b909f2,d9afc2a4-6146-51b8-a896-8bfe3133d87e,12715,12839,166.0,167.0,125,0.815,4.2598,5.7924,10.9093,30.15,0.3742,1.0366,25.0,normal,high,"Grp2 = oxide (low, >=25.0 sd); Grp1 = oxide (low, >=25.0 sd); Min1 = talc (high, 21.1 sd)"
09ATD019,fd02659c-dc3d-52ea-a8eb-c032b91e7624,28802f55-a962-5c3c-95e4-594252b909f2,d9afc2a4-6146-51b8-a896-8bfe3133d87e,12840,13006,167.0,168.0,167,0.819,4.3999,6.1171,14.5314,34.57,0.3685,1.0368,25.0,normal,high,"Grp2 = oxide (low, >=25.0 sd); Grp1 = oxide (low, >=25.0 sd); Min1 = aspectral (low, >=25.0 sd)"
09ATD019,fd02659c-dc3d-52ea-a8eb-c032b91e7624,28802f55-a962-5c3c-95e4-594252b909f2,d9afc2a4-6146-51b8-a896-8bfe3133d87e,13007,13144,168.0,169.0,138,0.81,4.146,5.7955,14.2539,28.02,0.358,1.0153,25.0,normal,high,"Grp2 = oxide (low, >=25.0 sd); Grp1 = oxide (low, >=25.0 sd); Min1 = aspectral (low, 24.6 sd)"
09ATD019,fd02659c-dc3d-52ea-a8eb-c032b91e7624,28802f55-a962-5c3c-95e4-594252b909f2,d9afc2a4-6146-51b8-a896-8bfe3133d87e,13145,13286,169.0,170.0,142,0.825,4.1754,5.1454,14.3353,29.63,0.3715,1.0051,25.0,normal,high,"Grp2 = oxide (low, >=25.0 sd); Grp1 = oxide (low, >=25.0 sd); Min1 = aspectral (low, 25.0 sd)"
09ATD019,fd02659c-dc3d-52ea-a8eb-c032b91e7624,28802f55-a962-5c3c-95e4-594252b909f2,d9afc2a4-6146-51b8-a896-8bfe3133d87e,13287,13424,170.0,171.0,138,0.825,4.1571,6.566,16.8456,34.49,0.371,1.0472,25.0,normal,high,"Grp2 = oxide (low, >=25.0 sd); Grp1 = oxide (low, >=25.0 sd); Min1 = aspectral (low, 23.7 sd)"
09ATD019,fd02659c-dc3d-52ea-a8eb-c032b91e7624,28802f55-a962-5c3c-95e4-594252b909f2,d9afc2a4-6146-51b8-a896-8bfe3133d87e,13425,13571,171.0,172.0,147,0.823,4.1237,5.0164,10.5766,23.33,0.3515,1.0121,25.0,normal,high,"Grp2 = oxide (low, >=25.0 sd); Grp1 = oxide (low, >=25.0 sd); Min1 = aspectral (low, 24.6 sd)"
09ATD019,fd02659c-dc3d-52ea-a8eb-c032b91e7624,28802f55-a962-5c3c-95e4-594252b909f2,d9afc2a4-6146-51b8-a896-8bfe3133d87e,13572,13709,172.0,173.0,138,0.819,4.1118,5.4302,8.4119,22.46,0.359,1.0059,25.0,normal,high,"Grp1 = oxide (low, >=25.0 sd); Grp2 = oxide (low, >=25.0 sd); Min2 = goethite (low, 17.5 sd)"
09ATD019,fd02659c-dc3d-52ea-a8eb-c032b91e7624,28802f55-a962-5c3c-95e4-594252b909f2,d9afc2a4-6146-51b8-a896-8bfe3133d87e,13710,13855,173.0,174.0,146,0.833,5.3951,9.2522,29.7152,75.1,0.4125,1.3171,25.0,normal,high,"Grp2 = oxide (low, >=25.0 sd); Min1 = talc (high, >=25.0 sd); Min1 = hornblende (high, >=25.0 sd)"
09ATD019,fd02659c-dc3d-52ea-a8eb-c032b91e7624,28802f55-a962-5c3c-95e4-594252b909f2,d9afc2a4-6146-51b8-a896-8bfe3133d87e,13856,13994,174.0,175.0,139,0.821,5.4806,7.3529,16.8652,54.75,0.3889,1.103,25.0,normal,high,"Min1 = actinolite (high, >=25.0 sd); Grp1 = amphibole (high, >=25.0 sd); Grp2 = other-mgoh (high, >=25.0 sd)"
09ATD019,fd02659c-dc3d-52ea-a8eb-c032b91e7624,28802f55-a962-5c3c-95e4-594252b909f2,d9afc2a4-6146-51b8-a896-8bfe3133d87e,13995,14133,175.0,176.0,139,0.829,5.2142,7.7089,8.0193,42.99,0.385,1.0512,25.0,normal,high,"Min1 = actinolite (high, >=25.0 sd); Min2 = talc (high, >=25.0 sd); Grp2 = other-mgoh (high, >=25.0 sd)"
09ATD019,fd02659c-dc3d-52ea-a8eb-c032b91e7624,28802f55-a962-5c3c-95e4-594252b909f2,d9afc2a4-6146-51b8-a896-8bfe3133d87e,14134,14276,176.0,177.0,143,0.827,5.2753,6.8533,8.6096,42.51,0.3853,1.0573,25.0,normal,high,"Grp1 = oxide (low, >=25.0 sd); Min1 = actinolite (high, >=25.0 sd); Grp2 = oxide (low, >=25.0 sd)"
09ATD019,fd02659c-dc3d-52ea-a8eb-c032b91e7624,28802f55-a962-5c3c-95e4-594252b909f2,d9afc2a4-6146-51b8-a896-8bfe3133d87e,14277,14425,177.0,178.0,149,0.825,5.2322,7.7701,8.8456,43.6,0.3836,1.0447,25.0,normal,high,"Grp1 = amphibole (high, >=25.0 sd); Min2 = talc (high, >=25.0 sd); Min1 = actinolite (high, >=25.0 sd)"
09ATD019,fd02659c-dc3d-52ea-a8eb-c032b91e7624,28802f55-a962-5c3c-95e4-594252b909f2,d9afc2a4-6146-51b8-a896-8bfe3133d87e,14426,14565,178.0,179.0,140,0.827,5.1288,7.8248,8.0033,40.33,0.3783,1.044,25.0,normal,high,"Min2 = talc (high, >=25.0 sd); Grp2 = other-mgoh (high, >=25.0 sd); Min1 = actinolite (high, >=25.0 sd)"
09ATD019,fd02659c-dc3d-52ea-a8eb-c032b91e7624,28802f55-a962-5c3c-95e4-594252b909f2,d9afc2a4-6146-51b8-a896-8bfe3133d87e,14566,14680,179.0,180.0,115,0.827,5.172,7.9623,15.9585,57.17,0.4059,1.0689,25.0,normal,high,"Grp2 = other-mgoh (high, >=25.0 sd); Min1 = hornblende (high, >=25.0 sd); Min1 = actinolite (high, >=25.0 sd)"
09ATD019,fd02659c-dc3d-52ea-a8eb-c032b91e7624,28802f55-a962-5c3c-95e4-594252b909f2,d9afc2a4-6146-51b8-a896-8bfe3133d87e,14681,14816,180.0,181.0,136,0.835,5.1434,7.8222,9.9275,46.37,0.3904,1.0468,25.0,normal,high,"Min2 = talc (high, >=25.0 sd); Grp2 = other-mgoh (high, >=25.0 sd); Grp1 = amphibole (high, >=25.0 sd)"
09ATD019,fd02659c-dc3d-52ea-a8eb-c032b91e7624,28802f55-a962-5c3c-95e4-594252b909f2,d9afc2a4-6146-51b8-a896-8bfe3133d87e,14817,14960,181.0,182.0,144,0.825,4.6334,7.6299,13.583,41.33,0.3808,1.0181,25.0,normal,high,"Min1 = actinolite (high, >=25.0 sd); Grp2 = oxide (low, >=25.0 sd); Grp1 = oxide (low, >=25.0 sd)"
09ATD019,fd02659c-dc3d-52ea-a8eb-c032b91e7624,28802f55-a962-5c3c-95e4-594252b909f2,d9afc2a4-6146-51b8-a896-8bfe3133d87e,14961,15098,182.0,183.0,138,0.837,4.0538,4.8128,10.0974,23.79,0.3707,0.9952,25.0,normal,high,"Grp1 = oxide (low, >=25.0 sd); Grp2 = oxide (low, >=25.0 sd); Min2 = goethite (low, 17.1 sd)"
09ATD019,fd02659c-dc3d-52ea-a8eb-c032b91e7624,28802f55-a962-5c3c-95e4-594252b909f2,d9afc2a4-6146-51b8-a896-8bfe3133d87e,15099,15263,183.0,184.0,165,0.829,4.5131,5.8836,13.2066,33.92,0.3667,0.9884,25.0,normal,high,"Grp2 = oxide (low, >=25.0 sd); Grp1 = oxide (low, >=25.0 sd); Min1 = actinolite (high, >=25.0 sd)"
09ATD019,fd02659c-dc3d-52ea-a8eb-c032b91e7624,28802f55-a962-5c3c-95e4-594252b909f2,d9afc2a4-6146-51b8-a896-8bfe3133d87e,15264,15398,184.0,185.0,135,0.833,4.0083,5.6995,13.7577,28.65,0.3799,0.9912,25.0,normal,high,"Grp2 = oxide (low, >=25.0 sd); Grp1 = oxide (low, >=25.0 sd); Min2 = goethite (low, 16.2 sd)"
09ATD019,fd02659c-dc3d-52ea-a8eb-c032b91e7624,28802f55-a962-5c3c-95e4-594252b909f2,d9afc2a4-6146-51b8-a896-8bfe3133d87e,15399,15540,185.0,186.0,142,0.839,4.3145,7.8579,10.5784,37.86,0.3844,0.9907,25.0,normal,high,"Grp2 = oxide (low, >=25.0 sd); Grp1 = oxide (low, >=25.0 sd); Min1 = actinolite (high, >=25.0 sd)"
09ATD019,fd02659c-dc3d-52ea-a8eb-c032b91e7624,28802f55-a962-5c3c-95e4-594252b909f2,d9afc2a4-6146-51b8-a896-8bfe3133d87e,15541,15693,186.0,187.0,153,0.837,4.1248,4.4187,9.8287,23.35,0.362,1.4515,25.0,normal,high,"Grp2 = oxide (low, >=25.0 sd); Grp1 = oxide (low, >=25.0 sd); Min1 = aspectral (low, 19.4 sd)"
09ATD019,fd02659c-dc3d-52ea-a8eb-c032b91e7624,28802f55-a962-5c3c-95e4-594252b909f2,d9afc2a4-6146-51b8-a896-8bfe3133d87e,15694,15834,187.0,188.0,141,0.835,4.0413,4.1486,15.2232,26.67,0.3696,1.7345,25.0,normal,high,"Grp1 = oxide (low, >=25.0 sd); Grp2 = oxide (low, >=25.0 sd); Min1 = chlorite-femg (high, 17.8 sd)"
09ATD019,fd02659c-dc3d-52ea-a8eb-c032b91e7624,28802f55-a962-5c3c-95e4-594252b909f2,d9afc2a4-6146-51b8-a896-8bfe3133d87e,15835,16000,188.0,189.0,166,0.839,4.4356,7.7168,9.5794,36.57,0.3781,0.9893,25.0,normal,high,"Min1 = actinolite (high, >=25.0 sd); Grp2 = oxide (low, >=25.0 sd); Grp1 = oxide (low, >=25.0 sd)"
09ATD019,fd02659c-dc3d-52ea-a8eb-c032b91e7624,28802f55-a962-5c3c-95e4-594252b909f2,d9afc2a4-6146-51b8-a896-8bfe3133d87e,16001,16148,189.0,190.0,148,0.827,3.9565,5.0347,9.8626,21.14,0.3604,1.1298,25.0,normal,high,"Grp1 = oxide (low, >=25.0 sd); Grp2 = oxide (low, >=25.0 sd); Min2 = goethite (low, 18.1 sd)"
09ATD019,fd02659c-dc3d-52ea-a8eb-c032b91e7624,28802f55-a962-5c3c-95e4-594252b909f2,d9afc2a4-6146-51b8-a896-8bfe3133d87e,16149,16306,190.0,191.0,158,0.827,4.3921,6.5615,10.9131,32.32,0.3663,1.0176,25.0,normal,high,"Grp2 = oxide (low, >=25.0 sd); Grp1 = oxide (low, >=25.0 sd); Min1 = actinolite (high, 24.3 sd)"
09ATD019,fd02659c-dc3d-52ea-a8eb-c032b91e7624,28802f55-a962-5c3c-95e4-594252b909f2,d9afc2a4-6146-51b8-a896-8bfe3133d87e,16307,16445,191.0,192.0,139,0.827,4.4102,9.4928,9.7053,37.7,0.3625,1.1437,25.0,normal,high,"Min2 = hornblende (high, >=25.0 sd); Grp1 = oxide (low, >=25.0 sd); Grp2 = oxide (low, >=25.0 sd)"
09ATD019,fd02659c-dc3d-52ea-a8eb-c032b91e7624,28802f55-a962-5c3c-95e4-594252b909f2,d9afc2a4-6146-51b8-a896-8bfe3133d87e,16446,16608,192.0,193.0,163,0.829,4.719,7.7025,8.7592,39.99,0.3848,1.0599,25.0,normal,high,"Grp1 = oxide (low, >=25.0 sd); Min1 = actinolite (high, >=25.0 sd); Grp2 = oxide (low, >=25.0 sd)"
09ATD019,fd02659c-dc3d-52ea-a8eb-c032b91e7624,28802f55-a962-5c3c-95e4-594252b909f2,d9afc2a4-6146-51b8-a896-8bfe3133d87e,16609,16781,193.0,194.0,173,0.835,4.3145,5.2545,11.5652,33.34,0.3839,1.0485,25.0,normal,high,"Grp2 = oxide (low, >=25.0 sd); Grp1 = oxide (low, >=25.0 sd); Min1 = aspectral (low, 19.7 sd)"
09ATD019,fd02659c-dc3d-52ea-a8eb-c032b91e7624,28802f55-a962-5c3c-95e4-594252b909f2,d9afc2a4-6146-51b8-a896-8bfe3133d87e,16782,16941,194.0,195.0,160,0.833,4.1712,4.9888,6.6994,22.83,0.3703,1.0316,25.0,normal,high,"Grp2 = oxide (low, >=25.0 sd); Grp1 = oxide (low, >=25.0 sd); Min2 = goethite (low, 18.6 sd)"
09ATD019,fd02659c-dc3d-52ea-a8eb-c032b91e7624,28802f55-a962-5c3c-95e4-594252b909f2,d9afc2a4-6146-51b8-a896-8bfe3133d87e,16942,17087,195.0,196.0,146,0.829,4.7136,5.9804,8.4644,32.17,0.3683,0.9974,25.0,normal,high,"Grp2 = oxide (low, >=25.0 sd); Grp1 = oxide (low, >=25.0 sd); Min1 = hornblende (high, >=25.0 sd)"
09ATD019,fd02659c-dc3d-52ea-a8eb-c032b91e7624,28802f55-a962-5c3c-95e4-594252b909f2,d9afc2a4-6146-51b8-a896-8bfe3133d87e,17088,17222,196.0,197.0,135,0.835,5.0251,6.8911,14.3765,50.1,0.4011,1.0324,25.0,normal,high,"Grp1 = amphibole (high, >=25.0 sd); Min1 = actinolite (high, >=25.0 sd); Grp1 = oxide (low, >=25.0 sd)"
09ATD019,fd02659c-dc3d-52ea-a8eb-c032b91e7624,28802f55-a962-5c3c-95e4-594252b909f2,d9afc2a4-6146-51b8-a896-8bfe3133d87e,17223,17360,197.0,198.0,138,0.829,5.0129,7.669,9.8183,44.37,0.3896,1.068,25.0,normal,high,"Min1 = actinolite (high, >=25.0 sd); Grp1 = oxide (low, >=25.0 sd); Grp1 = amphibole (high, >=25.0 sd)"
09ATD019,fd02659c-dc3d-52ea-a8eb-c032b91e7624,28802f55-a962-5c3c-95e4-594252b909f2,d9afc2a4-6146-51b8-a896-8bfe3133d87e,17361,17509,198.0,199.0,149,0.837,5.1732,6.2226,9.2528,42.51,0.3893,1.043,25.0,normal,high,"Grp1 = oxide (low, >=25.0 sd); Min1 = hornblende (high, >=25.0 sd); Grp1 = amphibole (high, >=25.0 sd)"
09ATD019,fd02659c-dc3d-52ea-a8eb-c032b91e7624,28802f55-a962-5c3c-95e4-594252b909f2,d9afc2a4-6146-51b8-a896-8bfe3133d87e,17510,17649,199.0,200.0,140,0.819,3.97,3.5106,5.3415,11.22,0.3437,1.1257,25.0,normal,high,"Grp1 = oxide (low, >=25.0 sd); Grp2 = oxide (low, >=25.0 sd); Min1 = chlorite-femg (high, 18.6 sd)"
09ATD019,fd02659c-dc3d-52ea-a8eb-c032b91e7624,28802f55-a962-5c3c-95e4-594252b909f2,d9afc2a4-6146-51b8-a896-8bfe3133d87e,17650,17793,200.0,201.0,144,0.821,4.0506,3.4605,6.4216,12.51,0.3409,0.9774,25.0,normal,high,"Grp1 = oxide (low, >=25.0 sd); Grp2 = oxide (low, >=25.0 sd); Min1 = chlorite-femg (high, 19.8 sd)"
09ATD019,fd02659c-dc3d-52ea-a8eb-c032b91e7624,28802f55-a962-5c3c-95e4-594252b909f2,d9afc2a4-6146-51b8-a896-8bfe3133d87e,17794,17939,201.0,202.0,146,0.825,4.0936,5.2578,5.9883,13.93,0.3372,1.0242,25.0,normal,high,"Grp2 = oxide (low, >=25.0 sd); Grp1 = oxide (low, >=25.0 sd); Min2 = goethite (low, 18.0 sd)"
09ATD019,fd02659c-dc3d-52ea-a8eb-c032b91e7624,28802f55-a962-5c3c-95e4-594252b909f2,d9afc2a4-6146-51b8-a896-8bfe3133d87e,17940,18081,202.0,203.0,142,0.823,4.0164,2.9144,5.5611,6.05,0.3351,1.0948,25.0,normal,high,"Grp1 = oxide (low, >=25.0 sd); Grp2 = oxide (low, >=25.0 sd); Min1 = chlorite-femg (high, 20.2 sd)"
09ATD019,fd02659c-dc3d-52ea-a8eb-c032b91e7624,28802f55-a962-5c3c-95e4-594252b909f2,d9afc2a4-6146-51b8-a896-8bfe3133d87e,18082,18221,203.0,204.0,140,0.823,3.9824,3.3813,5.2419,8.09,0.3371,1.1274,25.0,normal,high,"Grp1 = oxide (low, >=25.0 sd); Grp2 = oxide (low, >=25.0 sd); Min1 = chlorite-femg (high, 19.2 sd)"
09ATD019,fd02659c-dc3d-52ea-a8eb-c032b91e7624,28802f55-a962-5c3c-95e4-594252b909f2,d9afc2a4-6146-51b8-a896-8bfe3133d87e,18222,18389,204.0,205.0,168,0.823,4.2252,2.9206,6.1365,12.89,0.3406,1.0767,25.0,normal,high,"Grp1 = oxide (low, >=25.0 sd); Grp2 = oxide (low, >=25.0 sd); Min2 = goethite (low, 19.3 sd)"
09ATD019,fd02659c-dc3d-52ea-a8eb-c032b91e7624,28802f55-a962-5c3c-95e4-594252b909f2,d9afc2a4-6146-51b8-a896-8bfe3133d87e,18390,18530,205.0,206.0,141,0.823,4.2328,6.4278,5.9661,19.41,0.3403,1.059,25.0,normal,high,"Grp1 = oxide (low, >=25.0 sd); Grp2 = oxide (low, >=25.0 sd); Min2 = muscovite (high, 21.6 sd)"
09ATD019,fd02659c-dc3d-52ea-a8eb-c032b91e7624,28802f55-a962-5c3c-95e4-594252b909f2,d9afc2a4-6146-51b8-a896-8bfe3133d87e,18531,18671,206.0,207.0,141,0.823,4.1424,4.5084,4.2138,11.24,0.3356,1.0246,25.0,normal,high,"Grp1 = oxide (low, >=25.0 sd); Grp2 = oxide (low, >=25.0 sd); Min1 = chlorite-femg (high, 19.3 sd)"
09ATD019,fd02659c-dc3d-52ea-a8eb-c032b91e7624,28802f55-a962-5c3c-95e4-594252b909f2,d9afc2a4-6146-51b8-a896-8bfe3133d87e,18672,18827,207.0,208.0,156,0.823,4.1656,2.8464,5.2025,7.99,0.3346,1.0306,25.0,normal,high,"Grp2 = oxide (low, >=25.0 sd); Grp1 = oxide (low, >=25.0 sd); Min2 = goethite (low, 18.6 sd)"
09ATD019,fd02659c-dc3d-52ea-a8eb-c032b91e7624,28802f55-a962-5c3c-95e4-594252b909f2,d9afc2a4-6146-51b8-a896-8bfe3133d87e,18828,18966,208.0,209.0,139,0.823,3.9576,2.8583,4.1943,3.65,0.335,1.0279,25.0,normal,high,"Grp2 = oxide (low, >=25.0 sd); Grp1 = oxide (low, >=25.0 sd); Min1 = chlorite-femg (high, 19.7 sd)"
09ATD019,fd02659c-dc3d-52ea-a8eb-c032b91e7624,28802f55-a962-5c3c-95e4-594252b909f2,d9afc2a4-6146-51b8-a896-8bfe3133d87e,18967,19105,209.0,210.0,139,0.827,3.9675,4.7274,5.9079,13.64,0.3432,1.1081,25.0,normal,high,"Grp2 = oxide (low, >=25.0 sd); Grp1 = oxide (low, >=25.0 sd); Min2 = goethite (low, 17.3 sd)"
09ATD019,fd02659c-dc3d-52ea-a8eb-c032b91e7624,28802f55-a962-5c3c-95e4-594252b909f2,d9afc2a4-6146-51b8-a896-8bfe3133d87e,19106,19252,210.0,211.0,147,0.825,4.3244,5.9449,4.9291,17.85,0.3371,1.0196,25.0,normal,high,"Grp2 = oxide (low, >=25.0 sd); Grp1 = oxide (low, >=25.0 sd); Min2 = muscovite (high, 20.9 sd)"
09ATD019,fd02659c-dc3d-52ea-a8eb-c032b91e7624,28802f55-a962-5c3c-95e4-594252b909f2,d9afc2a4-6146-51b8-a896-8bfe3133d87e,19253,19392,211.0,212.0,140,0.823,4.1689,5.4685,7.927,20.02,0.343,1.0278,25.0,normal,high,"Grp1 = oxide (low, >=25.0 sd); Grp2 = oxide (low, >=25.0 sd); Min1 = chlorite-femg (high, 18.1 sd)"
09ATD019,fd02659c-dc3d-52ea-a8eb-c032b91e7624,28802f55-a962-5c3c-95e4-594252b909f2,d9afc2a4-6146-51b8-a896-8bfe3133d87e,19393,19476,212.0,213.0,84,0.823,3.5617,4.6475,16.687,34.84,0.3963,1.2464,25.0,normal,high,"Grp1 = oxide (low, >=25.0 sd); Grp2 = oxide (low, >=25.0 sd); recovery_rate [mean] (high, 13.8 sd)"
09ATD019,fd02659c-dc3d-52ea-a8eb-c032b91e7624,28802f55-a962-5c3c-95e4-594252b909f2,d9afc2a4-6146-51b8-a896-8bfe3133d87e,19477,19713,213.0,214.0,237,0.823,4.7577,5.3551,11.6178,33.55,0.3655,1.8862,25.0,normal,high,"Grp1 = oxide (low, >=25.0 sd); Grp2 = oxide (low, >=25.0 sd); Min1 = aspectral (low, >=25.0 sd)"
09ATD019,fd02659c-dc3d-52ea-a8eb-c032b91e7624,28802f55-a962-5c3c-95e4-594252b909f2,d9afc2a4-6146-51b8-a896-8bfe3133d87e,19714,19854,214.0,215.0,141,0.823,4.0191,3.6899,5.7888,11.13,0.3394,0.9846,25.0,normal,high,"Grp2 = oxide (low, >=25.0 sd); Grp1 = oxide (low, >=25.0 sd); Min1 = chlorite-femg (high, 20.3 sd)"
09ATD019,fd02659c-dc3d-52ea-a8eb-c032b91e7624,28802f55-a962-5c3c-95e4-594252b909f2,d9afc2a4-6146-51b8-a896-8bfe3133d87e,19855,20000,215.0,216.0,146,0.823,4.0549,2.7257,4.3273,4.23,0.3322,1.0327,25.0,normal,high,"Grp2 = oxide (low, >=25.0 sd); Grp1 = oxide (low, >=25.0 sd); Min1 = chlorite-femg (high, 19.3 sd)"
09ATD019,fd02659c-dc3d-52ea-a8eb-c032b91e7624,28802f55-a962-5c3c-95e4-594252b909f2,d9afc2a4-6146-51b8-a896-8bfe3133d87e,20001,20143,216.0,217.0,143,0.823,4.1481,4.4183,9.2566,18.74,0.3404,1.1122,25.0,normal,high,"Grp1 = oxide (low, >=25.0 sd); Grp2 = oxide (low, >=25.0 sd); Min1 = aspectral (low, 19.6 sd)"
09ATD019,fd02659c-dc3d-52ea-a8eb-c032b91e7624,28802f55-a962-5c3c-95e4-594252b909f2,d9afc2a4-6146-51b8-a896-8bfe3133d87e,20144,20285,217.0,218.0,142,0.823,4.0737,3.0735,5.1377,6.76,0.3343,1.0432,25.0,normal,high,"Grp1 = oxide (low, >=25.0 sd); Grp2 = oxide (low, >=25.0 sd); Min1 = chlorite-femg (high, 21.0 sd)"
09ATD019,fd02659c-dc3d-52ea-a8eb-c032b91e7624,28802f55-a962-5c3c-95e4-594252b909f2,d9afc2a4-6146-51b8-a896-8bfe3133d87e,20286,20430,218.0,219.0,145,0.823,4.0515,3.1352,4.7955,6.23,0.3339,0.9904,25.0,normal,high,"Grp1 = oxide (low, >=25.0 sd); Grp2 = oxide (low, >=25.0 sd); Min1 = chlorite-femg (high, 20.7 sd)"
09ATD019,fd02659c-dc3d-52ea-a8eb-c032b91e7624,28802f55-a962-5c3c-95e4-594252b909f2,d9afc2a4-6146-51b8-a896-8bfe3133d87e,20431,20585,219.0,220.0,155,0.81,4.1121,3.4885,6.2642,12.47,0.3385,0.9748,25.0,normal,high,"Grp2 = oxide (low, >=25.0 sd); Grp1 = oxide (low, >=25.0 sd); Min1 = chlorite-femg (high, 19.0 sd)"
09ATD019,fd02659c-dc3d-52ea-a8eb-c032b91e7624,28802f55-a962-5c3c-95e4-594252b909f2,d9afc2a4-6146-51b8-a896-8bfe3133d87e,20586,20732,220.0,221.0,147,0.821,4.0224,3.1885,5.3054,10.97,0.3454,1.1297,25.0,normal,high,"Grp2 = oxide (low, >=25.0 sd); Grp1 = oxide (low, >=25.0 sd); Min2 = goethite (low, 18.0 sd)"
09ATD019,fd02659c-dc3d-52ea-a8eb-c032b91e7624,28802f55-a962-5c3c-95e4-594252b909f2,d9afc2a4-6146-51b8-a896-8bfe3133d87e,20733,20884,221.0,222.0,152,0.819,4.0875,3.4397,6.642,14.8,0.3446,1.0011,25.0,normal,high,"Grp2 = oxide (low, >=25.0 sd); Grp1 = oxide (low, >=25.0 sd); Min1 = chlorite-femg (high, 19.1 sd)"
09ATD019,fd02659c-dc3d-52ea-a8eb-c032b91e7624,28802f55-a962-5c3c-95e4-594252b909f2,d9afc2a4-6146-51b8-a896-8bfe3133d87e,20885,21033,222.0,223.0,149,0.823,4.0776,2.8867,4.5023,5.5,0.3332,1.0636,25.0,normal,high,"Grp1 = oxide (low, >=25.0 sd); Grp2 = oxide (low, >=25.0 sd); Min1 = chlorite-femg (high, 20.2 sd)"
09ATD019,fd02659c-dc3d-52ea-a8eb-c032b91e7624,28802f55-a962-5c3c-95e4-594252b909f2,d9afc2a4-6146-51b8-a896-8bfe3133d87e,21034,21209,223.0,224.0,176,0.823,4.1265,4.437,8.638,20.58,0.3484,1.2672,25.0,normal,high,"Grp1 = oxide (low, >=25.0 sd); Grp2 = oxide (low, >=25.0 sd); Min2 = goethite (low, 19.7 sd)"
09ATD019,fd02659c-dc3d-52ea-a8eb-c032b91e7624,28802f55-a962-5c3c-95e4-594252b909f2,d9afc2a4-6146-51b8-a896-8bfe3133d87e,21210,21366,224.0,225.0,157,0.825,4.1,4.4297,6.0477,14.47,0.3402,1.0571,25.0,normal,high,"Grp2 = oxide (low, >=25.0 sd); Grp1 = oxide (low, >=25.0 sd); Min2 = goethite (low, 18.6 sd)"
09ATD019,fd02659c-dc3d-52ea-a8eb-c032b91e7624,28802f55-a962-5c3c-95e4-594252b909f2,d9afc2a4-6146-51b8-a896-8bfe3133d87e,21367,21515,225.0,226.0,149,0.823,4.0976,2.693,5.0013,5.63,0.3312,1.0311,25.0,normal,high,"Grp2 = oxide (low, >=25.0 sd); Grp1 = oxide (low, >=25.0 sd); Min1 = chlorite-femg (high, 19.0 sd)"
09ATD019,fd02659c-dc3d-52ea-a8eb-c032b91e7624,28802f55-a962-5c3c-95e4-594252b909f2,d9afc2a4-6146-51b8-a896-8bfe3133d87e,21516,21660,226.0,227.0,145,0.815,4.1643,3.4513,5.0074,10.51,0.3355,1.0349,25.0,normal,high,"Grp1 = oxide (low, >=25.0 sd); Grp2 = oxide (low, >=25.0 sd); Min1 = chlorite-femg (high, 20.3 sd)"
09ATD019,fd02659c-dc3d-52ea-a8eb-c032b91e7624,28802f55-a962-5c3c-95e4-594252b909f2,d9afc2a4-6146-51b8-a896-8bfe3133d87e,21661,21806,227.0,228.0,146,0.815,4.1302,3.269,4.8203,8.78,0.3345,0.9872,25.0,normal,high,"Grp2 = oxide (low, >=25.0 sd); Grp1 = oxide (low, >=25.0 sd); Min1 = chlorite-femg (high, 19.9 sd)"
09ATD019,fd02659c-dc3d-52ea-a8eb-c032b91e7624,28802f55-a962-5c3c-95e4-594252b909f2,d9afc2a4-6146-51b8-a896-8bfe3133d87e,21807,21963,228.0,229.0,157,0.817,4.1629,3.5695,5.8498,14.32,0.3412,0.9751,25.0,normal,high,"Grp1 = oxide (low, >=25.0 sd); Grp2 = oxide (low, >=25.0 sd); Min1 = chlorite-femg (high, 20.2 sd)"
09ATD019,fd02659c-dc3d-52ea-a8eb-c032b91e7624,28802f55-a962-5c3c-95e4-594252b909f2,d9afc2a4-6146-51b8-a896-8bfe3133d87e,21964,22118,229.0,230.0,155,0.817,4.1235,3.3246,7.36,15.14,0.3428,0.9921,25.0,normal,high,"Grp1 = oxide (low, >=25.0 sd); Grp2 = oxide (low, >=25.0 sd); Min1 = chlorite-femg (high, 18.6 sd)"
09ATD019,fd02659c-dc3d-52ea-a8eb-c032b91e7624,28802f55-a962-5c3c-95e4-594252b909f2,d9afc2a4-6146-51b8-a896-8bfe3133d87e,22119,22265,230.0,231.0,147,0.823,4.0711,3.2585,7.1837,13.18,0.3417,0.9832,25.0,normal,high,"Grp1 = oxide (low, >=25.0 sd); Grp2 = oxide (low, >=25.0 sd); Min1 = chlorite-femg (high, 19.2 sd)"
09ATD019,fd02659c-dc3d-52ea-a8eb-c032b91e7624,28802f55-a962-5c3c-95e4-594252b909f2,d9afc2a4-6146-51b8-a896-8bfe3133d87e,22266,22414,231.0,232.0,149,0.81,4.1647,3.2532,5.7766,10.13,0.331,1.0162,25.0,normal,high,"Grp2 = oxide (low, >=25.0 sd); Grp1 = oxide (low, >=25.0 sd); Min1 = chlorite-femg (high, 19.8 sd)"
09ATD019,fd02659c-dc3d-52ea-a8eb-c032b91e7624,28802f55-a962-5c3c-95e4-594252b909f2,d9afc2a4-6146-51b8-a896-8bfe3133d87e,22415,22556,232.0,233.0,142,0.823,4.0753,3.3922,6.1149,10.63,0.3369,0.9771,25.0,normal,high,"Grp2 = oxide (low, >=25.0 sd); Grp1 = oxide (low, >=25.0 sd); Min1 = chlorite-femg (high, 20.8 sd)"
09ATD019,fd02659c-dc3d-52ea-a8eb-c032b91e7624,28802f55-a962-5c3c-95e4-594252b909f2,d9afc2a4-6146-51b8-a896-8bfe3133d87e,22557,22649,233.0,234.0,93,0.808,3.5701,3.1623,19.657,30.03,0.3819,1.3905,25.0,normal,high,"Grp2 = oxide (low, >=25.0 sd); Grp1 = oxide (low, >=25.0 sd); Min1 = aspectral (low, 16.6 sd)"
